# file opened: easyhdd.a80
   1  0000              ;"osetreni stavu karty (neni MBR, partition je prazdny, oddil neni FAT, atd....implementace nove VDT tabulky, jeji format je ve zdroji GUI.a80- a eji vyplneni. Zbyva vybrat user defined partisnu, tj dodat kurzor, a taky doladit degault byte, jaka tabulka se ma sama vybrat ajko auto, aby uzivatel nemusel porad jezdit kurzorem"
   2  0000
   3  0000              ;doma pushujeme
   4  0000              ;piseme: podpora 4 partisen. FAT16/FAT32
   5  0000
   6  0000              ;LMN Patch (EasyHDD) build on Dron's HDDpatch 1.62
   7  0000              ;public version for GIT
   8  0000              ;20200830 - zmena rychlosti portu z 2T na 3T. Pro CPU vetsi nez 7MHz uz CF nestiha
   9  0000              ;version 2.07
  10  0000              ;change driver identification text "HddDrive" to "HddEH207"
  11  0000              ;change/speed up splash screen, removed anykey
  12  0000              ;version 2.06
  13  0000              ; update ATA command, some was obsolete
  14  0000              ;verze 2.05
  15  0000              ; vylepseni detekce prvniho datoveho souboru, nyni se prohledava root a vypocte datovy sektor podle prvniho nalezeneho souboru mbd nebo mbh
  16  0000              ; http://www.tavi.co.uk/phobos/fat.html
  17  0000              ; detekce zda-li se jedna o disk s MBR nebo bez
  18  0000              ; oprava vypisu kapacity velkych disku
  19  0000              ;verze 2.04
  20  0000              ;-uprava pro jenom master, zato muzou byt jednotky 3-255
  21  0000              ;verze 2.03
  22  0000              ;-porty HOOD
  23  0000              ;verze 2.02
  24  0000              ;- zruseni detekce slave
  25  0000              ;- vypis rychlosti DMA prenosu
  26  0000              ;- zmena rychlosti DMA na 3T memory a 2T port
  27  0000              ;verze 2.01
  28  0000              ;- deaktivace zapisu na port #0F kvuli kolizi s SounDrive
  29  0000              ;- update 8BC logo
  30  0000              ;verze 2.00
  31  0000              ;- only for MB03+ Ultimate
  32  0000              ;- deaktivace cteni portu #0F (FDC statusu)
  33  0000              ;verze 1.06
  34  0000              ;- oprava aplikace zmeny DMA portu, navesti se projevilo jen GUI a ne v rutinach prenosu patche
  35  0000              ;- kosmeticke upravy zdrojoveho kodu
  36  0000              ;- zmena barvy copyright na fialovou
  37  0000              ;verze 1.05
  38  0000              ;- nova DMA sekvence umoznujici pouziti i originalniho Z80-DMA chipu
  39  0000              ;- oprava chyby ve zvukovem efektu
  40  0000              ;- oprava detekce jednotky @127
  41  0000              ;- upravena DMAOUT sekvence pro pouziti s originalnim Z80DMA obvodem
  42  0000              ;verze 1.04
  43  0000              ;- do VDT pridano General setting
  44  0000              ;- pri autoconfiguraci se do VDT (CHS udaje) zapisuji zjistene udaje
  45  0000              ;- vypocet prvniho datoveho sectoru
  46  0000              ;- pridany zvukove efekty (diky pro Factor6)
  47  0000              ;verze 1.03
  48  0000              ;- pridano GUI
  49  0000              ;- zobrazovani CHS a kapacity disku
  50  0000              ;- graficka uprava
  51  0000              ;-vsechny loga prevedeny do formatu SpriteEditoru typ 2
  52  0000              ;verze 1.02
  53  0000              ;- odstranen nadbytecny kod ze zdrojaku
  54  0000              ;- opraveny chyby
  55  0000              ;- prvni funkcni verze
  56  0000              ;- pridana obsluha WriteProtect a master/slave
  57  0000              ;- kontrola DMA prog. sekvence, orig. Z80DMA ready (nutno vyzkouset)
  58  0000              ;verze 1.01
  59  0000              ;- zruseny vsechny rezimy krome LBA, podpora zatim pouze master disku a wp disable
  60  0000              ;- nova VDT tabulka
  61  0000              ;verze 1.00
  62  0000              ;- upraveno pro preklad SjASM
  63  0000              ;- zrusena modifikace portu, nyni jsou porty natvrdo, pro jine je treba nova kompilace
  64  0000
  65  0000
  66  0000              ;poznamky
  67  0000              ;-pri formatovani pres ff17, se disk formatuje presto ze je WP. Chyba se projevi az na konci. Delal to i hddpatch 162.
  68  0000
  69  0000              ;pouziva dma prenosy
  70  0000              ;kapacita diskimage - 2MB
  71  0000              ;diskimage format   - 128x8x2
  72  0000              ;slave/master, write protect
  73  0000              ;------------------------------
  74  0000
  75  0000              	DEVICE ZXSPECTRUM48
  76  0000
  77  0000              		include "math_macros.a80"
# file opened: math_macros.a80
   1+ 0000              ;==============================================================================
   2+ 0000              ; EasySD - matematicka makra
   3+ 0000              ; SjASMPlus 1.20.3
   4+ 0000              ;
   5+ 0000              ; Tento soubor pouze DEFINUJE makra. Sam o sobe negeneruje zadny kod.
   6+ 0000              ; Makra obsahuji pouze telo rutiny. Navesti rutiny se uvede pri instanci:
   7+ 0000              ;
   8+ 0000              ;   MUL32x8:
   9+ 0000              ;           MATH_MUL32x8
  10+ 0000              ;
  11+ 0000              ; Lokalni navesti zacinajici teckou jsou pro kazdou expanzi makra samostatna.
  12+ 0000              ;==============================================================================
  13+ 0000              ;seznam rutin:
  14+ 0000              ;1) MUL32x8	nasobeni DEHL x A ->DEHL
  15+ 0000              ;2) ADD32_16	přičtení 16 bitoveho cisla, DEHL=DEHL+BC
  16+ 0000              ;3) SUB32_8	odečtení 8 bitoveho cisla, DEHL=DEHL-A
  17+ 0000              ;4) ADD32_32	sečtení dvou 32 bitových čísel, DEHL=první číslo, DE'HL'=druhé číslo
  18+ 0000              ;*************************************************************************************
  19+ 0000                      MACRO MATH_MUL32x8
  20+ 0000 ~                    push    ix
  21+ 0000 ~
  22+ 0000 ~                    ld      (.value),hl
  23+ 0000 ~                    ld      (.value+2),de
  24+ 0000 ~
  25+ 0000 ~                    ld      b,a
  26+ 0000 ~                    ld      ixl,8
  27+ 0000 ~
  28+ 0000 ~                    ld      de,0
  29+ 0000 ~                    ld      hl,0
  30+ 0000 ~
  31+ 0000 ~            .loop:
  32+ 0000 ~                    add     hl,hl
  33+ 0000 ~                    rl      e
  34+ 0000 ~                    rl      d
  35+ 0000 ~
  36+ 0000 ~                    sla     b
  37+ 0000 ~                    jr      nc,.next
  38+ 0000 ~
  39+ 0000 ~                    ld      a,(.value)
  40+ 0000 ~                    add     a,l
  41+ 0000 ~                    ld      l,a
  42+ 0000 ~
  43+ 0000 ~                    ld      a,(.value+1)
  44+ 0000 ~                    adc     a,h
  45+ 0000 ~                    ld      h,a
  46+ 0000 ~
  47+ 0000 ~                    ld      a,(.value+2)
  48+ 0000 ~                    adc     a,e
  49+ 0000 ~                    ld      e,a
  50+ 0000 ~
  51+ 0000 ~                    ld      a,(.value+3)
  52+ 0000 ~                    adc     a,d
  53+ 0000 ~                    ld      d,a
  54+ 0000 ~
  55+ 0000 ~            .next:
  56+ 0000 ~                    dec     ixl
  57+ 0000 ~                    jr      nz,.loop
  58+ 0000 ~
  59+ 0000 ~                    pop     ix
  60+ 0000 ~                    ret
  61+ 0000 ~
  62+ 0000 ~            .value:
  63+ 0000 ~                    ds      4
  64+ 0000                      ENDM
  65+ 0000
  66+ 0000
  67+ 0000                      MACRO MATH_ADD32_16
  68+ 0000 ~                    add     hl,bc
  69+ 0000 ~                    ret     nc
  70+ 0000 ~
  71+ 0000 ~                    inc     de
  72+ 0000 ~                    ret
  73+ 0000                      ENDM
  74+ 0000
  75+ 0000
  76+ 0000                      MACRO MATH_SUB32_8
  77+ 0000 ~                    ld      b,a
  78+ 0000 ~
  79+ 0000 ~                    ld      a,l
  80+ 0000 ~                    sub     b
  81+ 0000 ~                    ld      l,a
  82+ 0000 ~
  83+ 0000 ~                    ld      a,h
  84+ 0000 ~                    sbc     a,0
  85+ 0000 ~                    ld      h,a
  86+ 0000 ~
  87+ 0000 ~                    ld      a,e
  88+ 0000 ~                    sbc     a,0
  89+ 0000 ~                    ld      e,a
  90+ 0000 ~
  91+ 0000 ~                    ld      a,d
  92+ 0000 ~                    sbc     a,0
  93+ 0000 ~                    ld      d,a
  94+ 0000 ~
  95+ 0000 ~                    ret
  96+ 0000                      ENDM
  97+ 0000
  98+ 0000
  99+ 0000                      MACRO MATH_ADD32_32
 100+ 0000 ~                    exx
 101+ 0000 ~
 102+ 0000 ~                    push    de
 103+ 0000 ~                    push    hl
 104+ 0000 ~
 105+ 0000 ~                    exx
 106+ 0000 ~
 107+ 0000 ~                    pop     bc
 108+ 0000 ~                    add     hl,bc
 109+ 0000 ~
 110+ 0000 ~                    pop     bc
 111+ 0000 ~
 112+ 0000 ~                    ex      de,hl
 113+ 0000 ~                    adc     hl,bc
 114+ 0000 ~                    ex      de,hl
 115+ 0000 ~                    ret
 116+ 0000                      ENDM
 117+ 0000
# file closed: math_macros.a80
  78  0000
  79  0000
  80  0000              		org	32768
  81  8000              START
  82  8000              	; EasyCF 1.1: GUI.a80 zustava z 1.0/1.0.1 beze zmeny.
  83  8000              	; Viditelnou verzi v titulku prepneme pred vstupem do GUI.
  84  8000              	; TEXT1 zacina dvema ridicimi bajty a znak verze je na offsetu +11.
  85  8000 3E 31        	ld	a,'1'
  86  8002 32 EF 9F     	ld	(GUI.TEXT1+11),a
  87  8005
  88  8005              	IFDEF ELEMENT
  89  8005 ~            		; Vyber externi MB03+ a prepni jej do MB02+/BSDOS rezimu
  90  8005 ~            		; jeste pred prvnim ATA/IDENTIFY pristupem.
  91  8005 ~            		call	EL_MB02_INIT
  92  8005              	ENDIF
  93  8005 CD 92 95     		call	GUI.gui
  94  8008 C3 13 80     		jp	MAIN.INSTALL
  95  800B
  96  800B
  97  800B              	IFDEF ELEMENT
  98  800B ~            ;------------------------------------------------------------
  99  800B ~            ; eLeMeNt ZX + external MB03+: route ZXi accesses to the external
 100  800B ~            ; MB03+ and switch that interface to MB02+/BSDOS mode.
 101  800B ~            ;
 102  800B ~            ; First verify that this really is an eLeMeNt family machine.
 103  800B ~            ; e_zxi_0FF: upper nibble #E identifies the eLeMeNt family.
 104  800B ~            ; Lower nibble may change on future eLeMeNt revisions.
 105  800B ~            ;
 106  800B ~            ; g_zxi_000 = #00  -> external device (MB03+)
 107  800B ~            ; m_zxi_000 = #01  -> MB02+ / BSDOS mode
 108  800B ~            ;
 109  800B ~            ; m_zxi_002 = #03 -> Hood/EasyCF IDE mapping, verified on real MB03+ hardware.
 110  800B ~            EL_MB02_INIT
 111  800B ~            		push	af
 112  800B ~            		push	bc
 113  800B ~
 114  800B ~            		ld	bc,#783B
 115  800B ~            		ld	a,#FF
 116  800B ~            		out	(c),a
 117  800B ~            		ld	bc,#793B
 118  800B ~            		in	a,(c)
 119  800B ~            		and	#F0
 120  800B ~            		cp	#E0
 121  800B ~            		jr	nz,.done
 122  800B ~
 123  800B ~            		; Select external MB03+ in the general ZXi device selector.
 124  800B ~            		ld	bc,#7C3B
 125  800B ~            		xor	a
 126  800B ~            		out	(c),a
 127  800B ~            		ld	bc,#7D3B
 128  800B ~            		out	(c),a
 129  800B ~
 130  800B ~            		; Switch the external MB03+ to MB02+/BSDOS mode.
 131  800B ~            		ld	bc,#703B
 132  800B ~            		xor	a
 133  800B ~            		out	(c),a
 134  800B ~            		ld	bc,#713B
 135  800B ~            		ld	a,#01
 136  800B ~            		out	(c),a
 137  800B ~
 138  800B ~            		; Enable the Hood/EasyCF IDE mapping required by the ATA routines.
 139  800B ~            		; Value #03 was verified on real MB03+ hardware with working BSDOS+CF.
 140  800B ~            		ld	bc,#703B
 141  800B ~            		ld	a,#02
 142  800B ~            		out	(c),a
 143  800B ~            		ld	bc,#713B
 144  800B ~            		ld	a,#03
 145  800B ~            		out	(c),a
 146  800B ~
 147  800B ~            .done		pop	bc
 148  800B ~            		pop	af
 149  800B ~            		ret
 150  800B ~
 151  800B              	ENDIF
 152  800B
 153  800B              ;virtual (floppy)disk table
 154  800B              ;General settings
 155  800B 00           @autoinstall	db	0		;auto install (/wait for any key)
 156  800C 01           @autoconfig	db	1		;1=auto configure (automatic search for first sector & set hdd parameters to VDT)
 157  800D              ;new parameter for EasyCF. If set to 0, selection will be done manually.
 158  800D 04           @partition	db	4		;if @autoconfig=1, use partition 1-4. If not usable, use the first available from start
 159  800E 00           @showsplash	db	0		;show splash screen
 160  800F 00           @playnoise	db	0		;playnoise
 161  8010 01           		db	1		;show gui
 162  8011 00           @noverify 	db	0		;disable write verify
 163  8012 01           @dmar3		db	1		;install dma patch (oprava hodnoty dma registru R3)
 164  8013
 165  8013 ~            /* presouvame na konec RAMky
 166  8013 ~            ;master disk
 167  8013 ~            VDT		db	32,16		;Sectors/Heads
 168  8013 ~            		dw	980		;Cylinders
 169  8013 ~            		db	0		;Write protect
 170  8013 ~            		dw	128		;first LBA sector of first file on disk
 171  8013 ~
 172  8013 ~            ;slave disk
 173  8013 ~            		db	32,16		;Sectors/Heads
 174  8013 ~            		dw	980		;Cylinders
 175  8013 ~            		db	0		; Write protect
 176  8013 ~            		dw	128		; first LBA sector of first file on disk
 177  8013 ~
 178  8013 ~            VDTLEN		equ 	$-VDT
 179  8013 ~            */
 180  8013              VDTLEN		equ	256
 181  8013              ;		org	align		; "align" neni definovane navesti - puvodni radek docasne vypnut
 182  8013
 183  8013              HDD_MAIN_START		equ	#0090		;zacatek hlavniho EasyCF driveru v HDD bance
 184  8013              PIT_START		equ	#0383		;odtud zacina oblast prepisovana PIT patchem
 185  8013              CF_ROUTINES_START	equ	#F00		;ATA rutiny mimo oblast prepisovanou PIT patchem
 186  8013              WP_CATALOG_ROUTER_ADDR	equ	#22F6		;10B router pro zamek za cislem disku
 187  8013
 188  8013              ;porty HOOD
 189  8013              P_DAT		equ	195		;8'b110xx011
 190  8013              P_ERR		equ	167		;8'b101xx111
 191  8013              P_HSE		equ	203		;8'b110xx011
 192  8013              P_NSE		equ	175		;8'b101xx111
 193  8013              P_CYL		equ	211		;8'b110xx011
 194  8013              P_CYH		equ	183		;8'b101xx111
 195  8013              P_HEA		equ	219		;8'b110xx011
 196  8013              P_COM		equ	191		;8'b101xx111
 197  8013
 198  8013              ;porty hdd interface DRON
 199  8013              ;P_DAT		equ	195
 200  8013              ;P_ERR		equ	199
 201  8013              ;P_HSE		equ	203
 202  8013              ;P_NSE		equ	207
 203  8013              ;P_CYL		equ	211
 204  8013              ;P_CYH		equ	215
 205  8013              ;P_HEA		equ	219
 206  8013              ;P_COM		equ	223
 207  8013
 208  8013              ;porty hdd interface PVL
 209  8013              ;P_DAT		equ	163
 210  8013              ;P_ERR		equ	167
 211  8013              ;P_HSE		equ	171
 212  8013              ;P_NSE		equ	175
 213  8013              ;P_CYL		equ	179
 214  8013              ;P_CYH		equ	183
 215  8013              ;P_HEA		equ	187
 216  8013              ;P_COM		equ	191
 217  8013
 218  8013              ;MB02 porty
 219  8013              DMA		equ	11
 220  8013
 221  8013              ;;;;;;;;;;;;;;;;;;;;;
 222  8013              ; Instalace driveru ;
 223  8013              ;;;;;;;;;;;;;;;;;;;;;
 224  8013              	module	MAIN
 225  8013
 226  8013              ; VDT kopie pro bezici BSDOS bude fyzicky za ATA rutinami, zarovnana na xx00.
 227  8013              TAB		equ	CFroutines.BSDOS_VDT
 228  8013              TAB_DRV		equ	CFroutines.BSDOS_VDT
 229  8013
 230  8013 F3           INSTALL		di
 231  8014              	IFDEF ELEMENT
 232  8014 ~            		call	EL_MB02_INIT
 233  8014              	ENDIF
 234  8014
 235  8014              ; EasyCF 1.1: pred prepsanim CF stranky zachovej uzivatelske VDT nazvy.
 236  8014              ; Prenesou se pouze pro platny stary i novy zaznam se shodnym 4B LBA.
 237  8014 CD 7E 81     		call	PRESERVE_CF_VDT_NAMES
 238  8017
 239  8017              ;;presun fontu do HDD banky
 240  8017 21 00 3D     		ld	hl,15616
 241  801A 11 00 B1     		ld	de,endfile
 242  801D 01 00 03     		ld	bc,768
 243  8020 ED B0        		ldir
 244  8022
 245  8022              ; VDT se sem uz NEkopiruje.
 246  8022              ; Cilem je adresa v HDD/patch bance, ktera bude pripojena az pozdeji.
 247  8022 CD 9C 3C     	call #3c9c
 248  8025 21 36 81     	ld hl,zamek	;ver 1.18
 249  8028 11 E8 3C     	ld de,#3cE8
 250  802B 01 08 00     	ld bc,8
 251  802E E5           	push hl
 252  802F D5           	push de
 253  8030 C5           	push bc
 254  8031 ED B0        	ldir		;end ver 1.18
 255  8033
 256  8033 3E 61        	ld a,97
 257  8035 D3 17        	out (23),a
 258  8037
 259  8037 C1           	pop bc		;ver 1.18
 260  8038 D1           	pop de
 261  8039 E1           	pop hl
 262  803A ED B0        	ldir
 263  803C 3E 1D        	ld a,#1d	;rozsir bsdos o jeden znak, a to zamek
 264  803E 32 A1 21     	ld (#21a1),a	;end 1.18
 265  8041
 266  8041
 267  8041              ; ███████████████ MB03+ only ███████████████████████████████████████
 268  8041              		; by BusySoft
 269  8041              		; disable cteni portu #0F pro vyblokovani detekce WP z FDC
 270  8041              		; nahrada instrukce in a,(#0F) za ld a,0
 271  8041 21 0E 02     		ld	hl,#020E 	;adresa v bsdosram
 272  8044 36 3E        		ld	(hl),62		;ld a,
 273  8046 23           		inc	hl
 274  8047 36 00        		ld	(hl),0		;0
 275  8049              		; disable sending data to fdc port #0F
 276  8049              		; prepsani instrukce out(#0F),a dvema nopy
 277  8049 21 00 00     		ld	hl,0
 278  804C 22 9F 01     		ld	(#019F),hl
 279  804F 22 33 02     		ld	(#0233),hl
 280  8052              ; ███████████████ end - MB03+ only ███████████████████████████████████████
 281  8052
 282  8052 21 C0 83     		ld	hl,ADR20
 283  8055 11 14 00     		ld	de,20
 284  8058 01 0C 00     		ld	bc,12
 285  805B ED B0        		ldir
 286  805D
 287  805D 21 CC 83     		ld	hl,ADR35
 288  8060 11 23 00     		ld	de,35
 289  8063 0E 05        		ld	c,5
 290  8065 ED B0        		ldir
 291  8067
 292  8067 21 D1 83              ld   hl,ADR43		;ver 1.07, Hood
 293  806A 11 2B 00              ld   de,#2B
 294  806D 0E 03                 ld   c,3
 295  806F ED B0                 ldir			;end 1.07
 296  8071
 297  8071              ;		ld	hl,ADR43
 298  8071              ;		ld	de,43
 299  8071              ;		ld	c,5
 300  8071              ;		ldir
 301  8071
 302  8071 21 B5 83     		ld	hl,ADR62
 303  8074 11 3E 00     		ld	de,62
 304  8077 0E 0B        		ld	c,11
 305  8079 ED B0        		ldir
 306  807B
 307  807B 21 07 81     	ld hl,qform	;ver. 1.13
 308  807E 11 3A 12     	ld de,#123A
 309  8081 01 07 00     	ld bc,#7
 310  8084 ED B0        	ldir		;end 1.13
 311  8086
 312  8086
 313  8086 21 EA 1C     	ld hl,#1CEA	;ver. 1.12, nejdrive vycistime vsech 38 bajtu
 314  8089 11 EB 1C     	ld de,#1CEB
 315  808C 01 39 00     	ld bc,#39
 316  808F 2A 00 00     	ld hl,(0)
 317  8092 ED B0        	ldir
 318  8094
 319  8094 21 D6 80     	ld hl,new_r	;preneseme novou rutinu
 320  8097 11 EA 1C     	ld de,#1CEA
 321  809A 01 31 00     	ld bc,newlen
 322  809D ED B0        	ldir
 323  809F ED 53 85 82  	ld (fspldir1+1),de
 324  80A3 ED 53 04 84  	ld (FREE_JP+1),de
 325  80A7
 326  80A7              	; EasyCF 1.1: WP/lock patch shodny s odladenym EasySD 1.1.
 327  80A7              	; Zamek se tiskne primo za cislo BSDOS disku, nikoli do hlavicky katalogu.
 328  80A7 21 0E 81     	ld	hl,wp_status_call
 329  80AA 11 C3 17     	ld	de,#17C3
 330  80AD 01 08 00     	ld	bc,8
 331  80B0 ED B0        	ldir
 332  80B2 21 16 81     	ld	hl,wp_catalog_call
 333  80B5 11 F8 0D     	ld	de,#0DF8
 334  80B8 01 03 00     	ld	bc,3
 335  80BB ED B0        	ldir
 336  80BD 21 19 81     	ld	hl,wp_catalog_body
 337  80C0 11 58 03     	ld	de,#0358
 338  80C3 01 13 00     	ld	bc,WP_CATALOG_BODY_SIZE
 339  80C6 ED B0        	ldir
 340  80C8 21 2C 81     	ld	hl,wp_catalog_router
 341  80CB 11 F6 22     	ld	de,WP_CATALOG_ROUTER_ADDR
 342  80CE 01 0A 00     	ld	bc,WP_CATALOG_ROUTER_SIZE
 343  80D1 ED B0        	ldir
 344  80D3
 345  80D3 C3 79 82     	jp fspldir
 346  80D6              new_r
 347  80D6              	disp #1cea
 348  1CEA 1E 01        nr	ld e,#01
 349  1CEC CD 2D 1D     	call #1d2d	;bootrd
 350  1CEF B7           	or a
 351  1CF0 C8           	ret z
 352  1CF1 1E 00        	ld e,#00
 353  1CF3 CD 2D 1D     	call #1d2d	;bootrd
 354  1CF6 B7           	or a
 355  1CF7 C8           	ret z
 356  1CF8 CD FA 1E     cant	call #1EFA	;error
 357  1CFB 43 61 6E 27  	db	"Can",39,"t "			;39 = ´
 357  1CFF 74 20
 358  1D01 72 65 61 64  	db	"read the ",2,0
 358  1D05 20 74 68 65
 358  1D09 20 02 00
 359  1D0C
 360  1D0C              adr144_cont		;ver 1.16- zde je zbytek rutiny AAA, v miste dosu #90-#FF uz nebylo misto
 361  1D0C DA BA 00     	jp c,RDWRSEC
 362  1D0F FE 12        	cp 18
 363  1D11 CA BA 00     	jp z,RDWRSEC
 364  1D14 FE 08        	cp 8		;ver. 1.11- pri volani cteni a zapisu stopy se vrat s chybou
 365  1D16 3E 80        	ld a,#80
 366  1D18 D8           	ret c
 367  1D19              ;LOOP12   cp   7
 368  1D19              ;         jr   z,RDWRSEC
 369  1D19              ;         xor  a
 370  1D19 AF           LOOP12	xor a
 371  1D1A C9           LO11      ret		;end 1.11
 372  1D1B
 373  1D1B              newrend
 374  1D1B              newlen equ newrend-nr		;end 1.12
 375  1D1B              	ent
 376  8107
 377  8107 00           qform	nop		;ver 1.13
 378  8108 03           form3	inc bc
 379  8109 CB 58        	bit 3,b
 380  810B 00           	nop
 381  810C 28 ED        	db #28,#ed ;jr z,form2	;end 1.13
 382  810E
 383  810E              ; EasyCF 1.1 - write-protect lock in BSDOS catalog.
 384  810E              ; Cela puvodni sekvence #17C3-#17CA zustava pohromade.
 385  810E              wp_status_call
 386  810E F5           	push	af
 387  810F AF           	xor	a
 388  8110 DF           	rst	#18
 389  8111 E6 40        	and	#40
 390  8113 C2 CB 1D     	jp	nz,#1DCB
 391  8116
 392  8116              ; Nahrada puvodniho CALL #219E (SPACE) na #0DF8.
 393  8116              wp_catalog_call
 394  8116 CD F6 22     	call	WP_CATALOG_ROUTER_ADDR
 395  8119
 396  8119              ; 19B rutina na #0358 vytiskne mezeru nebo znak zamku primo za cislo disku.
 397  8119              wp_catalog_body
 398  8119 E5           	push	hl
 399  811A C5           	push	bc
 400  811B AF           	xor	a
 401  811C DF           	rst	#18
 402  811D CB 77        	bit	6,a
 403  811F 3E 20        	ld	a,#20
 404  8121 28 02        	jr	z,.print
 405  8123 3E 1D        	ld	a,#1D
 406  8125 C1           .print	pop	bc
 407  8126 E1           	pop	hl
 408  8127 C3 A0 21     	jp	#21A0
 409  812A 00 00        	block	19-($-wp_catalog_body),0
 410  812C              WP_CATALOG_BODY_SIZE	equ $-wp_catalog_body
 411  812C              	ASSERT	WP_CATALOG_BODY_SIZE = 19
 412  812C
 413  812C              ; #0DF8 se pouziva i pri tisku cisla adresare. Rozliseni podle IXH zabrani,
 414  812C              ; aby se WP rutina volala mimo tisk cisla disku. Rutina je v #22F6-#22FF.
 415  812C              wp_catalog_router
 416  812C DD 7C        	ld	a,ixh
 417  812E FE 23        	cp	#23
 418  8130 C2 9E 21     	jp	nz,#219E
 419  8133 C3 58 03     	jp	#0358
 420  8136              WP_CATALOG_ROUTER_SIZE	equ $-wp_catalog_router
 421  8136              	ASSERT	WP_CATALOG_ROUTER_ADDR+WP_CATALOG_ROUTER_SIZE = #2300
 422  8136
 423  8136              ;definice znaku zamek
 424  8136 00 3C 24 7E  zamek	defb 0,60,36,126,110,102,126,0		;end 1.18
 424  813A 6E 66 7E 00
 425  813E              ; EasyCF 1.1 katalog: zarizeni vlevo, partition vpravo.
 426  813E              ; Prostredni text se obnovi do puvodniho tvaru podle BSDOS 308 / 308b.
 427  813E              new_cat_text_308
 428  813E 43 46 20 42          defb    "CF BS-DOS 308 ** BUSY SOFT'96 P0"
 428  8142 53 2D 44 4F
 428  8146 53 20 33 30
 428  814A 38 20 2A 2A
 428  814E 20 42 55 53
 428  8152 59 20 53 4F
 428  8156 46 54 27 39
 428  815A 36 20 50 30
 429  815E              new_cat_text_308b
 430  815E 43 46 20 42          defb    "CF BS-DOS 308b * BUSY SOFT'19 P0"
 430  8162 53 2D 44 4F
 430  8166 53 20 33 30
 430  816A 38 62 20 2A
 430  816E 20 42 55 53
 430  8172 59 20 53 4F
 430  8176 46 54 27 31
 430  817A 39 20 50 30
 431  817E
 432  817E              ; -----------------------------------------------------------------------------
 433  817E              ; EasyCF 1.1 - zachovani 26znakovych uzivatelskych nazvu VDT pri reinstalaci
 434  817E              ; -----------------------------------------------------------------------------
 435  817E              ; Stary driver muze byt EasyCF 1.0/1.0.1 (EasyCF10) nebo EasyCF 1.1
 436  817E              ; (EasyCF11). Pro kazdy ze 4 CF zaznamu se jmeno prenese pouze kdyz:
 437  817E              ;   - stary zaznam je platny (INFO bit 1 = 1),
 438  817E              ;   - novy zaznam je platny (INFO bit 1 = 1),
 439  817E              ;   - vsechny 4 bajty LBA na +1..+4 jsou shodne.
 440  817E              ; Kopiruje se presne 26 bajtu nazvu z +6..+31.
 441  817E              PRESERVE_CF_VDT_NAMES
 442  817E DD E5        	push	ix
 443  8180 FD E5        	push	iy
 444  8182
 445  8182 3E 62        	ld	a,98			; EasyCF je vzdy ve fyzicke SRAM page 2
 446  8184 D3 17        	out	(23),a
 447  8186
 448  8186              	; Zachovavej pouze z rozpoznane instalace EasyCF.
 449  8186 21 08 00     	ld	hl,#0008
 450  8189 11 11 82     	ld	de,PRESERVE_EASYCF11_ID
 451  818C 06 08        	ld	b,8
 452  818E CD 01 82     	call	.compare
 453  8191 28 0D        	jr	z,.compatible
 454  8193 21 08 00     	ld	hl,#0008
 455  8196 11 09 82     	ld	de,PRESERVE_EASYCF10_ID
 456  8199 06 08        	ld	b,8
 457  819B CD 01 82     	call	.compare
 458  819E 20 58        	jr	nz,.done
 459  81A0
 460  81A0              .compatible
 461  81A0 DD 21 00 10  	ld	ix,CFroutines.BSDOS_VDT	; stara VDT v aktualne pripojene CF page
 462  81A4 FD 21 00 B0  	ld	iy,VDT			; nova VDT pripravena GUI
 463  81A8 3E 04        	ld	a,4			; CF ma P1-P4
 464  81AA              .record_loop
 465  81AA F5           	push	af
 466  81AB
 467  81AB DD CB 00 4E  	bit	1,(ix+0)		; stary zaznam musi byt pouzitelny
 468  81AF 28 3C        	jr	z,.next_record
 469  81B1 FD CB 00 4E  	bit	1,(iy+0)		; i novy zaznam musi byt pouzitelny
 470  81B5 28 36        	jr	z,.next_record
 471  81B7
 472  81B7 DD 7E 01     	ld	a,(ix+1)
 473  81BA FD BE 01     	cp	(iy+1)
 474  81BD 20 2E        	jr	nz,.next_record
 475  81BF DD 7E 02     	ld	a,(ix+2)
 476  81C2 FD BE 02     	cp	(iy+2)
 477  81C5 20 26        	jr	nz,.next_record
 478  81C7 DD 7E 03     	ld	a,(ix+3)
 479  81CA FD BE 03     	cp	(iy+3)
 480  81CD 20 1E        	jr	nz,.next_record
 481  81CF DD 7E 04     	ld	a,(ix+4)
 482  81D2 FD BE 04     	cp	(iy+4)
 483  81D5 20 16        	jr	nz,.next_record
 484  81D7
 485  81D7              	; HL = old + 6, DE = new + 6, BC = 26
 486  81D7 DD E5        	push	ix
 487  81D9 E1           	pop	hl
 488  81DA 01 06 00     	ld	bc,6
 489  81DD 09           	add	hl,bc
 490  81DE
 491  81DE FD E5        	push	iy
 492  81E0 D1           	pop	de
 493  81E1 E5           	push	hl
 494  81E2 21 06 00     	ld	hl,6
 495  81E5 19           	add	hl,de
 496  81E6 EB           	ex	de,hl
 497  81E7 E1           	pop	hl
 498  81E8
 499  81E8 01 1A 00     	ld	bc,26
 500  81EB ED B0        	ldir
 501  81ED
 502  81ED              .next_record
 503  81ED 01 20 00     	ld	bc,32
 504  81F0 DD 09        	add	ix,bc
 505  81F2 FD 09        	add	iy,bc
 506  81F4 F1           	pop	af
 507  81F5 3D           	dec	a
 508  81F6 20 B2        	jr	nz,.record_loop
 509  81F8
 510  81F8              .done
 511  81F8 3E 40        	ld	a,#40			; normalni mapovani
 512  81FA D3 17        	out	(23),a
 513  81FC FD E1        	pop	iy
 514  81FE DD E1        	pop	ix
 515  8200 C9           	ret
 516  8201
 517  8201              .compare
 518  8201 1A           	ld	a,(de)
 519  8202 BE           	cp	(hl)
 520  8203 C0           	ret	nz
 521  8204 23           	inc	hl
 522  8205 13           	inc	de
 523  8206 10 F9        	djnz	.compare
 524  8208 C9           	ret
 525  8209
 526  8209 45 61 73 79  PRESERVE_EASYCF10_ID	db	"EasyCF10"
 526  820D 43 46 31 30
 527  8211 45 61 73 79  PRESERVE_EASYCF11_ID	db	"EasyCF11"
 527  8215 43 46 31 31
 528  8219 45 53 31 31  ES11_SIGNATURE		db	"ES11"
 529  821D 45 4D 50 54  EMPTY_ENTRY_CATALOG	db	"EMPTY ENTRY               "
 529  8221 59 20 45 4E
 529  8225 54 52 59 20
 529  8229 20 20 20 20
 529  822D 20 20 20 20
 529  8231 20 20 20 20
 529  8235 20 20
 530  8237
 531  8237              ; -----------------------------------------------------------------------------
 532  8237              ; EasyCF 1.1 - prenes jmeno aktualne vybrane CF partition do BSDOS katalogu
 533  8237              ; -----------------------------------------------------------------------------
 534  8237              ; Predpoklad: BSDOS page 97 je pripojena.
 535  8237              ; @partition = 1..4. VDT zaznam ma 32 B, text je na +6..+31 (26 B).
 536  8237              ; Nulove padding bajty se meni na mezery. Zcela prazdny text se zobrazi
 537  8237              ; stejne jako ve Full Switcheru: "EMPTY ENTRY".
 538  8237              INSTALL_CF_CATALOG_NAME
 539  8237 F5           	push	af
 540  8238 C5           	push	bc
 541  8239 D5           	push	de
 542  823A E5           	push	hl
 543  823B
 544  823B 3A 0D 80     	ld	a,(@partition)
 545  823E 3D           	dec	a
 546  823F 6F           	ld	l,a
 547  8240 26 00        	ld	h,0
 548  8242 29           	add	hl,hl			; *2
 549  8243 29           	add	hl,hl			; *4
 550  8244 29           	add	hl,hl			; *8
 551  8245 29           	add	hl,hl			; *16
 552  8246 29           	add	hl,hl			; *32
 553  8247 11 06 B0     	ld	de,VDT+6
 554  824A 19           	add	hl,de			; HL = text aktivniho VDT zaznamu
 555  824B
 556  824B              	; Nejprve zjisti, zda je vsech 26 bajtu nulovych.
 557  824B E5           	push	hl
 558  824C 06 1A        	ld	b,26
 559  824E              .icn_check
 560  824E 7E           	ld	a,(hl)
 561  824F B7           	or	a
 562  8250 20 11        	jr	nz,.icn_nonempty
 563  8252 23           	inc	hl
 564  8253 10 F9        	djnz	.icn_check
 565  8255 E1           	pop	hl
 566  8256 21 1D 82     	ld	hl,EMPTY_ENTRY_CATALOG
 567  8259 11 C4 0D     	ld	de,#0DC4
 568  825C 01 1A 00     	ld	bc,26
 569  825F ED B0        	ldir
 570  8261 18 11        	jr	.icn_done
 571  8263
 572  8263              .icn_nonempty
 573  8263 E1           	pop	hl
 574  8264 11 C4 0D     	ld	de,#0DC4
 575  8267 06 1A        	ld	b,26
 576  8269              .icn_copy
 577  8269 7E           	ld	a,(hl)
 578  826A B7           	or	a
 579  826B 20 02        	jr	nz,.icn_store
 580  826D 3E 20        	ld	a,' '
 581  826F              .icn_store
 582  826F 12           	ld	(de),a
 583  8270 23           	inc	hl
 584  8271 13           	inc	de
 585  8272 10 F5        	djnz	.icn_copy
 586  8274
 587  8274              .icn_done
 588  8274 E1           	pop	hl
 589  8275 D1           	pop	de
 590  8276 C1           	pop	bc
 591  8277 F1           	pop	af
 592  8278 C9           	ret
 593  8279
 594  8279
 595  8279 21 03 84     fspldir	LD HL,FREE_JP	;ver. 1.09, ldir patche na opravu volného místa v BSDOSu 308, tento usek ponechavame i ve verzi 1.10
 596  827C 11 7A 1B     	 ld DE,FREE2
 597  827F 01 03 00     	 ld BC,3
 598  8282 ED B0                 LDIR
 599  8284              ;         LD HL,FRE2
 600  8284 11 55 00     fspldir1 ld de,#55
 601  8287              ;	 ld DE,FREEDOS	;ver. 1.12
 602  8287 01 11 00              LD BC,FREE_SPLEN
 603  828A ED B0                 LDIR		;end 1.09
 604  828C
 605  828C
 606  828C              ;set no_verify patch
 607  828C 3A 11 80     		ld	a,(@noverify)
 608  828F B7           		or	a
 609  8290 28 18        		jr	z,verifyyes
 610  8292
 611  8292 3A CA 13     		ld	a,(#13CA)
 612  8295 FE CD        		cp	205
 613  8297 20 11        		jr	nz,verifyyes	;alespon nejaka kontrola, jesli se upravuje spravne misto
 614  8299
 615  8299              ;uprava dle BUSYho
 616  8299 3E 21        		ld	a,#21
 617  829B 32 CA 13     		ld	(#13CA),a	;patch ROM obsluhy #04C6
 618  829E 3A 47 14     		ld	a,(#1447)
 619  82A1 FE CD        		cp	205
 620  82A3 20 05        		jr	nz,verifyyes	;alespon nejaka kontrola, jesli se upravuje spravne misto
 621  82A5 3E C3        		ld	a,#C3
 622  82A7 32 47 14     		ld	(#1447),a	;patch sluzby #25 SAVEX
 623  82AA
 624  82AA              ;noverify podle drona ; proc se skace na adresu 62?
 625  82AA              ;(lebo je tam test, ktory pre drajvy @1-@4 povoli verify a pre drajvy @5 a vyssie ho zakaze)
 626  82AA              ;		ld	a,205
 627  82AA              ;		ld	(#13CA),a
 628  82AA              ;		ld	hl,62
 629  82AA              ;		ld	(#13CA+1),hl
 630  82AA
 631  82AA              verifyyes
 632  82AA              ;dmapatch; uprava cele DMA sekvence pro pouziti i originalniho Z80-DMA chipu
 633  82AA 3A 12 80     		ld	a,(@dmar3)
 634  82AD B7           		or	a
 635  82AE 28 2E        		jr	z,dmano
 636  82B0
 637  82B0 3A BA 01     		ld	a,(#1BA)
 638  82B3 FE C3        		cp	#C3
 639  82B5 20 27        		jr	nz,dmano 	;alespon nejaka kontrola, jesli se upravuje spravne misto
 640  82B7 3A BB 01     		ld	a,(#1BB)
 641  82BA FE C7        		cp	#C7
 642  82BC 20 20        		jr	nz,dmano 	;alespon nejaka kontrola, jesli se upravuje spravne misto
 643  82BE
 644  82BE              ;prepsani sekvence
 645  82BE 21 A4 83     		ld	hl,ADR442
 646  82C1 11 BA 01     		ld	de,#1BA		;442
 647  82C4 01 11 00     		ld	bc,17
 648  82C7 ED B0        		ldir
 649  82C9
 650  82C9              ;prepsani odkazu do nove sekvence
 651  82C9              ;		ld	a,#1c8
 652  82C9 3E C8        		ld	a,#C8
 653  82CB 32 48 01     		ld	(#148),a
 654  82CE 32 66 01     		ld	(#166),a
 655  82D1              ;		ld	a,#1bc
 656  82D1 3E BC        		ld	a,#BC
 657  82D3 32 44 01     		ld	(#144),a
 658  82D6 32 62 01     		ld	(#162),a
 659  82D9              ;		ld	a,#1BE
 660  82D9 3E BE        		ld	a,#BE
 661  82DB 32 B7 01     		ld	(#1B7),a
 662  82DE              dmano
 663  82DE 21 17 84     		ld	hl,SEM
 664  82E1 11 90 00     		ld	de,HDD_MAIN_START
 665  82E4 01 70 00     		ld	bc,112
 666  82E7 ED B0        		ldir
 667  82E9
 668  82E9              ; EasyCF 1.1: udaje v rozich katalogu, stejne jako ve spolecnem 1.1 systemu.
 669  82E9              ; #DC1-#DC2 = "CF", #DDF-#DE0 = "P1".."P4".
 670  82E9              ; Pri prechodu primo ze stareho EasyCF 1.0 muze byt znak verze BSDOS
 671  82E9              ; (mezera / 'b') presunut na #DD1; proto kontrolujeme obe pozice.
 672  82E9 3A CE 0D             ld      a,(#DCE)
 673  82EC FE 62                cp      'b'
 674  82EE CA 04 83             jp      z,CATALOG_USE_308B
 675  82F1 FE 20                cp      ' '
 676  82F3 CA FE 82             jp      z,CATALOG_USE_308
 677  82F6 3A D1 0D             ld      a,(#DD1)
 678  82F9 FE 62                cp      'b'
 679  82FB CA 04 83             jp      z,CATALOG_USE_308B
 680  82FE
 681  82FE              CATALOG_USE_308
 682  82FE 21 3E 81             ld      hl,new_cat_text_308
 683  8301 C3 07 83             jp      CATALOG_COPY_HEADER
 684  8304
 685  8304              CATALOG_USE_308B
 686  8304 21 5E 81             ld      hl,new_cat_text_308b
 687  8307
 688  8307              CATALOG_COPY_HEADER
 689  8307 11 C1 0D             ld      de,#DC1
 690  830A 01 20 00             ld      bc,32
 691  830D ED B0                ldir
 692  830F
 693  830F 3A 0D 80             ld      a,(@partition)
 694  8312 C6 30                add     a,'0'
 695  8314 32 E0 0D             ld      (#DE0),a               ; pravy roh P1-P4
 696  8317
 697  8317 3E 62        		ld	a,98
 698  8319 D3 17        		out	(23),a
 699  831B
 700  831B 21 D4 83     		ld	hl,ADR16
 701  831E 11 00 00     		ld	de,0
 702  8321 01 2F 00     		ld	bc,33+8+6	;ver 1.07, end 1.07
 703  8324              ;bez inir
 704  8324 ED B0        		ldir
 705  8326
 706  8326 21 FB C9     		ld	hl,201*256+251
 707  8329 22 38 00     		ld	(56),hl
 708  832C
 709  832C 21 87 84     		ld	hl,SEM1
 710  832F 11 90 00     		ld	de,144
 711  8332              ;		ld	bc,LEN
 712  8332 01 49 02     		ld	bc,LEN_MAIN
 713  8335 ED B0        		ldir
 714  8337
 715  8337 11 00 0F     		ld	de,CF_ROUTINES_START
 716  833A 01 A0 00     		ld	bc,LEN_CF
 717  833D ED B0        		ldir
 718  833F
 719  833F              ; Ted je stale pripojena HDD/patch banka (98).
 720  833F              ; Preneseme pracovni VDT na zarovnanou adresu za ATA rutinami.
 721  833F 21 00 B0     		ld	hl,VDT
 722  8342 11 00 10     		ld	de,CFroutines.BSDOS_VDT
 723  8345 D5           		push	de
 724  8346 01 00 01     		ld	bc,VDTLEN
 725  8349 ED B0        		ldir
 726  834B
 727  834B
 728  834B 3A 0D 80     		ld	a,(@partition)		;umistime vybrany 1. sektor do rutiny TST_DRV
 729  834E 3D           		dec	a			;zatim jen podle zaznamu v autoconfigu, ale chce to inteligentnejsi vyber
 730  834F
 731  834F 6F           		ld	l,a
 732  8350 26 00        		ld	h,0
 733  8352
 734  8352 29               		add     hl,hl            ; *2
 735  8353 29                   	add     hl,hl            ; *4
 736  8354 29           	        add     hl,hl            ; *8
 737  8355 29                   	add     hl,hl            ; *16
 738  8356 29           	        add     hl,hl            ; *32
 739  8357
 740  8357 D1           		pop	de
 741  8358 19                   	add     hl,de            ; HL = adresa vybraneho 32B zaznamu
 742  8359 23           		inc	hl		;jsme na LBA sektoru
 743  835A
 744  835A 4E                   ld      c,(hl)          ; LBA byte 0
 745  835B 23                   inc     hl
 746  835C 46                   ld      b,(hl)          ; LBA byte 1
 747  835D 23                   inc     hl
 748  835E
 749  835E ED 43 6B 02          ld      (current_1st_sector+1),bc
 750  8362
 751  8362 4E                   ld      c,(hl)          ; LBA byte 2
 752  8363 23                   inc     hl
 753  8364 46                   ld      b,(hl)          ; LBA byte 3
 754  8365
 755  8365 ED 43 6E 02          ld      (current_1st_sector+4),bc	;ulozili jsme vybrane LBA primo do rutiny TST_DRV
 756  8369
 757  8369
 758  8369              ;mezera na PIT103
 759  8369
 760  8369              ;presun fontu do HDD banky
 761  8369 21 00 B1     		ld	hl,endfile
 762  836C 11 00 3D     		ld	de,15616
 763  836F 01 00 03     		ld	bc,768
 764  8372 ED B0        		ldir
 765  8374
 766  8374              ;------------------------------------------------------------
 767  8374              ; EasyCF 1.1 - rezidentni stav spolecneho systemu pro hotovy Switcher 1.1.
 768  8374              ; Full Switcher rozlisuje legacy samostatne EasyCF od systemu 1.1 podpisem
 769  8374              ; "ES11" v BSDOS page 97. EasyCF 1.1 proto po uspesne instalaci ulozi:
 770  8374              ;   ACTIVE_PAGE = 98 (CF), ACTIVE_DEVICE = 0 (CF),
 771  8374              ;   SD page/partition = 0, CF partition = 1..4, podpis = "ES11".
 772  8374              ; Bankovni most na #001B-#0020 uz EasyCF obsahuje a zustava beze zmeny.
 773  8374 3E 61        		ld	a,97
 774  8376 D3 17        		out	(23),a
 775  8378 3E 62        		ld	a,98
 776  837A 32 1C 00     		ld	(#001C),a		; operand LD A,n v dispatcheru = CF page
 777  837D AF           		xor	a
 778  837E 32 32 00     		ld	(#0032),a		; ACTIVE_DEVICE = CF
 779  8381 32 33 00     		ld	(#0033),a		; PAGE_SD = zatim neni nainstalovana
 780  8384 32 34 00     		ld	(#0034),a		; SD1 partition = none
 781  8387 32 35 00     		ld	(#0035),a		; SD2 partition = none
 782  838A 3A 0D 80     		ld	a,(@partition)
 783  838D 32 90 3C     		ld	(#3C90),a		; CF partition P1-P4
 784  8390
 785  8390              ; EasyCF 1.1: hned po instalaci zobraz v BSDOS katalogu jmeno aktivni
 786  8390              ; CF partition z VDT. Full Switcher pak vidi stejne jmeno jeste pred prvni
 787  8390              ; editaci. Zdroj VDT je v hlavni RAM, cil #0DC4..#0DDD v BSDOS page 97.
 788  8390 CD 37 82     		call	INSTALL_CF_CATALOG_NAME
 789  8393
 790  8393 21 19 82     		ld	hl,ES11_SIGNATURE
 791  8396 11 91 3C     		ld	de,#3C91
 792  8399 01 04 00     		ld	bc,4
 793  839C ED B0        		ldir
 794  839E
 795  839E              ;------------------------------------------------------------
 796  839E              ; Vystup z EasyCF
 797  839E              ; ELEMENT: korektni start BSDOSu pres systemovou sluzbu #30.
 798  839E              ;          Pokud AUTOSYS neni nalezen / vrati se, provedeme
 799  839E              ;          velky 128K reset pres BSROM (BusySoft).
 800  839E              ; MB03+:   puvodni zpusob ukonceni zustava beze zmeny.
 801  839E              ;
 802  839E              ; Pri buildu pro eLeMeNt definuj symbol ELEMENT.
 803  839E              	IFDEF ELEMENT
 804  839E ~            		ld	a,97		; BSDOS banka 1, zapis povolen
 805  839E ~            		out	(23),a
 806  839E ~            		ld	a,1		; aktualni BSDOS disk @1
 807  839E ~            		ld	(#03EE),a
 808  839E ~            		ld	a,#30		; BSDOS service #30 START
 809  839E ~            		rst	#20		; pokud se AUTOSYS nenajde, sluzba se vrati
 810  839E ~            		call	GUI.AUTOSYS_NOT_FOUND
 811  839E ~            		call	#3C98		; prepne na BSROM + zakaz zapisu
 812  839E ~            		xor	a
 813  839E ~            		jp	#3978		; velky 128K reset (BSROM 1.18/1.40)
 814  839E              	ELSE
 815  839E 3E 40        		ld	a,%01000000
 816  83A0 D3 17        		out	(23),a
 817  83A2 FB           		ei
 818  83A3 C9           		ret
 819  83A4              	ENDIF
 820  83A4
 821  83A4              ;------------------------------
 822  83A4              ;------------------------------
 823  83A4              ADR442
 824  83A4 C3           		db	$c3		;stop DMA
 825  83A5 79           		db	$79		;r0 must be temporary B->A for Zilog DMA
 826  83A6 55 55        		dw	$5555		;rd:kam
 827  83A8 FF FF        		dw	$ffff		;dlzka
 828  83AA 14           		db	$14		;r1
 829  83AB 28           		db	$28		;r2
 830  83AC 80           		db	$80		;r3
 831  83AD 8D           		db	$8d		;r4
 832  83AE 6F 00        		dw	$006f		;rd:odkud (fdd)
 833  83B0 92           		db	$92		;r5 Zmena:Enable wait state
 834  83B1 CF           		db	$cf		;zapis udajov do kanalu B
 835  83B2 01           		db	$01		;r0 rd:B->A wr:A->B
 836  83B3 CF 87        		db	$cf,$87		;zapis udajov,start
 837  83B5
 838  83B5              ;------------------------------
 839  83B5              ;------------------------------
 840  83B5              ;adresa 62 v dos_bnk
 841  83B5              ADR62
 842  83B5 4F           		ld	c,a		;test, jestli je treba verify
 843  83B6 3A EF 03     		ld	a,(#03EF)	;to pujde do dosu urcite
 844  83B9 FE 05        		cp	5
 845  83BB 79           		ld	a,c
 846  83BC D0           		ret	nc
 847  83BD C3 63 14     		jp	#1463
 848  83C0
 849  83C0              ;------------------------------
 850  83C0              ;------------------------------
 851  83C0
 852  83C0              ;adresa 20 v dos_bnk
 853  83C0              ;hdd_bnk musi byt dos_bnk+1
 854  83C0
 855  83C0              ADR20
 856  83C0 70           		ld	(hl),b		;zapis bajtu do dos_bnk
 857  83C1 3C           		inc	a		;to by se melo taky hodit jinam
 858  83C2 D3 17        		out	(23),a
 859  83C4 C3 90 00     		jp	144
 860  83C7
 861  83C7              ;adresa 27
 862  83C7 3E 62        		ld	a,98		;prestrankovani do patch_bnk
 863  83C9 D3 17        		out	(23),a
 864  83CB C9           		ret
 865  83CC
 866  83CC              ;------------------------------
 867  83CC              ;------------------------------
 868  83CC
 869  83CC              ;adresa 35 v dos_bnk
 870  83CC
 871  83CC              ADR35
 872  83CC ED 41        		out	(c),b		;start dma prenosu a prestrankovani z5
 873  83CE 3C           		inc	a
 874  83CF D3 17        		out	(23),a
 875  83D1
 876  83D1              ADR43			;ver.1.07, vycteni bajtu z DOSu z adresy HL do B, Hood
 877  83D1 46           	ld b,(hl)
 878  83D2 18 F7        	db 24, 247	;jr #25, bajt mas v B, skoc zpet do hdd banky na ADR35, instrukci inc a, end 1.07
 879  83D4
 880  83D4              ;------------------------------
 881  83D4              ;------------------------------
 882  83D4
 883  83D4              ;adresa 43 v dos_bnk
 884  83D4
 885  83D4              ;ADR43
 886  83D4              ;		inir			;puvodni non-dma prenos
 887  83D4              ;		inc	a
 888  83D4              ;		out	(23),a
 889  83D4
 890  83D4              ;------------------------------
 891  83D4              ;------------------------------
 892  83D4
 893  83D4              ;------------------------------
 894  83D4              ;------------------------------
 895  83D4
 896  83D4              ;adresa 16 v hdd_bnk
 897  83D4
 898  83D4              ;INIR		equ	41
 899  83D4              OTIR		equ	33
 900  83D4
 901  83D4              ADR16
 902  83D4 F3           		di
 903  83D5 AF           		xor	a
 904  83D6 11 FF FF     		ld	de,65535
 905  83D9 C3 05 00     		jp	5
 906  83DC 45 61 73 79  		db	"EasyCF10"		; EasyCF 1.1: kompatibilitni interni ID pro hotovy Full Switcher 1.1
 906  83E0 43 46 31 30
 907  83E4              ;		db	"EasySD10"
 908  83E4              ;		db	"HddEH207"
 909  83E4
 910  83E4 3E 61        		ld	a,97
 911  83E6 D3 17        		out	(23),a
 912  83E8 70           		ld	(hl),b
 913  83E9 3C           		inc	a
 914  83EA D3 17        		out	(23),a
 915  83EC C9           		ret
 916  83ED 00           		nop
 917  83EE 00           		nop
 918  83EF
 919  83EF              ;adr27 - route to hdd_bnk
 920  83EF 3E 61        		ld	a,97
 921  83F1 D3 17        		out	(23),a
 922  83F3 18 6F        		db	24,111		;jr	144
 923  83F5
 924  83F5              ;adr33 - route to otir
 925  83F5              ;musi byt ld  a,97
 926  83F5              ;a taky ld bc,data_port
 927  83F5 D3 17        		out	(23),a
 928  83F7 ED 79        		out	(c),a
 929  83F9 3C           		inc	a
 930  83FA D3 17        		out	(23),a
 931  83FC C9           		ret
 932  83FD
 933  83FD D3 17        v1      out (23),a	;ver 1.07, vycteni bajtu z DOSu z adresy v HL do B, Hood
 934  83FF 3E 61        vycti   ld a,97		;ADR43rutina bude vypadat: ld hl,adresa:call vycti: B=vycteny bajt
 935  8401 18 FA                 db 24, 250	;jr v1;skok na v1;end 1.07
 936  8403
 937  8403
 938  8403              ;adr41
 939  8403              ;musi byt ld  a,97
 940  8403              ;a taky ld bc,data_port
 941  8403              ;		out	(23),a
 942  8403              ;		inir
 943  8403              ;		inc	a
 944  8403              ;		out	(23),a
 945  8403              ;		ret
 946  8403
 947  8403              ;------------------------------
 948  8403              ;------------------------------
 949  8403              			;ver. 1.09, patch na opravu vypoctu volneho mista, v pripade ze formatujeme maximalni mozny format pro BSDOS308, t.j. 128x8x2
 950  8403              ;adr856 (#358)		;ver. 1.10
 951  8403              ;FREEDOS EQU #358	;ver. 1.12, ver. 1.10,here we place the patch
 952  8403              FREE2   EQU #1B7A	;routine that will be repaired
 953  8403
 954  8403 C3 55 00     FREE_JP JP #55		;to be placed on #1B7A(FREE2)
 955  8406              ;FR2
 956  8406              ;	PHASE FREEDOS	;ver. 1.12
 957  8406 23           FRE2 INC HL		;to be placed at free space on #1CFB
 958  8407 F5                   PUSH AF
 959  8408 7C                   LD A,H
 960  8409 FE 34                CP #34
 961  840B 30 06                JR NC,YES
 962  840D F1                   POP AF
 963  840E A3                   AND E
 964  840F 3C                   INC A
 965  8410 C3 7D 1B             JP #1B7D
 966  8413 F1           YES     POP AF
 967  8414 C3 7F 1B             JP #1B7F
 968  8417              FREE_SPEND
 969  8417              FREE_SPLEN=FREE_SPEND-FRE2
 970  8417              ;	DEPHASE		;ver. 1.12
 971  8417              PATCHEND		;end ver. 1.09
 972  8417
 973  8417              ;------------------------------
 974  8417              ;------------------------------
 975  8417
 976  8417              ;adresa 144 v dos_bnk
 977  8417
 978  8417
 979  8417              SEM
 980  8417              		DISP	144
 981  0090              ;;		DISP	SEM
 982  0090              ;;		put	SEM
 983  0090
 984  0090
 985  0090              ADR144D
 986  0090 E5           		push	hl
 987  0091 21 FF 00     		ld	hl,255
 988  0094 77           		ld	(hl),a
 989  0095 2B           		dec	hl
 990  0096 E3           		ex	(sp),hl
 991  0097
 992  0097 FE 0C        		cp	12
 993  0099              ;		jr	z,PRYC
 994  0099 38 04        		jr	c,SKIP1
 995  009B FE 0F        		cp	15
 996  009D 38 3E        		jr	c,SLUZ1214
 997  009F              SKIP1
 998  009F FE 12        		cp 18		;ver. 1.16, WRENA probehne pouze pokud byla predtim volana sluzba AKTIVE, vraci v a=0 pokud probehne, pokud ne, vraci 18
 999  00A1 28 08        		jr z,ACT	;end 1.16
1000  00A3
1001  00A3 FE 10        		cp	16
1002  00A5 28 2B        		jr	z,SETMLT
1003  00A7 FE 0F        		cp	15
1004  00A9 D0           		ret	nc
1005  00AA B7           		or	a
1006  00AB C9           ACT		ret
1007  00AC
1008  00AC 33           		inc	sp
1009  00AD 33           		inc	sp
1010  00AE              AAA
1011  00AE 28 0A        		jr	z,RDWRSEC
1012  00B0 FE 04        		cp	4
1013  00B2 DA 19 1D     		jp	c,LOOP12
1014  00B5 FE 06        		cp	6
1015  00B7 C3 0C 1D     		jp	adr144_cont	;ver 1.16, skok na #1DOC, zbytek rutiny umistujeme za patch volneho mista v dosu
1016  00BA              ;	cp 8		;ver. 1.11- pri volani cteni a zapisu stopy se vrat s chybou
1017  00BA              ;	ld a,#80
1018  00BA              ;	jr c,LO11
1019  00BA              ;LOOP12   cp   7
1020  00BA              ;         jr   z,RDWRSEC
1021  00BA              ;         xor  a
1022  00BA              ;LOOP12	xor a
1023  00BA              ;LO11      ret		;end 1.11
1024  00BA
1025  00BA
1026  00BA E5           RDWRSEC		push	hl
1027  00BB D5           		push	de
1028  00BC 47           		ld	b,a
1029  00BD ED 73 C8 00  		ld	(SP_ST+1),sp
1030  00C1 31 80 00     		ld	sp,128		;!!!
1031  00C4 CD 1B 00     		call	27		;rutina v im2 by radeji nemela strankovat rom...
1032  00C7 31 00 00     SP_ST		ld	sp,0		;im1 fpohode, nmi nevim
1033  00CA C5           		push	bc
1034  00CB CD D1 00     RUT		call	NIC
1035  00CE F1           		pop	af
1036  00CF D1           		pop	de
1037  00D0 E1           		pop	hl
1038  00D1 C9           NIC		ret
1039  00D2
1040  00D2
1041  00D2 7C           SETMLT		ld	a,h
1042  00D3 B5           		or	l
1043  00D4 20 03        		jr	nz,LOOP14
1044  00D6 21 D1 00     		ld	hl,NIC
1045  00D9 22 CC 00     LOOP14		ld	(RUT+1),hl
1046  00DC C9           		ret
1047  00DD
1048  00DD
1049  00DD              SLUZ1214
1050  00DD D5           		push	de
1051  00DE E5           		push	hl
1052  00DF 47           		ld	b,a
1053  00E0 ED 73 C8 00  		ld	(SP_ST+1),sp
1054  00E4 31 80 00     		ld	sp,128
1055  00E7 CD 1B 00     		call	27
1056  00EA ED 7B C8 00  		ld	sp,(SP_ST+1)
1057  00EE 78           		ld	a,b
1058  00EF E1           		pop	hl
1059  00F0 B7           		or	a
1060  00F1 20 03        		jr	nz,NO_NFO
1061  00F3 33           		inc	sp
1062  00F4 33           		inc	sp
1063  00F5 D5           		push	de
1064  00F6              NO_NFO
1065  00F6 D1           		pop	de
1066  00F7 FE FF        		cp	255
1067  00F9 C8           		ret	z
1068  00FA              ;nz=hned se vrat
1069  00FA              ;z=predej dal
1070  00FA              PRYC
1071  00FA 33           		inc	sp
1072  00FB 33           		inc	sp
1073  00FC C9           		ret
1074  00FD
1075  00FD              ;         nop		;oba nopy vyhodit, zvetsila se nam rutina AAA
1076  00FD 00                    nop		;ver 1.18
1077  00FE
1078  00FE              A1_254
1079  00FE 3E 55        		ld	a,85
1080  0100              ;tady je uz adresa 256
1081  0100
1082  0100
1083  0100              ;------------------------------
1084  0100              ; HDD banka
1085  0100              ;------------------------------
1086  0100              					ent
1087  8487
1088  8487
1089  8487              SEM1     	;equ	$-ADR144D+SEM
1090  8487              		disp	144
1091  0090              ;;		DISP	SEM1
1092  0090              ;;		put	SEM1
1093  0090
1094  0090              ;adresa 144 v hdd_bnk
1095  0090
1096  0090              ;tabulku musime presouvat jinam, protoze leze do kodu PITa
1097  0090 ~            /*
1098  0090 ~            KKK
1099  0090 ~            		jp	PRESKOC
1100  0090 ~
1101  0090 ~            TAB		equ	$-KKK+SEM1
1102  0090 ~            TAB_DRV
1103  0090 ~            		block	VDTLEN
1104  0090 ~            */
1105  0090              ;; obsluha sluzeb bsdosu
1106  0090              PRESKOC
1107  0090 E5           		push	hl
1108  0091 21 B5 00     		ld	hl,RET
1109  0094 E3           		ex	(sp),hl
1110  0095
1111  0095 78           		ld	a,b
1112  0096
1113  0096 FE 0C        		cp	12
1114  0098 28 35        		jr	z,AKTIVE1
1115  009A FE 0D        		cp	13
1116  009C 28 27        		jr	z,PASIVE1
1117  009E FE 0E        		cp	14
1118  00A0 28 17        		jr	z,INFO1
1119  00A2
1120  00A2 FE 04        		cp	4
1121  00A4              ; zmena, nyni se skace pouze na rutiny LBA
1122  00A4              ;SET_RDM
1123  00A4 CA 8E 01     		jp	z,RD_SEC2
1124  00A7 FE 05        		cp	5
1125  00A9              ; zmena, nyni se skace pouze na rutiny LBA
1126  00A9
1127  00A9              ;SET_WRM1
1128  00A9 CA C5 01     		jp	z,WR_SEC2
1129  00AC              ;        cp   7			;ver. 1.11
1130  00AC              ;        jp   z,WR_TRK		;end 1.11
1131  00AC FE 12        	cp 18			;ver 1.16
1132  00AE 28 73        	jr z,WRENA		;end 1.16
1133  00B0 B7           	or a		;ver 1.18
1134  00B1 28 78        	jr z,bios_reset
1135  00B3 AF                    xor  a
1136  00B4
1137  00B4 C9                    ret
1138  00B5
1139  00B5
1140  00B5              RET
1141  00B5 47           		ld	b,a
1142  00B6 C3 1B 00     		jp	27
1143  00B9
1144  00B9
1145  00B9              ;---------
1146  00B9
1147  00B9 7B           INFO1		ld	a,e
1148  00BA CD 5B 02     		call	TST_DRV
1149  00BD 3E FF        		ld	a,255
1150  00BF C8           		ret	z
1151  00C0 11 09 FF      	        ld de,#FF09	        ;ver. 1.08, vracime v D pocet stop a v E do bitu 3 davame BS-DOSu info, ze se jedna o IDE zarizeni
1152  00C3              ;      		ld   de,128*256+3	;end 1.08, puv. hodnota ve verzi 1.05
1153  00C3 AF           		xor	a
1154  00C4 C9           		ret
1155  00C5
1156  00C5              ;---------
1157  00C5
1158  00C5 3E C9        PASIVE1		ld	a,201
1159  00C7 21 AB 00     		ld	hl,ACT
1160  00CA 47           		ld	b,a
1161  00CB D7           		rst	16
1162  00CC 3E FF        		ld	a,255
1163  00CE C9           		ret
1164  00CF
1165  00CF              ;---------
1166  00CF
1167  00CF CD C5 00     AKTIVE1		call	PASIVE1
1168  00D2 7B           		ld	a,e
1169  00D3 32 E5 00     		ld (curd+1),a		;ver 1.16, end 1.16
1170  00D6
1171  00D6 CD 5B 02     		call	TST_DRV
1172  00D9 3E FF        		ld	a,255
1173  00DB C8           		ret	z
1174  00DC AF           		xor	a
1175  00DD 21 AB 00     		ld	hl,ACT
1176  00E0 47           		ld	b,a
1177  00E1 D7           		rst	16
1178  00E2              ;sem umistit vycteni boot sektoru	;ver 1.14
1179  00E2              ;	ld hl,rd512_1			;pro tento ucel treba patchnout rutinu RD512, aby nacitala sektor boot do stranky EH, nasledujici pouky pouzit tehdy, kdyz potrebuju cist do stranky EH
1180  00E2              ;	ld a,#ed
1181  00E2              ;	ld (hl),a
1182  00E2              ;	inc hl
1183  00E2              ;	ld a,#41
1184  00E2              ;	ld (hl),a
1185  00E2              ;	ld hl,mbbootsec		;adresa kam vycist boot sektor
1186  00E2
1187  00E2 3E 00        lastd	ld a,0			;ver 1.16, tady je cislo disku, se kterym se naposledy pracovalo. Pokud je AKTIVE volan se stale jednim a tim samym diskem, pak se nebude dit vycitani boot sektoru na #3800. Je to proto, protoze bsdos si na #3800 kesuje napr. DIRs sektor, a pocita s tim, ze disk nebyl vymenen a ze ten DIRs sektor na #3800 stale ma. No a pokud mu ho pokazde premazeme boot sektorem, tak pri SEARCH vyhodi chybu.
1188  00E4 1E 55        curd	ld e,#55		;je porovnavan posledni disk a soucasny disk. Pokud pracujeme s diskem poprve, vykonej sluzbu komplet (tzn. vycti boot sektor na #3800 a vycti z nej oba udaje) a zapamatuj si cislo disku. Pokud pracujeme s diskem, se kterym jsme uz pracovali, nic nedelej a vrat se s a=2.
1189  00E6 BB           	cp e
1190  00E7 7B           	ld a,e
1191  00E8 28 36        	jr z,akret
1192  00EA 32 E3 00     	ld (lastd+1),a		;end 1.16
1193  00ED
1194  00ED 3E C9        	ld a,#C9
1195  00EF 32 B3 01     	ld (rds2),a		;v RD_SEC2 nebudeme nic menit, jde jen o nacteni bootu
1196  00F2 21 00 38     	ld hl,#3800		;ctu do bufferu pro jeden sektor v bsdosu
1197  00F5 11 01 00     	ld de,1			;boot sektor
1198  00F8 CD 8E 01     	call RD_SEC2
1199  00FB              ;	ld a,(mbbootsec+6)
1200  00FB F5           	push af
1201  00FC 3E C0        	ld a,#C0		;nastav RD_SEC2 aby pri nacteni boot sektoru na jakoukoliv adresu opravila bit write protectu, aby bsdos umel s timto diskem pracovat a nehazel chybu
1202  00FE 32 B3 01     	ld (rds2),a		;end 1.15
1203  0101 F1           	pop af
1204  0102 B7           	or a
1205  0103 3E 01        	ld a,1
1206  0105 C0           	ret nz			;vrat se ze sluzby AKTIVE s priznakem DISK NOT READY, pokud pri cteni sektoru nastala jakakoliv chyba
1207  0106 21 06 38     	ld hl,#3806		;vyctu pocet sektoru z boot sektoru z dosu
1208  0109 CD 2B 00     	call 43
1209  010C 78           	ld a,b
1210  010D 32 52 01     	ld (sctrk+1),a
1211  0110
1212  0110 21 0A 38     	ld hl,#380A		;ver 1.15, vyctu info o writeprotectu. 7.bit=0= zapis povolen, 1= zapis zakazan
1213  0113 CD 2B 00     	call 43
1214  0116 CB 78        	bit 7,b
1215  0118 3E 40        	ld a,%01000000		;ver 1.18, rovnou nastavime status WP pro BSDOS
1216  011A 20 01        	jr nz,ak1
1217  011C AF           	xor a			;nastavime WP interne pro EH
1218  011D              ;ak1	ld (TAB_DRV+4),a
1219  011D              ;	ld (TAB_DRV+4+(VDTLEN/2)),a
1220  011D 32 C6 01     ak1	ld (WR_PROT+1),a
1221  0120              ;	ld hl,rd512_1		;vrat puvodni hodnoty
1222  0120              ;	ld a,#cd
1223  0120              ;	ld (hl),a
1224  0120              ;	inc hl
1225  0120              ;	ld a,#21
1226  0120              ;	ld (hl),a	;end ver 1.14
1227  0120 3E 02        akret	ld   a,2
1228  0122 C9                    ret
1229  0123
1230  0123              ;--------------------
1231  0123
1232  0123 AF           WRENA xor a			;ver 1.16, sluzba WRENA nastavi interne EH na prepis boot sektoru, i kdyz ma na offsetu #A, zakazany zapis, slouzi pro vypnuti write protectu
1233  0124 32 C6 01     	ld (WR_PROT+1),a
1234  0127 32 E3 00     	ld (lastd+1),a
1235  012A C9           	ret			;end 1.16
1236  012B              ;------------------------------
1237  012B
1238  012B              bios_reset		;ver 1.18
1239  012B 21 22 02     	ld hl,#222
1240  012E CD 2B 00     	call 43
1241  0131 48           	ld c,b
1242  0132 2B           	dec hl
1243  0133 CD 2B 00     	call 43
1244  0136 3A C6 01     	ld a,(WR_PROT+1)	;v A nam sluzba AKTIVE primo nastavuje hotovy status pro BSDOS
1245  0139 C9           	ret		;end ver 1.18
1246  013A              ;------------------------------
1247  013A
1248  013A
1249  013A
1250  013A              ;------------------------------
1251  013A              ;vypocita log.cislo sektoru
1252  013A              ;z udaju pro disketu
1253  013A              ;hl se nezmeni, udaj je vlozen
1254  013A              ;primo do rutiny prepoc
1255  013A              ;SECT_NUM
1256  013A              ;
1257  013A              ;         push hl
1258  013A              ;         ld   l,d
1259  013A              ;         ld   h,0
1260  013A              ;         add  hl,hl
1261  013A              ;         add  hl,hl
1262  013A              ;         add  hl,hl
1263  013A              ;         add  hl,hl
1264  013A              ;*16
1265  013A              ;         ld   a,e
1266  013A              ;         dec  a
1267  013A              ;         and  %00000111
1268  013A              ;         bit  7,e
1269  013A              ;         jr   z,RDS1
1270  013A              ;         or   %00001000
1271  013A              ;RDS1
1272  013A              ;         or   l
1273  013A              ;         ld   l,a
1274  013A
1275  013A              ;hl = log. cislo sectoru
1276  013A              ;     pocita se od 0
1277  013A
1278  013A              ;ver 1.07, radne pocitani cisla sektoru, napsal Busy
1279  013A              SECT_NUM           ;Vstup: DE = fyzicke cislo sektora z BSDOSu
1280  013A E5                   push hl
1281  013B 21 06 23             ld hl,#2306
1282  013E CD 2B 00             call 43       ;skok na rutinu vycti
1283  0141 78                   ld a,b
1284  0142 32 52 01             ld (sctrk+1),a
1285  0145 AF                   xor a
1286  0146 47                   ld b,a
1287  0147 4A                   ld c,d
1288  0148 68                   ld l,b
1289  0149 60                   ld h,b
1290  014A 50                   ld d,b
1291  014B 7B                   ld a,e
1292  014C 83                   add a,e
1293  014D CB 11                rl c
1294  014F CB 10                rl b         ;BC=2*stopa+strana
1295  0151 3E 55        sctrk ld a,#55 ;A=sectrk
1296  0153 09           nasob   add hl,bc
1297  0154 3D                   dec a
1298  0155 20 FC                jr nz,nasob  ;hl=sectrk*(2*stopa+strana)
1299  0157 CB BB                res 7,e
1300  0159 1D                   dec e        ;e=sektor-1
1301  015A 19                   add hl,de    ;hl=sectrk*(2*stopa+strana)+(sektor-1)
1302  015B 29                   add hl,hl    ;hl=2*(sectrk*(2*stopa+strana)+(sektor-1))	;end 1.07
1303  015C
1304  015C              ;jeste se vynasobi dvema
1305  015C              ;harddisk ma sektor 512 bajtu
1306  015C              ;musime precist dva sektory
1307  015C
1308  015C 22 69 01     		ld	(PREPOC+1),hl
1309  015F 7C           		ld	a,h
1310  0160 E1           		pop	hl
1311  0161 E6 F0        		and	%11110000
1312  0163 C8           		ret	z
1313  0164
1314  0164 3E 10        		ld	a,%00010000
1315  0166 B7           		or	a
1316  0167 C9           		ret
1317  0168              ;seek error (zapis za hranici)
1318  0168              ;------------------------------
1319  0168
1320  0168              ;;;;;;;;;;;;;;;;;;;;;;;;;;;;;;;
1321  0168              ;pricte sector vyzadovany bsdosem k prvnimu LBA sectoru dane disk. jednotku
1322  0168              ;;;;;;;;;;;;;;;;;;;;;;;;;;;;;;;
1323  0168              PREP_LBA
1324  0168 21 00 00     PREPOC		ld	hl,0
1325  016B 11 00 00     LOW24		ld	de,0
1326  016E 19           		add	hl,de
1327  016F 11 00 00     HIG24		ld	de,0
1328  0172 30 01        		jr	nc,PREP2
1329  0174 13           		inc	de
1330  0175              ;b - hlavicka 219
1331  0175              ;c - sektor 207
1332  0175              ;de - cyl  e - 211, d -215
1333  0175              PREP2
1334  0175 EB           		ex	de,hl
1335  0176              ; vystup pro ATA rutiny:
1336  0176              ; HL = horni 16 bitu LBA, DE = dolni 16 bitu LBA
1337  0176 C9           		ret
1338  0177
1339  0177              ; fyzicke cteni sectoru
1340  0177              READ1				;cteni jednoho 1024B sektoru BSDOSu z CF
1341  0177              ; vstup: IX=buffer, HL=horni 16 bitu LBA, DE=dolni 16 bitu LBA
1342  0177 C3 00 0F     	jp	@CFroutines.READ1
1343  017A
1344  017A
1345  017A ~            /*
1346  017A ~            READ1
1347  017A ~            		call	TST_BSY
1348  017A ~            		jp	nz,ERROR
1349  017A ~            		ld	a,b
1350  017A ~            ; nyni je navrdo LBA nastavuje se v rut. TST_DRV
1351  017A ~            HEA_RD1		or	%11100000
1352  017A ~            		out	(P_HEA),a
1353  017A ~            ;cislo hlavicky
1354  017A ~
1355  017A ~            		ld	a,2
1356  017A ~            		out	(P_HSE),a
1357  017A ~            ;pocet sektoru
1358  017A ~
1359  017A ~            		ld	a,c
1360  017A ~            		out	(P_NSE),a
1361  017A ~            ;cislo sektoru od 1
1362  017A ~
1363  017A ~            		ld	a,e
1364  017A ~            		out	(P_CYL),a
1365  017A ~            		ld	a,d
1366  017A ~            		out	(P_CYH),a
1367  017A ~            ;cislo cylindru
1368  017A ~
1369  017A ~            		ld	a,#20
1370  017A ~            ;		ld	a,#21		;LMN - #21 obsolete command
1371  017A ~            		out	(P_COM),a
1372  017A ~            ;read with retries
1373  017A ~
1374  017A ~            		call	TST_BSY
1375  017A ~            		jr	nz,ERROR
1376  017A ~
1377  017A ~            		call	RD_512
1378  017A ~
1379  017A ~            		call	TST_ERR
1380  017A ~            		jr	nz,ERROR
1381  017A ~
1382  017A ~            		call	TST_BSY
1383  017A ~            		jr	nz,ERROR
1384  017A ~
1385  017A ~            		call	RD_512
1386  017A ~
1387  017A ~            		call	TST_ERR
1388  017A ~            		jr	nz,ERROR
1389  017A ~
1390  017A ~            		xor	a
1391  017A ~            		ret
1392  017A ~            */
1393  017A              ;------------------------------
1394  017A              ; fyzicky zapis sectoru
1395  017A              WRITE1
1396  017A              ; vstup: IX=buffer, HL=horni 16 bitu LBA, DE=dolni 16 bitu LBA
1397  017A C3 35 0F     	jp	@CFroutines.WRITE1
1398  017D
1399  017D
1400  017D ~            /*
1401  017D ~            WRITE1
1402  017D ~
1403  017D ~            		call	TST_BSY
1404  017D ~            		jr	nz,ERROR
1405  017D ~
1406  017D ~            		ld	a,b
1407  017D ~            ; nyni je navrdo LBA nastavuje se v rut. TST_DRV
1408  017D ~            HEA_WR1		or	%11100000
1409  017D ~            		out	(P_HEA),a
1410  017D ~            ;hlavicka
1411  017D ~
1412  017D ~            		ld	a,2
1413  017D ~            		out	(P_HSE),a
1414  017D ~            ;pocet sektoru
1415  017D ~            		ld	a,c
1416  017D ~            		out	(P_NSE),a
1417  017D ~            ;cislo sektoru od 1
1418  017D ~            		ld	a,e
1419  017D ~            		out	(P_CYL),a
1420  017D ~            		ld	a,d
1421  017D ~            		out	(P_CYH),a
1422  017D ~            ;cislo cylindru
1423  017D ~            		ld	a,#30
1424  017D ~            ;		ld	a,#31		;LMN - #31 obsolete command
1425  017D ~            		out	(P_COM),a
1426  017D ~            ;write with retries
1427  017D ~
1428  017D ~            		call	TST_BSY
1429  017D ~            		jr	nz,ERROR
1430  017D ~
1431  017D ~            		call	WR_512
1432  017D ~
1433  017D ~            		call	TST_BSY
1434  017D ~            		jr	nz,ERROR
1435  017D ~            		call	TST_ERR
1436  017D ~            		jr	nz,ERROR
1437  017D ~
1438  017D ~            		call	WR_512
1439  017D ~
1440  017D ~            		call	TST_BSY
1441  017D ~            		jr	nz,ERROR
1442  017D ~            		call	TST_ERR
1443  017D ~            		jr	nz,ERROR
1444  017D ~
1445  017D ~
1446  017D ~            		xor	a
1447  017D ~            		ret
1448  017D ~            */
1449  017D              ;------------------------------
1450  017D              ; fyzicky zapis tracku		;ver 1.11- vyhozen pryc, v praci s hdd netreba
1451  017D              ;
1452  017D              ;WR_TRK
1453  017D              ;		ld	a,e
1454  017D              ;		and	128
1455  017D              ;		ld	e,a
1456  017D              ;		xor	a
1457  017D              ;WTRK1
1458  017D              ;		inc	e
1459  017D              ;		push	de
1460  017D              ;		push	hl
1461  017D              ;		push	af
1462  017D              ; zmena, nyni se skace pouze na rutiny LBA
1463  017D              ;SET_WRM2
1464  017D              ;		call	WR_SEC2
1465  017D              ;		pop	af
1466  017D              ;		pop	hl
1467  017D              ;		ld	de,1024
1468  017D              ;		add	hl,de
1469  017D              ;		pop	de
1470  017D              ;		inc	a
1471  017D              ;		cp	9
1472  017D              ;pocet sektoru -1
1473  017D              ;		jr	nz,WTRK1
1474  017D              ;
1475  017D              ;		ret		;end 1.11
1476  017D
1477  017D              ERROR
1478  017D FE FF        		cp	255
1479  017F 20 03        		jr	nz,ERR1
1480  0181 3E 01        		ld	a,1
1481  0183 C9           		ret
1482  0184              ERR1
1483  0184 E6 53        		and	%01010011
1484  0186 28 03        		jr	z,ERR2
1485  0188 3E 08        		ld	a,8
1486  018A C9           		ret
1487  018B              ERR2
1488  018B 3E 80        		ld	a,128
1489  018D C9           		ret
1490  018E
1491  018E              ;------------------------------
1492  018E              ;-------- LBA MODE 010 --------
1493  018E              ;------------------------------
1494  018E
1495  018E              RD_SEC2
1496  018E              ; prepocita log. cislo BSDOS diskety na log. cislo hdd
1497  018E 22 A9 01     	ld (rdadr+1),hl			;ver 1.15- opatreni write protectu, oprava a nahrada verzi 1.16
1498  0191 ED 53 AC 01  	ld (rds1+1),de
1499  0195
1500  0195 CD 3A 01     		call	SECT_NUM
1501  0198 C0           		ret	nz
1502  0199
1503  0199              ; pricte pozadovany pocet LBA sektoru
1504  0199              ; HL je adresa bufferu, proto ji dame rovnou do IX.
1505  0199              ; PREP_LBA pak vrati LBA primo jako HLDE pro ATA rutiny.
1506  0199 DD E5        		push	ix
1507  019B E5           		push	hl
1508  019C DD E1        		pop	ix
1509  019E CD 68 01     		call	PREP_LBA
1510  01A1              ; cte
1511  01A1 CD 77 01     		call	READ1
1512  01A4 DD E1        		pop	ix
1513  01A6 B7           	or a		;ver 1.17
1514  01A7 C0           	ret nz		;vrat se, doslo-li pri cteni k chybe
1515  01A8 21 55 55     rdadr	ld hl,#5555	;nove ver 1.16, oprava push/popu. V HL a DE budou adresa pameti a fyzicky sektor posledniho cteni.
1516  01AB 11 55 55     rds1	ld de,#5555
1517  01AE 1B           	dec de
1518  01AF 7A           	ld a,d
1519  01B0 B3           	or e
1520  01B1 3E 00        	ld a,0		;signalizace cteni bez chyby
1521  01B3 C0           rds2	ret nz		;ret nz=#C0, ret=#C9. Ver 1.17 default je #C0=RET NZ
1522  01B4 7C           	ld a,h		;ver 1.17
1523  01B5 FE 40        	cp #40
1524  01B7 30 0A        	jr nc,rds3	;nahravame do RAM>#4000, takze nic v boot sektoru menit nebudeme
1525  01B9              			;nahravame boot sektor do dosu, a tam menit info o WP budeme, end 1.17
1526  01B9 11 0A 00     	ld de,#A
1527  01BC 19           	add hl,de
1528  01BD CD 2B 00     	call 43
1529  01C0 CB B8        	res 7,b
1530  01C2 D7           	rst 16
1531  01C3 AF           rds3	xor a
1532  01C4
1533  01C4 C9           		ret
1534  01C5
1535  01C5              ;------------------------------
1536  01C5
1537  01C5              WR_SEC2
1538  01C5              ;		ld	a,(WR_PROT+1)
1539  01C5              ;zde se testoval write protect, musi se dodelat
1540  01C5 3E 00        WR_PROT 	ld	a,0
1541  01C7 B7           		or	a
1542  01C8 3E 40        		ld	a,%01000000 ; status pro Bsdos - writeprotect
1543  01CA C0           		ret	nz
1544  01CB
1545  01CB CD 3A 01     		call	SECT_NUM
1546  01CE C0           		ret	nz
1547  01CF
1548  01CF              ; HL je adresa bufferu -> IX, PREP_LBA vrati LBA primo jako HLDE
1549  01CF DD E5        		push	ix
1550  01D1 E5           		push	hl
1551  01D2 DD E1        		pop	ix
1552  01D4 CD 68 01     		call	PREP_LBA
1553  01D7
1554  01D7 CD 7A 01     		call	WRITE1
1555  01DA DD E1        		pop	ix
1556  01DC
1557  01DC C9           		ret
1558  01DD
1559  01DD
1560  01DD              ;------------------------------
1561  01DD              ;---- END OF LBA MODE 010 -----
1562  01DD              ;------------------------------
1563  01DD
1564  01DD              ;------------------------------
1565  01DD
1566  01DD              TST_BSY
1567  01DD E5           		push	hl
1568  01DE C5           		push	bc
1569  01DF 21 00 00     		ld	hl,0
1570  01E2
1571  01E2              TST1
1572  01E2 2B           		dec	hl
1573  01E3 7D           		ld	a,l
1574  01E4 B4           		or	h
1575  01E5 28 0D        		jr	z,TOUT1
1576  01E7 DB BF        P84		in	a,(P_COM)
1577  01E9 3C           		inc	a
1578  01EA 28 FB        		jr	z,P84
1579  01EC 3D           		dec	a
1580  01ED CB 7F        		bit	7,a
1581  01EF 20 F1        		jr	nz,TST1
1582  01F1 C1           		pop	bc
1583  01F2 E1           		pop	hl
1584  01F3 C9           		ret
1585  01F4              TOUT1
1586  01F4 3E FF        		ld	a,255
1587  01F6 B7           		or	a
1588  01F7 C1           		pop	bc
1589  01F8 E1           		pop	hl
1590  01F9 C9           		ret
1591  01FA
1592  01FA              ;------------------------------
1593  01FA
1594  01FA              TST_ERR
1595  01FA DB BF        P85		in	a,(P_COM)
1596  01FC 3C           		inc	a
1597  01FD 28 FB        		jr	z,P85
1598  01FF 3D           		dec	a
1599  0200 E6 01        		and	1
1600  0202 C8           		ret	z
1601  0203 DB A7        		in	a,(P_ERR)
1602  0205 C9           		ret
1603  0206
1604  0206              ;------------------------------
1605  0206
1606  0206              ;------------------------------
1607  0206
1608  0206
1609  0206              RD_512
1610  0206 22 29 02     		ld	(DMA_ADR1),hl
1611  0209 E5           		push	hl
1612  020A 21 1F 02     		ld	hl,DMA_IN
1613  020D              ;		ld	bc,14*256+DMA
1614  020D 01 0B 0F     		ld	bc,((DMA_INEND-DMA_IN)*256)+DMA
1615  0210 ED B3        		otir
1616  0212 3E 61        		ld	a,97
1617  0214 06 87        		ld	b,#87
1618  0216 CD 21 00     		call	OTIR
1619  0219              ; start DMA transfer
1620  0219 E1           		pop	hl
1621  021A 01 00 02     		ld	bc,512
1622  021D 09           		add	hl,bc
1623  021E C9           		ret
1624  021F
1625  021F C3           DMA_IN		db	195		;WR6-reset
1626  0220 7D           		db	%01111101	;WR0 A->B, transfer
1627  0221 C3 00        		dw	P_DAT		;source port
1628  0223 FF 01        		dw	511		;lenght
1629  0225
1630  0225              ;		db	%00101100	;WR1 A-port,A-fixed
1631  0225 6C           		db	%01101100	;WR1 A-port,A-fixed,variable cycle
1632  0226              ;		db	%11001110 	;2T no early cycle ends
1633  0226 CD           		db	%11001101 	;3T no early cycle ends
1634  0227
1635  0227 10           		db	%00010000	;WR2 B-memory, B-increment - standard cycle
1636  0228              ;		db	%01010000	;WR2 B-memory, B-increment,variable cycle
1637  0228              ;		db	%11001110	;2T no early cycle ends
1638  0228
1639  0228 AD           		db	%10101101	;WR4 continuous,
1640  0229 00 00        DMA_ADR1	dw	0		;destination
1641  022B 92           		db	%10010010	;WR5 ready low,CE/WAIT,stop on end of block
1642  022C CF           		db	#CF		;WR6 load
1643  022D B3           		db	#B3		;WR6 force ready
1644  022E              DMA_INEND
1645  022E              ;-------------
1646  022E
1647  022E              WR_512
1648  022E 22 54 02     		ld	(DMA_ADR2),hl
1649  0231 E5           		push	hl
1650  0232 21 49 02     		ld	hl,DMA_OUT
1651  0235 01 0B 12     		ld	bc,((DMA_OUTEND-DMA_OUT)*256)+DMA
1652  0238 3E 61        		ld	a,97
1653  023A ED B3        		otir
1654  023C 3E 61        		ld	a,97
1655  023E 06 87        		ld	b,#87
1656  0240 CD 21 00     		call	OTIR
1657  0243 E1           		pop	hl
1658  0244 01 00 02     		ld	bc,512
1659  0247 09           		add	hl,bc
1660  0248 C9           		ret
1661  0249              ; nova sekvence o pro DMAOUT kompatibilni s orig. Z80DMA
1662  0249              DMA_OUT
1663  0249 C3           		db	#C3		;WR6-reset
1664  024A 01           		db	%00000001	;WR0-Temporarily declare Port B as source in WR0 (bit 2 = 0)
1665  024B
1666  024B 14           		db	%00010100	;WR1-PA memory,increment, - standard cycle
1667  024C              ;		db	%01010100	;WR1-PA memory,increment,variable cycle
1668  024C              ;		db	%11001110	;2T no early cycle ends
1669  024C
1670  024C              ;		db	%00101000	;WR2-PB io, fixed,
1671  024C 68           		db	%01101000	;WR2-PB io, fixed, variable cycle
1672  024D              ;		db	%11001110	;2T no early cycle ends
1673  024D CD           	    db	%11001101 	;3T no early cycle ends
1674  024E
1675  024E 80           		db	%10000000	;WR3
1676  024F AD           		db	%10101101	;WR4-Write Port B (fixed destination) address to WR4.
1677  0250 C3 00        		dw	P_DAT
1678  0252 CF           		db	#CF		;WR6-load
1679  0253 7D           		db	%01111101	;WR0-transfer,portAtoB,block length
1680  0254 00 00        DMA_ADR2	dw	0
1681  0256 FF 01        		dw	511
1682  0258 92           		db	%10010010	;WR5-stop on end,/CE/WAIT,Ready low
1683  0259 CF           		db	#CF		;WR6-load
1684  025A B3           		db	#B3		;WR6-force ready
1685  025B              DMA_OUTEND
1686  025B
1687  025B              ;DMA_out	db	195
1688  025B              ; reset
1689  025B
1690  025B              ;		db	#C7
1691  025B              ; reset PA timing
1692  025B              ;		db	#CB
1693  025B              ; reset PB timing
1694  025B
1695  025B              ;		db	%01111101	;WR0 transfer,portA,block length
1696  025B              ;DMA_ADR2	dw	0
1697  025B              ;		dw	511
1698  025B              ; transfer,PA->PB
1699  025B              ; start adr
1700  025B              ; block length
1701  025B              ;		db	%00010100	;WR1
1702  025B              ; PA is memory,inc
1703  025B              ;		db	%00101000	;WR2
1704  025B              ; PB is IO,fixed
1705  025B
1706  025B              ;		db	%11000100
1707  025B              ; ?
1708  025B
1709  025B              ;		db	%10101101	;WR4
1710  025B              ;		dw	P_DAT
1711  025B              ; continuous
1712  025B              ; starting address
1713  025B              ;		db	%10010010	;WR5
1714  025B              ; stop on end,/CE/WAIT,Ready lo
1715  025B              ;		db	#CF		;WR6
1716  025B              ; load
1717  025B              ;		db	#B3
1718  025B              ; force ready
1719  025B
1720  025B              ;------------------------------
1721  025B
1722  025B              ; tady se musi podle cisla disk. jednotky (napr. @4) urcit master/slave a cislo LBA sectoru
1723  025B              ; 3-127 master
1724  025B              ; 131-255 slave
1725  025B              ; 0,1,2,128,129,130 ret z a mozna a=0 jako nepouzite jednotky
1726  025B              ;;uprava pro pouziti na MB03+ kde je jenom master, zato muzou byt jednotky 3-255
1727  025B              TST_DRV
1728  025B
1729  025B 57           		ld	d,a		;schovam a
1730  025C B7           		or	a		;disk 0 je neplatny, ostatni jsou ok
1731  025D              ;		inc	a
1732  025D              ;;		jr	z,slave		;@255 je OK a je slave
1733  025D              ;;		jr	master		;zatim natvrdo, pak vyresit, aby disky 0,1,2 fungovaly
1734  025D              ;;;		jr	z,master	;@255 je OK
1735  025D              ;;					and %01111111
1736  025D              ;;					jr z,master ;@127 je OK
1737  025D              ;;					and %01111100
1738  025D              ;;		and	%11111100
1739  025D              ;;		ret	z		;test jednotek 0,1,2,128,129,130 ret z
1740  025D C8           		ret	z		;; jednotky 0,1,2
1741  025E              ;;		bit	7,d		;test master/slave
1742  025E              ;;		jr	nz,slave
1743  025E
1744  025E
1745  025E ~            /*
1746  025E ~            ;master		ld	hl,TAB_DRV+1	;VDT tabulka
1747  025E ~            		ld	a,(hl)
1748  025E ~            		or	a
1749  025E ~            		ret	z		;master disk neexistuje, testuje se pocest sectoru disku uvedeneho v VDT
1750  025E ~            		push	hl		;VDT tabulka
1751  025E ~            */
1752  025E              ;		ld	a,%11100000
1753  025E              ;		ld	(HEA_RD1+1),a	;davame pryc zatim, pro SD verzi
1754  025E              ;		ld	(HEA_WR1+1),a	;nastaveni master	;davame pryc zatim, pro SD verzi
1755  025E
1756  025E              ;		ld a,(TAB_DRV+4)	;ver 1.16- zruseno, obsluha WP byla presunuta do rutiny AKTIVE
1757  025E              ;		ld (WR_PROT+1),a ; nastaveni WriteProtect, end 1.16
1758  025E
1759  025E 7A           		ld	a,d
1760  025F 3D           		dec	a		;snizime, abychom se dostali na spravny disk. Zaciname diskem 1.
1761  0260
1762  0260 11 00 00     		ld	de,0
1763  0263 21 00 10     		ld	hl,4096		;4096x512=delka jednoho MBD image
1764  0266 CD 7D 02     		call	MUL32x8
1765  0269              					;DEHL= vysledek
1766  0269 D9           		exx
1767  026A ~            /*
1768  026A ~            ;		ld	hl,VDT+1	;zatim to bereme z prvni partisny, vyresit
1769  026A ~            ;		inc	hl
1770  026A ~            		pop	hl
1771  026A ~            		ld	c,(hl)
1772  026A ~            		inc	hl
1773  026A ~            		ld	b,(hl)
1774  026A ~            		inc	hl
1775  026A ~            		ld	e,(hl)
1776  026A ~            		inc	hl
1777  026A ~            		ld	d,(hl)
1778  026A ~            		ld	l,c
1779  026A ~            		ld	h,b
1780  026A ~            */
1781  026A              current_1st_sector			;dulezite, tady je aktualne vybrana partisna/1 datovy sektor
1782  026A 21 55 55     		ld	hl,#5555	;nizsi LBA
1783  026D 11 55 55     		ld	de,#5555	;vyssi LBA
1784  0270
1785  0270 CD CD 02     		call	ADD32_32
1786  0273 22 6C 01     		ld	(LOW24+1),hl
1787  0276 ED 53 70 01  		ld	(HIG24+1),de
1788  027A AF           		xor	a		;set NZ
1789  027B 3C           		inc	a
1790  027C C9           		ret
1791  027D
1792  027D ~            /*piseme pro EasySD- pro 32 bajtove pocitani
1793  027D ~            ;		dec	a		;dulezite, temito dvema dec a snizujeme disky od 1
1794  027D ~            ;		dec	a
1795  027D ~            		dec	a		;odecteme 3 protoze HDD jednotky zacinaji az od 3
1796  027D ~            ; A je cislo jednotky uz od nuly napr. 1 (odpovida jednotce @4)
1797  027D ~
1798  027D ~            		ld	l,a
1799  027D ~            		ld	h,0
1800  027D ~            		ld	d,h
1801  027D ~            		add	hl,hl
1802  027D ~            		add	hl,hl
1803  027D ~            		add	hl,hl
1804  027D ~            		add	hl,hl
1805  027D ~            ; A je vynasobeno 16 a ulozeno do HL (16*256=4096 LBA sertoru= 2MB na jednotku)
1806  027D ~
1807  027D ~            		ld	a,(TAB_DRV+6)
1808  027D ~            		ld	e,a
1809  027D ~            ; vytahneme z VDT vyssi byte adresy prvniho sectoru prvni jednotky, mel by to byt zaroven prvni sector prvniho souboru na HDD
1810  027D ~
1811  027D ~            		add	hl,de
1812  027D ~            ; pricteme k L
1813  027D ~            		ld	a,(TAB_DRV+5)
1814  027D ~            		ld	e,a
1815  027D ~            ; vytahneme z VDT nizsi byte adresy
1816  027D ~
1817  027D ~            		ld	d,l
1818  027D ~            		ld	l,h
1819  027D ~            		ld	h,0
1820  027D ~            ; spravne usporadame pro LBA24 (registry lde)
1821  027D ~            		ld	(LOW24+1),de
1822  027D ~            		ld	(HIG24+1),hl
1823  027D ~
1824  027D ~            		ld	a,e
1825  027D ~            		or	d
1826  027D ~            		or	l
1827  027D ~            ; jeste test jestli lde<>0, je v podstate zbytecny, ale musi byt nz
1828  027D ~            		ret
1829  027D ~            */
1830  027D
1831  027D ~            /*
1832  027D ~            ;slave rusime, bude jen 1 karta, zatim
1833  027D ~            ; ted to same pro slave
1834  027D ~            slave		ld	hl,TAB_DRV+(VDTLEN/2)
1835  027D ~            		ld	a,(hl)
1836  027D ~            		or	a
1837  027D ~            		ret	z		;slave disk neexistuje
1838  027D ~
1839  027D ~            		ld	a,%11110000
1840  027D ~            ;;;		ld	(HEA_RD1+1),a	;davame pryc zatim, pro SD verzi
1841  027D ~            ;;;		ld	(HEA_WR1+1),a	;nastaveni slave	;davame pryc zatim, pro SD verzi
1842  027D ~
1843  027D ~            ;		ld a,(TAB_DRV+4+(VDTLEN/2))	;ver 1.16- zruseno, obsluha WP byla presunuta do rutiny AKTIVE
1844  027D ~            ;		ld (WR_PROT+1),a ; nastaveni WriteProtect, end 1.16
1845  027D ~
1846  027D ~            		res	7,d		;slave nutno zrusit bit 7
1847  027D ~            		ld	a,d
1848  027D ~            		dec	a
1849  027D ~            		dec	a
1850  027D ~            		dec	a		;odecteme 3 protoze HDD jednotky zacinaji az od 3
1851  027D ~            ; A je cislo jednotky uz od nuly napr. 1 (odpovida jednotce @4)
1852  027D ~
1853  027D ~            		ld	l,a
1854  027D ~            		ld	h,0
1855  027D ~            		ld	d,h
1856  027D ~            		add	hl,hl
1857  027D ~            		add	hl,hl
1858  027D ~            		add	hl,hl
1859  027D ~            		add	hl,hl
1860  027D ~            ; A je vynasobeno 16 a ulozeno do HL (16*256=4096 LBA sertoru= 2MB na jednotku)
1861  027D ~
1862  027D ~            		ld	a,(TAB_DRV+6+(VDTLEN/2))
1863  027D ~            		ld	e,a
1864  027D ~            ; vytahneme z VDT vyssi byte adresy prvniho sectoru prvni jednotky, mel by to byt zaroven prvni sector prvniho souboru na HDD
1865  027D ~
1866  027D ~            		add	hl,de
1867  027D ~            ; pricteme k L
1868  027D ~            		ld	a,(TAB_DRV+5+(VDTLEN/2))
1869  027D ~            		ld	e,a
1870  027D ~            ; vytahneme z VDT nizsi byte adresy
1871  027D ~
1872  027D ~            		ld	d,l
1873  027D ~            		ld	l,h
1874  027D ~            		ld	h,0
1875  027D ~            ; spravne usporadame pro LBA24 (registry lde)
1876  027D ~            		ld	(LOW24+1),de
1877  027D ~            		ld	(HIG24+1),hl
1878  027D ~
1879  027D ~            		ld	a,e
1880  027D ~            		or	d
1881  027D ~            		or	l
1882  027D ~            ; jeste test jestli lde<>0, je v podstate zbytecny, ale musi byt nz
1883  027D ~            		ret
1884  027D ~            konec ruseni slave*/
1885  027D
1886  027D              ;------------------------------------------------------------------------------
1887  027D              ; Matematicke rutiny - fyzicka kopie pro hlavni cast EasySD (MODULE MAIN)
1888  027D              ;------------------------------------------------------------------------------
1889  027D              MUL32x8:
1890  027D              	MATH_MUL32x8
1890  027D DD E5       >        push    ix
1890  027F             >
1890  027F 22 B4 02    >        ld      (.value),hl
1890  0282 ED 53 B6 02 >        ld      (.value+2),de
1890  0286             >
1890  0286 47          >        ld      b,a
1890  0287 DD 2E 08    >        ld      ixl,8
1890  028A             >
1890  028A 11 00 00    >        ld      de,0
1890  028D 21 00 00    >        ld      hl,0
1890  0290             >
1890  0290             >.loop:
1890  0290 29          >        add     hl,hl
1890  0291 CB 13       >        rl      e
1890  0293 CB 12       >        rl      d
1890  0295             >
1890  0295 CB 20       >        sla     b
1890  0297 30 14       >        jr      nc,.next
1890  0299             >
1890  0299 3A B4 02    >        ld      a,(.value)
1890  029C 85          >        add     a,l
1890  029D 6F          >        ld      l,a
1890  029E             >
1890  029E 3A B5 02    >        ld      a,(.value+1)
1890  02A1 8C          >        adc     a,h
1890  02A2 67          >        ld      h,a
1890  02A3             >
1890  02A3 3A B6 02    >        ld      a,(.value+2)
1890  02A6 8B          >        adc     a,e
1890  02A7 5F          >        ld      e,a
1890  02A8             >
1890  02A8 3A B7 02    >        ld      a,(.value+3)
1890  02AB 8A          >        adc     a,d
1890  02AC 57          >        ld      d,a
1890  02AD             >
1890  02AD             >.next:
1890  02AD DD 2D       >        dec     ixl
1890  02AF 20 DF       >        jr      nz,.loop
1890  02B1             >
1890  02B1 DD E1       >        pop     ix
1890  02B3 C9          >        ret
1890  02B4             >
1890  02B4             >.value:
1890  02B4 00 00 00 00 >        ds      4
1891  02B8
1892  02B8              ADD32_16:
1893  02B8              	MATH_ADD32_16
1893  02B8 09          >        add     hl,bc
1893  02B9 D0          >        ret     nc
1893  02BA             >
1893  02BA 13          >        inc     de
1893  02BB C9          >        ret
1894  02BC
1895  02BC              SUB32_8:
1896  02BC              	MATH_SUB32_8
1896  02BC 47          >        ld      b,a
1896  02BD             >
1896  02BD 7D          >        ld      a,l
1896  02BE 90          >        sub     b
1896  02BF 6F          >        ld      l,a
1896  02C0             >
1896  02C0 7C          >        ld      a,h
1896  02C1 DE 00       >        sbc     a,0
1896  02C3 67          >        ld      h,a
1896  02C4             >
1896  02C4 7B          >        ld      a,e
1896  02C5 DE 00       >        sbc     a,0
1896  02C7 5F          >        ld      e,a
1896  02C8             >
1896  02C8 7A          >        ld      a,d
1896  02C9 DE 00       >        sbc     a,0
1896  02CB 57          >        ld      d,a
1896  02CC             >
1896  02CC C9          >        ret
1897  02CD
1898  02CD              ADD32_32:
1899  02CD              	MATH_ADD32_32
1899  02CD D9          >        exx
1899  02CE             >
1899  02CE D5          >        push    de
1899  02CF E5          >        push    hl
1899  02D0             >
1899  02D0 D9          >        exx
1899  02D1             >
1899  02D1 C1          >        pop     bc
1899  02D2 09          >        add     hl,bc
1899  02D3             >
1899  02D3 C1          >        pop     bc
1899  02D4             >
1899  02D4 EB          >        ex      de,hl
1899  02D5 ED 4A       >        adc     hl,bc
1899  02D7 EB          >        ex      de,hl
1899  02D8 C9          >        ret
1900  02D9
1901  02D9              LEN_MAIN	equ	$-HDD_MAIN_START
1902  02D9              	ASSERT	HDD_MAIN_START+LEN_MAIN <= PIT_START
1903  02D9
1904  02D9              		ent
1905  86D0
1906  86D0              	endmodule	; MAIN
1907  86D0
1908  86D0
1909  86D0              		disp	CF_ROUTINES_START
1910  0F00              	module	CFroutines
1911  0F00
1912  0F00              ; Cteni jednoho 1024B sektoru BSDOSu jako dva po sobe jdouci ATA sektory.
1913  0F00              ; Vstup: IX=buffer, HL=horni 16 bitu LBA, DE=dolni 16 bitu LBA.
1914  0F00              READ1
1915  0F00 CD DD 01     	call	@MAIN.TST_BSY
1916  0F03 C2 7D 01     	jp	nz,@MAIN.ERROR
1917  0F06 06 02        	ld	b,2
1918  0F08 CD 6A 0F     	call	ATA_SETUP_LBA
1919  0F0B C2 7D 01     	jp	nz,@MAIN.ERROR
1920  0F0E 3E 20        	ld	a,#20			;ATA READ SECTORS
1921  0F10 D3 BF        	out	(P_COM),a
1922  0F12
1923  0F12 CD 88 0F     	call	ATA_WAIT_DRQ
1924  0F15 C2 7D 01     	jp	nz,@MAIN.ERROR
1925  0F18 DD E5        	push	ix
1926  0F1A E1           	pop	hl
1927  0F1B CD 06 02     	call	@MAIN.RD_512
1928  0F1E
1929  0F1E CD 88 0F     	call	ATA_WAIT_DRQ
1930  0F21 C2 7D 01     	jp	nz,@MAIN.ERROR
1931  0F24 CD 06 02     	call	@MAIN.RD_512
1932  0F27
1933  0F27 CD DD 01     	call	@MAIN.TST_BSY
1934  0F2A C2 7D 01     	jp	nz,@MAIN.ERROR
1935  0F2D CD FA 01     	call	@MAIN.TST_ERR
1936  0F30 C2 7D 01     	jp	nz,@MAIN.ERROR
1937  0F33 AF           	xor	a
1938  0F34 C9           	ret
1939  0F35
1940  0F35              ; Zapis jednoho 1024B sektoru BSDOSu jako dva po sobe jdouci ATA sektory.
1941  0F35              ; Vstup: IX=buffer, HL=horni 16 bitu LBA, DE=dolni 16 bitu LBA.
1942  0F35              WRITE1
1943  0F35 CD DD 01     	call	@MAIN.TST_BSY
1944  0F38 C2 7D 01     	jp	nz,@MAIN.ERROR
1945  0F3B 06 02        	ld	b,2
1946  0F3D CD 6A 0F     	call	ATA_SETUP_LBA
1947  0F40 C2 7D 01     	jp	nz,@MAIN.ERROR
1948  0F43 3E 30        	ld	a,#30			;ATA WRITE SECTORS
1949  0F45 D3 BF        	out	(P_COM),a
1950  0F47
1951  0F47 CD 88 0F     	call	ATA_WAIT_DRQ
1952  0F4A C2 7D 01     	jp	nz,@MAIN.ERROR
1953  0F4D DD E5        	push	ix
1954  0F4F E1           	pop	hl
1955  0F50 CD 2E 02     	call	@MAIN.WR_512
1956  0F53
1957  0F53 CD 88 0F     	call	ATA_WAIT_DRQ
1958  0F56 C2 7D 01     	jp	nz,@MAIN.ERROR
1959  0F59 CD 2E 02     	call	@MAIN.WR_512
1960  0F5C
1961  0F5C CD DD 01     	call	@MAIN.TST_BSY
1962  0F5F C2 7D 01     	jp	nz,@MAIN.ERROR
1963  0F62 CD FA 01     	call	@MAIN.TST_ERR
1964  0F65 C2 7D 01     	jp	nz,@MAIN.ERROR
1965  0F68 AF           	xor	a
1966  0F69 C9           	ret
1967  0F6A
1968  0F6A              ; Nastavi ATA28 registry pro jedinou podporovanou CF kartu MASTER.
1969  0F6A              ; Vstup: HL=horni 16 bitu LBA, DE=dolni 16 bitu LBA, B=pocet 512B sektoru.
1970  0F6A              ; Vystup: Z=OK, NZ=LBA mimo 28bitovy rozsah.
1971  0F6A              ATA_SETUP_LBA
1972  0F6A 7C           	ld	a,h
1973  0F6B E6 F0        	and	#F0
1974  0F6D 20 15        	jr	nz,ATA_LBA_RANGE
1975  0F6F 7C           	ld	a,h
1976  0F70 E6 0F        	and	#0F
1977  0F72 F6 E0        	or	#E0			;MASTER + LBA mode
1978  0F74 D3 DB        	out	(P_HEA),a
1979  0F76 78           	ld	a,b
1980  0F77 D3 CB        	out	(P_HSE),a
1981  0F79 7B           	ld	a,e
1982  0F7A D3 AF        	out	(P_NSE),a		;LBA 7..0
1983  0F7C 7A           	ld	a,d
1984  0F7D D3 D3        	out	(P_CYL),a		;LBA 15..8
1985  0F7F 7D           	ld	a,l
1986  0F80 D3 B7        	out	(P_CYH),a		;LBA 23..16
1987  0F82 AF           	xor	a
1988  0F83 C9           	ret
1989  0F84
1990  0F84              ATA_LBA_RANGE
1991  0F84 3E 10        	ld	a,%00010000		;seek/range error pro prevod v MAIN.ERROR
1992  0F86 B7           	or	a
1993  0F87 C9           	ret
1994  0F88
1995  0F88              ; Ceka na DRQ a zaroven osetri timeout a ATA ERR.
1996  0F88              ; Vystup: Z=DRQ pripraven, NZ=kod chyby.
1997  0F88              ATA_WAIT_DRQ
1998  0F88 CD DD 01     	call	@MAIN.TST_BSY
1999  0F8B C0           	ret	nz
2000  0F8C CB 47        	bit	0,a
2001  0F8E 20 06        	jr	nz,ATA_STATUS_ERROR
2002  0F90 CB 5F        	bit	3,a
2003  0F92 28 08        	jr	z,ATA_DRQ_ERROR
2004  0F94 AF           	xor	a
2005  0F95 C9           	ret
2006  0F96
2007  0F96              ATA_STATUS_ERROR
2008  0F96 DB A7        	in	a,(P_ERR)
2009  0F98 B7           	or	a
2010  0F99 C0           	ret	nz
2011  0F9A 3C           	inc	a			;ERR byl nastaven, nevracej falesne Z
2012  0F9B C9           	ret
2013  0F9C
2014  0F9C              ATA_DRQ_ERROR
2015  0F9C 3E 08        	ld	a,8
2016  0F9E B7           	or	a
2017  0F9F C9           	ret
2018  0FA0
2019  0FA0              ; Pracovni 256B VDT pro BSDOS je zarovnana na nejblizsi dalsi xx00.
2020  0FA0              BSDOS_VDT	equ	($+#FF)&$FF00
2021  0FA0              	ASSERT	(BSDOS_VDT & #FF) == 0
2022  0FA0
2023  0FA0              	endmodule
2024  0FA0              LEN_CF		equ	$-CF_ROUTINES_START
2025  0FA0
2026  0FA0              	ent
2027  8770
2028  8770              ;LEN		equ	$-144			;posun kvuli PITovi
2029  8770
2030  8770              ; TAB/TAB_DRV zde zadne bajty negeneruji.
2031  8770              ; Pracovni VDT je v HDD bance na CFroutines.BSDOS_VDT.
2032  8770
2033  8770              ;END1		equ	$-MAIN.KKK+MAIN.SEM1
2034  8770              END1		equ	$-MAIN.PRESKOC+MAIN.SEM1
2035  8770
2036  8770              ;		ent
2037  8770
2038  8770              		include "GUI.a80"
# file opened: GUI.a80
   1+ 8770              ;dokumentace k FAT- bomba
   2+ 8770              ;https://elm-chan.org/docs/fat_e.html
   3+ 8770
   4+ 8770              ;		include	"nasobeniHLDE.a80"
   5+ 8770              ;		include	"draw.a80"
   6+ 8770              		include	"draw-jugo.a80"
# file opened: draw-jugo.a80
   1++8770              ;rutina na kresleni cary. pochazi z nejakeho jugoslavskeho casaku
   2++8770              ;BC-ODKUD DE-KAM NAKRESLI CARU
   3++8770              ;POCATEK VLEVO NAHORE (0,0)
   4++8770              	module draw_jugo
   5++8770 7A           DRAW	LD   A,D
   6++8771 FE C0        	CP   192
   7++8773 D0           	RET  NC
   8++8774 78           	LD   A,B
   9++8775 FE C0        	CP   192
  10++8777 D0           	RET  NC
  11++8778 3F           	CCF
  12++8779 1F           	RRA
  13++877A 37           	SCF
  14++877B 1F           	RRA
  15++877C A7           	AND  A
  16++877D 1F           	RRA
  17++877E A8           	XOR  B
  18++877F E6 F8        	AND  248
  19++8781 A8           	XOR  B
  20++8782 67           	LD   H,A
  21++8783 79           	LD   A,C
  22++8784 07           	RLCA
  23++8785 07           	RLCA
  24++8786 07           	RLCA
  25++8787 6F           	LD   L,A
  26++8788 E6 38        	AND  56
  27++878A 2F           	CPL
  28++878B 32 90 87     	LD   (LAB+1),A
  29++878E AF           	XOR  A
  30++878F CB C7        LAB	SET  0,A
  31++8791 08           	EX   AF,AF'
  32++8792 7D           	LD   A,L
  33++8793 A8           	XOR  B
  34++8794 E6 C7        	AND  199
  35++8796 A8           	XOR  B
  36++8797 07           	RLCA
  37++8798 07           	RLCA
  38++8799 6F           	LD   L,A
  39++879A 78           	LD   A,B
  40++879B 92           	SUB  D
  41++879C 06 00        	LD   B,0
  42++879E 30 03        	JR   NC,N1
  43++87A0 ED 44        	NEG
  44++87A2 04           	INC  B
  45++87A3 57           N1	LD   D,A
  46++87A4 79           	LD   A,C
  47++87A5 93           	SUB  E
  48++87A6 0E 00        	LD   C,0
  49++87A8 30 03        	JR   NC,N2
  50++87AA ED 44        	NEG
  51++87AC 0C           	INC  C
  52++87AD 5F           N2	LD   E,A
  53++87AE 08           	EX   AF,AF'
  54++87AF F5           	PUSH AF
  55++87B0 B6           	OR   (HL)
  56++87B1 77           	LD   (HL),A
  57++87B2 F1           	POP  AF
  58++87B3 08           	EX   AF,AF'
  59++87B4 B2           	OR   D
  60++87B5 C8           	RET  Z
  61++87B6 E5           	PUSH HL
  62++87B7 7A           	LD   A,D
  63++87B8 BB           	CP   E
  64++87B9 38 37        	JR   C,POX
  65++87BB 21 16 88     	LD   HL,LEVO
  66++87BE CB 41        	BIT  0,C
  67++87C0 28 03        	JR   Z,Y1
  68++87C2 21 11 88     	LD   HL,DESNO
  69++87C5 22 E5 87     Y1	LD   (DIA+1),HL
  70++87C8 21 2E 88     	LD   HL,GORE
  71++87CB CB 40        	BIT  0,B
  72++87CD 28 03        	JR   Z,Y2
  73++87CF 21 1B 88     	LD   HL,DOLE
  74++87D2 22 E8 87     Y2	LD   (NAST+1),HL
  75++87D5 4A           	LD   C,D
  76++87D6 CB 39        N3	SRL  C
  77++87D8 DD 62        	LD   HX,D
  78++87DA 08           	EX   AF,AF'
  79++87DB 47           	LD   B,A
  80++87DC E1           	POP  HL
  81++87DD 79           LOOP	LD   A,C
  82++87DE 93           	SUB  E
  83++87DF 4F           	LD   C,A
  84++87E0 30 05        	JR   NC,NAST
  85++87E2 82           	ADD  A,D
  86++87E3 4F           	LD   C,A
  87++87E4 CD 00 00     DIA	CALL 0
  88++87E7 CD 00 00     NAST	CALL 0
  89++87EA 78           	LD   A,B
  90++87EB B6           	OR   (HL)
  91++87EC 77           	LD   (HL),A
  92++87ED DD 25        	DEC  HX
  93++87EF 20 EC        	JR   NZ,LOOP
  94++87F1 C9           	RET
  95++87F2 21 16 88     POX	LD   HL,LEVO
  96++87F5 CB 41        	BIT  0,C
  97++87F7 28 03        	JR   Z,X1
  98++87F9 21 11 88     	LD   HL,DESNO
  99++87FC 22 E8 87     X1	LD   (NAST+1),HL
 100++87FF 21 2E 88     	LD   HL,GORE
 101++8802 CB 40        	BIT  0,B
 102++8804 28 03        	JR   Z,X2
 103++8806 21 1B 88     	LD   HL,DOLE
 104++8809 22 E5 87     X2	LD   (DIA+1),HL
 105++880C 4B           	LD   C,E
 106++880D 5A           	LD   E,D
 107++880E 51           	LD   D,C
 108++880F 18 C5        	JR   N3
 109++8811 CB 08        DESNO	RRC  B
 110++8813 D0           	RET  NC
 111++8814 23           	INC  HL
 112++8815 C9           	RET
 113++8816 CB 00        LEVO	RLC  B
 114++8818 D0           	RET  NC
 115++8819 2B           	DEC  HL
 116++881A C9           	RET
 117++881B 24           DOLE	INC  H
 118++881C 7C           	LD   A,H
 119++881D E6 07        	AND  7
 120++881F C0           	RET  NZ
 121++8820 7C           	LD   A,H
 122++8821 D6 08        	SUB  8
 123++8823 67           	LD   H,A
 124++8824 7D           	LD   A,L
 125++8825 C6 20        	ADD  A,32
 126++8827 6F           	LD   L,A
 127++8828 D0           	RET  NC
 128++8829 7C           	LD   A,H
 129++882A C6 08        	ADD  A,8
 130++882C 67           	LD   H,A
 131++882D C9           	RET
 132++882E 25           GORE	DEC  H
 133++882F 7C           	LD   A,H
 134++8830 2F           	CPL
 135++8831 E6 07        	AND  7
 136++8833 C0           	RET  NZ
 137++8834 7C           	LD   A,H
 138++8835 C6 08        	ADD  A,8
 139++8837 67           	LD   H,A
 140++8838 7D           	LD   A,L
 141++8839 D6 20        	SUB  32
 142++883B 6F           	LD   L,A
 143++883C D0           	RET  NC
 144++883D 7C           	LD   A,H
 145++883E D6 08        	SUB  8
 146++8840 67           	LD   H,A
 147++8841 C9           	RET
 148++8842              	endmodule
 149++8842
# file closed: draw-jugo.a80
   7+ 8842              		include	"cls.a80"
# file opened: cls.a80
   1++8842              	module	cls
   2++8842 21 00 40     CLS	LD	HL,16384
   3++8845 11 01 40     	LD	DE,16385
   4++8848 01 FF 1A     	LD	BC,6911
   5++884B 75           	LD	(HL),L
   6++884C ED B0        	LDIR
   7++884E AF           	XOR	A
   8++884F D3 FE        	OUT	(254),A
   9++8851 C9           	RET
  10++8852              	endmodule
  11++8852
# file closed: cls.a80
   8+ 8852              ;		include	"sprite1.a80"
   9+ 8852              CaroLogo	incbin	"CaroLogo.bin"
  10+ 8B87              NewdimLogo	incbin	"NewdimLogo.bin"
  11+ 8CA9              		include	"sprite2.a80"
# file opened: sprite2.a80
   1++8CA9              ; zobrazi sprite dle cisla v A pozice a data spritu jsou v tabulce SP_TAB; priklad nakonci!!!
   2++8CA9              ; zobrazuje sprites z programu SpriteEdit typ 2
   3++8CA9              	module sprite2
   4++8CA9              SP_
   5++8CA9
   6++8CA9 21 7E 95     	ld   hl,@SP_TAB
   7++8CAC 87           	add  a,a
   8++8CAD 87           	add  a,a
   9++8CAE 16 00        	ld   d,0
  10++8CB0 5F           	ld   e,a
  11++8CB1 19           	add  hl,de
  12++8CB2 5E           	ld   e,(hl)
  13++8CB3 23           	inc  hl
  14++8CB4 56           	ld   d,(hl)
  15++8CB5 23           	inc  hl
  16++8CB6 D5           	push de
  17++8CB7 5E           	ld   e,(hl)
  18++8CB8 23           	inc  hl
  19++8CB9 56           	ld   d,(hl)
  20++8CBA EB           	ex   de,hl
  21++8CBB D1           	pop de
  22++8CBC
  23++8CBC              ;------------------------------
  24++8CBC              OK
  25++8CBC 46           	ld b,(hl)
  26++8CBD 23           	inc hl
  27++8CBE 4E           	ld c,(hl)
  28++8CBF 23           	inc hl
  29++8CC0 7A           	ld   a,d
  30++8CC1 0F           	rrca
  31++8CC2 0F           	rrca
  32++8CC3 0F           	rrca
  33++8CC4 E6 E0        	and  %11100000
  34++8CC6 83           	add  a,e
  35++8CC7 5F           	ld   e,a
  36++8CC8 7A           	ld   a,d
  37++8CC9 E6 18        	and  24
  38++8CCB F6 40        	or   64
  39++8CCD 57           	ld   d,a
  40++8CCE
  41++8CCE D5           OK_SEM	push de
  42++8CCF C5           	push bc
  43++8CD0 7A           	ld   a,d
  44++8CD1 0F           	rrca
  45++8CD2 0F           	rrca
  46++8CD3 0F           	rrca
  47++8CD4 E6 03        	and  3
  48++8CD6 F6 58        	or   88
  49++8CD8 57           	ld   d,a
  50++8CD9
  51++8CD9              OK_RADE1 ;call DE_BAJT
  52++8CD9 7E           	ld a,(hl)
  53++8CDA 23           	inc hl
  54++8CDB
  55++8CDB 12           	ld   (de),a
  56++8CDC 1C           	inc  e
  57++8CDD 0D           	dec  c
  58++8CDE 20 F9        	jr   nz,OK_RADE1
  59++8CE0 C1           	pop  bc
  60++8CE1 D1           	pop  de
  61++8CE2
  62++8CE2              OK_DALSI
  63++8CE2 D5           	push de
  64++8CE3 C5           	push bc
  65++8CE4              OK_RADEK ;call DE_BAJT
  66++8CE4 7E           	ld a,(hl)
  67++8CE5 23           	inc hl
  68++8CE6
  69++8CE6 12           	ld   (de),a
  70++8CE7 1C           	inc  e
  71++8CE8 0D           	dec  c
  72++8CE9 20 F9        	jr   nz,OK_RADEK
  73++8CEB C1           	pop  bc
  74++8CEC D1           	pop  de
  75++8CED 14           	inc  d
  76++8CEE 7A           	ld   a,d
  77++8CEF E6 07        	and  7
  78++8CF1 20 EF        	jr   nz,OK_DALSI
  79++8CF3 3E 20        	ld   a,32
  80++8CF5 83           	add  a,e
  81++8CF6 5F           	ld   e,a
  82++8CF7 3F           	ccf
  83++8CF8 9F           	sbc  a,a
  84++8CF9 E6 F8        	and  -8
  85++8CFB 82           	add  a,d
  86++8CFC 57           	ld   d,a
  87++8CFD 10 CF        	djnz OK_SEM
  88++8CFF C9           	ret
  89++8D00
  90++8D00 ~            /*
  91++8D00 ~            SP_TAB	defw #0B00  ;kam zobrazit
  92++8D00 ~            	defw 32768 ;odkud
  93++8D00 ~            */
  94++8D00              	endmodule
  95++8D00
# file closed: sprite2.a80
  12+ 8D00              eightbc_i	incbin	"8BC_I.cde"
  13+ 8D6E
  14+ 8D6E              ; EasyCF logo, 6x2 znakove bunky (48x16 pixelu).
  15+ 8D6E              ; Prvni dve bunky tvori CF kartu, zbytek napis Easy/CF.
  16+ 8D6E              ; Format sprite2: vyska v bunkach, sirka v bajtech a pro kazdy
  17+ 8D6E              ; znakovy radek nejdriv atributy, potom osm bitmapovych scanline.
  18+ 8D6E              EasyCFLogo
  19+ 8D6E 02 06        	db	2,6
  20+ 8D70
  21+ 8D70              EasyCFLogoAttrs
  22+ 8D70 38 38 44 44  	db	56,56,68,68,68,70
  22+ 8D74 44 46
  23+ 8D76 80 03 74 00  	db	%10000000,%00000011,%01110100,%00000000,%00000011,%00000000
  23+ 8D7A 03 00
  24+ 8D7C 3F F9 60 E3  	db	%00111111,%11111001,%01100000,%11100011,%01011011,%00000000
  24+ 8D80 5B 00
  25+ 8D82 61 0D 78 36  	db	%01100001,%00001101,%01111000,%00110110,%00011011,%00000000
  25+ 8D86 1B 00
  26+ 8D88 4E E5 60 F3  	db	%01001110,%11100101,%01100000,%11110011,%10001111,%00000000
  26+ 8D8C 8F 00
  27+ 8D8E 5F F5 61 B0  	db	%01011111,%11110101,%01100001,%10110000,%11000011,%00000000
  27+ 8D92 C3 00
  28+ 8D94 51 15 7E FB  	db	%01010001,%00010101,%01111110,%11111011,%11101111,%00000000
  28+ 8D98 EF 00
  29+ 8D9A 57 75 00 00  	db	%01010111,%01110101,%00000000,%00000000,%00000000,%00000000
  29+ 8D9E 00 00
  30+ 8DA0 57 15 55 55  	db	%01010111,%00010101,%01010101,%01010101,%01010101,%00000000
  30+ 8DA4 55 00
  31+ 8DA6
  32+ 8DA6              EasyCFLogoAttrsRow2
  33+ 8DA6 38 38 0E 0E  	db	56,56,14,14,14,70
  33+ 8DAA 0E 46
  34+ 8DAC 57 75 00 00  	db	%01010111,%01110101,%00000000,%00000000,%00000000,%00000000
  34+ 8DB0 00 00
  35+ 8DB2 51 75 03 E7  	db	%01010001,%01110101,%00000011,%11100111,%11100000,%00000000
  35+ 8DB6 E0 00
  36+ 8DB8 5F F5 07 37  	db	%01011111,%11110101,%00000111,%00110111,%00110000,%00000000
  36+ 8DBC 30 00
  37+ 8DBE 6F ED 06 03  	db	%01101111,%11101101,%00000110,%00000011,%00000000,%00000000
  37+ 8DC2 00 00
  38+ 8DC4 7F FD 06 03  	db	%01111111,%11111101,%00000110,%00000011,%11100000,%00000000
  38+ 8DC8 E0 00
  39+ 8DCA 55 55 07 37  	db	%01010101,%01010101,%00000111,%00110111,%00000000,%00000000
  39+ 8DCE 00 00
  40+ 8DD0 2A A9 03 E3  	db	%00101010,%10101001,%00000011,%11100011,%00000000,%00000000
  40+ 8DD4 00 00
  41+ 8DD6 80 03 00 00  	db	%10000000,%00000011,%00000000,%00000000,%00000000,%00000000
  41+ 8DDA 00 00
  42+ 8DDC              ;		include "lbaread.a80"	;vlozeno primo do kodu GUI
  43+ 8DDC              ;		include "sd_rw.asm"	;SD card init, read, write---dame to dozadu
  44+ 8DDC              zvuk		incbin	"ZVUK.BIN"
  45+ 957E              zvukend
  46+ 957E
  47+ 957E              @SP_TAB
  48+ 957E 0A 02        @TAB_sprite1	defb	10,2
  49+ 9580 52 88        		defw	CaroLogo
  50+ 9582 18 14        		defb	24,20
  51+ 9584 87 8B        		defw	NewdimLogo
  52+ 9586 00 15        		defb	0,21
  53+ 9588 00 8D        		defw	eightbc_i
  54+ 958A 01 02        		defb	1,2
  55+ 958C 00 8D        		defw	eightbc_i
  56+ 958E 19 02        		defb	25,2
  57+ 9590 6E 8D        		defw	EasyCFLogo
  58+ 9592
  59+ 9592
  60+ 9592              	module	GUI
  61+ 9592
  62+ 9592              zvukcmp equ	60000		;adresa zkopilovaneho zvuku
  63+ 9592
  64+ 9592 F3           gui	di
  65+ 9593              ;	xor	a
  66+ 9593              ;	out	(254),a
  67+ 9593
  68+ 9593              ;;	call	SD_INIT		;testing purposes, was working good
  69+ 9593              ;;	jp	L3+6
  70+ 9593
  71+ 9593              ;splash screen
  72+ 9593 3A 0E 80     	ld	a,(@showsplash)
  73+ 9596 B7           	or	a
  74+ 9597 28 3D        	jr	z,nosplash
  75+ 9599
  76+ 9599 21 DC 8D     	ld	hl,zvuk
  77+ 959C 11 60 EA     	ld	de,zvukcmp
  78+ 959F 01 A2 07     	ld	bc,zvukend-zvuk
  79+ 95A2 ED B0        	ldir
  80+ 95A4              ; presune zvuk na sve misto
  81+ 95A4
  82+ 95A4              ; init
  83+ 95A4 CD 42 88     	call	cls.CLS
  84+ 95A7
  85+ 95A7 3E 02        	ld	a,2
  86+ 95A9 CD A9 8C     	call	sprite2.SP_
  87+ 95AC 3E 01        	ld	a,1
  88+ 95AE 06 0A        	ld	b,10		;was 40
  89+ 95B0 CD A1 AE     	call	zvukplay
  90+ 95B3
  91+ 95B3 3E 01        	ld	a,1
  92+ 95B5 CD A9 8C     	call	sprite2.SP_
  93+ 95B8 3E 02        	ld	a,2
  94+ 95BA 06 0A        	ld	b,10		;was 40
  95+ 95BC CD A1 AE     	call	zvukplay
  96+ 95BF AF           	xor	a
  97+ 95C0 CD A9 8C     	call	sprite2.SP_
  98+ 95C3
  99+ 95C3              ;/*	ld	hl,22528+256+32
 100+ 95C3              ;	ld	de,22529+256+32
 101+ 95C3              ;	ld	bc,255-32
 102+ 95C3              ;	ld	(hl),6
 103+ 95C3              ;	ldir
 104+ 95C3              ;*/
 105+ 95C3 21 F8 9F     	ld	hl,TEXT2
 106+ 95C6 01 0D 0A     	ld	bc,#0a0d
 107+ 95C9 CD 71 A4     	call	T42_TEXT
 108+ 95CC 3E 03        	ld	a,3
 109+ 95CE 06 64        	ld	b,100		;was 128
 110+ 95D0 CD A1 AE     	call	zvukplay
 111+ 95D3 CD 99 EA     	call	zvukcmp+57	;ticho
 112+ 95D6              ;	call	ANYKEY
 113+ 95D6
 114+ 95D6              nosplash
 115+ 95D6 CD 42 88     	call	cls.CLS
 116+ 95D9 CD 3A A3     	call	T_START
 117+ 95DC              ; vykresli tabulku
 118+ 95DC 3E 03        	ld	a,3
 119+ 95DE CD A9 8C     	call	sprite2.SP_
 120+ 95E1 3E 04        	ld	a,4
 121+ 95E3 CD A9 8C     	call	sprite2.SP_
 122+ 95E6
 123+ 95E6              	; Barvy loga ze SCR: seda/bila CF karta, zelene Easy,
 124+ 95E6              	; zlute CF na modrem podkladu.
 125+ 95E6 21 70 8D     	ld	hl,EasyCFLogoAttrs
 126+ 95E9 11 59 58     	ld	de,#5859		; atributy: radek 2, sloupec 25
 127+ 95EC 01 06 00     	ld	bc,6
 128+ 95EF ED B0        	ldir
 129+ 95F1 21 A6 8D     	ld	hl,EasyCFLogoAttrsRow2
 130+ 95F4 11 79 58     	ld	de,#5879		; atributy: radek 3, sloupec 25
 131+ 95F7 01 06 00     	ld	bc,6
 132+ 95FA ED B0        	ldir
 133+ 95FC 21 E4 9F     	ld	hl,TEXT1		;vrchni prostredni tabulka
 134+ 95FF
 135+ 95FF              	IFDEF	ELEMENT
 136+ 95FF ~            	ld	bc,#020b
 137+ 95FF              	ELSE
 138+ 95FF 01 0C 02     	ld	bc,#020C
 139+ 9602              	ENDIF
 140+ 9602
 141+ 9602 CD 71 A4     	call	T42_TEXT
 142+ 9605 21 F8 9F     	ld	hl,TEXT2
 143+ 9608 01 0D 03     	ld	bc,#030d
 144+ 960B CD 71 A4     	call	T42_TEXT
 145+ 960E              ;carymary
 146+ 960E 01 3B 0E     	ld	bc,#0E3b
 147+ 9611 11 BF 0E     	ld	de,#0EBF
 148+ 9614 CD 70 87     	call	draw_jugo.DRAW
 149+ 9617 01 3B 21     	ld	bc,#213b
 150+ 961A 11 BF 21     	ld	de,#21BF
 151+ 961D CD 70 87     	call	draw_jugo.DRAW
 152+ 9620 01 3A 0F     	ld	bc,#0F3a
 153+ 9623 11 3A 20     	ld	de,#203a
 154+ 9626 CD 70 87     	call	draw_jugo.DRAW
 155+ 9629 01 C0 0F     	ld	bc,#0FC0
 156+ 962C 11 C0 20     	ld	de,#20C0
 157+ 962F CD 70 87     	call	draw_jugo.DRAW
 158+ 9632
 159+ 9632              ;MASTER IDENTIFY
 160+ 9632 21 0B A0     	ld	hl,TEXT3
 161+ 9635 01 02 05     	ld	bc,#0502
 162+ 9638 CD 71 A4     	call	T42_TEXT
 163+ 963B
 164+ 963B 21 5E A0     	ld	hl,TEXT8
 165+ 963E 01 0D 05     	ld	bc,#050D
 166+ 9641 CD 71 A4     	call	T42_TEXT	;piseme checking...
 167+ 9644
 168+ 9644 DD 21 A1 AA  	ld	ix,BUFFER
 169+ 9648 AF           	xor	a			;CF je vzdy MASTER
 170+ 9649 CD 96 A9     	call	IDENTIFY
 171+ 964C              ;	xor	a		;testovaci
 172+ 964C 21 E9 A0     	ld	hl,TEXT16
 173+ 964F F5           	push	af
 174+ 9650 28 22        	jr	z,TISKSTATUS1	;OK
 175+ 9652 21 96 A0     	ld	hl,TEXT11
 176+ 9655 FE FF        	cp	255
 177+ 9657 CA 74 96     	jp	z,TISKSTATUS1
 178+ 965A 21 C7 A0     	ld	hl,TEXT14
 179+ 965D FE 06        	cp	6
 180+ 965F CA 74 96     	jp	z,TISKSTATUS1
 181+ 9662 21 B6 A0     	ld	hl,TEXT13
 182+ 9665 FE 03        	cp	3
 183+ 9667 CA 74 96     	jp	z,TISKSTATUS1
 184+ 966A 21 A5 A0     	ld	hl,TEXT12
 185+ 966D 3D           	dec	a
 186+ 966E CA 74 96     	jp	z,TISKSTATUS1
 187+ 9671 21 D8 A0     	ld	hl,TEXT15
 188+ 9674
 189+ 9674              ;	jp	LER1
 190+ 9674
 191+ 9674              TISKSTATUS1
 192+ 9674 01 0D 05     	ld	bc,#050D
 193+ 9677 CD 71 A4     	call	T42_TEXT
 194+ 967A
 195+ 967A F1           	pop	af
 196+ 967B 28 1C        	jr	z,MASTERINFO
 197+ 967D
 198+ 967D 26 00        	ld	h,0
 199+ 967F 6F           	ld	l,a
 200+ 9680 01 26 05     	ld	bc,#0526
 201+ 9683 CD 48 A4     	call	NUMBER2
 202+ 9686              ;pokud je General setting nastavena autoconfigurace, tak pri neuspesnem detekovani zarizeni se do CHS ulozi nuly a HDD pak nasledne nebude nainstalovan
 203+ 9686 3A 0C 80     	ld	a,(@autoconfig)
 204+ 9689 B7           	or	a
 205+ 968A 28 0A        	jr	z,nemenCHSm1
 206+ 968C AF           	xor	a
 207+ 968D 06 04        	ld	b,4
 208+ 968F 21 00 B0     	ld	hl,VDT
 209+ 9692              nulydoCHSm
 210+ 9692 77           	ld	(hl),a
 211+ 9693 23           	inc	hl
 212+ 9694 10 FC        	djnz	nulydoCHSm
 213+ 9696              nemenCHSm1
 214+ 9696 C3 28 9F     	jp	end_easy		;MASTER CF chybi nebo neodpovida; SLAVE se nepodporuje
 215+ 9699
 216+ 9699              MASTERINFO
 217+ 9699 21 17 A0     	ld	hl,TEXT4
 218+ 969C 01 02 06     	ld	bc,#0602
 219+ 969F CD 71 A4     	call	T42_TEXT
 220+ 96A2 21 1F A0     	ld	hl,TEXT5
 221+ 96A5 01 02 07     	ld	bc,#0702
 222+ 96A8 CD 71 A4     	call	T42_TEXT
 223+ 96AB 21 2A A0     	ld	hl,TEXT6
 224+ 96AE 01 02 08     	ld	bc,#0802
 225+ 96B1 CD 71 A4     	call	T42_TEXT
 226+ 96B4 21 3A A0     	ld	hl,TEXT7
 227+ 96B7 01 02 09     	ld	bc,#0902
 228+ 96BA CD 71 A4     	call	T42_TEXT
 229+ 96BD 21 B1 A1     	ld	hl,TEXT102
 230+ 96C0 01 02 0A     	ld	bc,#0A02
 231+ 96C3 CD 71 A4     	call	T42_TEXT
 232+ 96C6
 233+ 96C6              	; ATA IDENTIFY text fields are word-swapped.
 234+ 96C6 21 D7 AA     	ld	hl,BUFFER+54		;model, words 27-46
 235+ 96C9 06 28        	ld	b,40
 236+ 96CB CD 4C AA     	call	PROHOD
 237+ 96CE DD 21 A1 AA  	ld	ix,BUFFER
 238+ 96D2 DD CB 54 FE  	set	7,(ix+84)		;31 znaku se vejde na radek GUI
 239+ 96D6 21 D7 AA     	ld	hl,BUFFER+54
 240+ 96D9 01 09 06     	ld	bc,#0609
 241+ 96DC CD 71 A4     	call	T42_TEXT
 242+ 96DF
 243+ 96DF 21 CF AA     	ld	hl,BUFFER+46		;firmware, words 23-26
 244+ 96E2 06 08        	ld	b,8
 245+ 96E4 CD 4C AA     	call	PROHOD
 246+ 96E7 DD CB 35 FE  	set	7,(ix+53)
 247+ 96EB 21 CF AA     	ld	hl,BUFFER+46
 248+ 96EE 01 0C 07     	ld	bc,#070C
 249+ 96F1 CD 71 A4     	call	T42_TEXT
 250+ 96F4
 251+ 96F4 21 B5 AA     	ld	hl,BUFFER+20		;serial number, words 10-19
 252+ 96F7 06 14        	ld	b,20
 253+ 96F9 CD 4C AA     	call	PROHOD
 254+ 96FC DD CB 27 FE  	set	7,(ix+39)
 255+ 9700 21 B5 AA     	ld	hl,BUFFER+20
 256+ 9703 01 11 08     	ld	bc,#0811
 257+ 9706 CD 71 A4     	call	T42_TEXT
 258+ 9709
 259+ 9709              	; LBA28 support: IDENTIFY word 49, bit 9.
 260+ 9709 21 2A A1     	ld	hl,TEXT_NO
 261+ 970C DD CB 63 4E  	bit	1,(ix+99)
 262+ 9710 28 03        	jr	z,.cf_lba28
 263+ 9712 21 25 A1     	ld	hl,TEXT_YES
 264+ 9715              .cf_lba28
 265+ 9715 01 0D 09     	ld	bc,#090D
 266+ 9718 CD 71 A4     	call	T42_TEXT
 267+ 971B
 268+ 971B              	; LBA48 support: IDENTIFY word 83, bit 10.
 269+ 971B 21 2A A1     	ld	hl,TEXT_NO
 270+ 971E 3A 48 AB     	ld	a,(BUFFER+167)
 271+ 9721 CB 57        	bit	2,a
 272+ 9723 28 03        	jr	z,.cf_lba48
 273+ 9725 21 25 A1     	ld	hl,TEXT_YES
 274+ 9728              .cf_lba48
 275+ 9728 01 1C 09     	ld	bc,#091C
 276+ 972B CD 71 A4     	call	T42_TEXT
 277+ 972E
 278+ 972E              	; DMA support: IDENTIFY word 49, bit 8.
 279+ 972E 21 2A A1     	ld	hl,TEXT_NO
 280+ 9731 DD CB 63 46  	bit	0,(ix+99)
 281+ 9735 28 03        	jr	z,.cf_dma
 282+ 9737 21 25 A1     	ld	hl,TEXT_YES
 283+ 973A              .cf_dma
 284+ 973A 01 25 09     	ld	bc,#0925
 285+ 973D CD 71 A4     	call	T42_TEXT
 286+ 9740
 287+ 9740              	; LBA28 sector count (words 60-61) -> capacity in MiB (/2048).
 288+ 9740 2A 19 AB     	ld	hl,(BUFFER+120)
 289+ 9743 ED 5B 1B AB  	ld	de,(BUFFER+122)
 290+ 9747 06 0B        	ld	b,11
 291+ 9749              .cf_capacity_shift
 292+ 9749 CB 3A        	srl	d
 293+ 974B CB 1B        	rr	e
 294+ 974D CB 1C        	rr	h
 295+ 974F CB 1D        	rr	l
 296+ 9751 10 F6        	djnz	.cf_capacity_shift
 297+ 9753 22 4E 99     	ld	(zzbin),hl
 298+ 9756 ED 53 50 99  	ld	(zzbin+2),de
 299+ 975A CD 04 99     	call	HL2ASCII32
 300+ 975D 21 5B 99     	ld	hl,zzdec+9
 301+ 9760 CB FE        	set	7,(hl)
 302+ 9762 EB           	ex	de,hl			;HL = prvni platna ASCII cifra
 303+ 9763 01 0C 0A     	ld	bc,#0A0C
 304+ 9766 CD 71 A4     	call	T42_TEXT
 305+ 9769 C3 5D 99     	jp	next
 306+ 976C
 307+ 976C              ; Puvodni SD identifikacni vypis ponechan docasne jako nedostupna reference.
 308+ 976C              MASTERINFO_SD_UNUSED
 309+ 976C 21 17 A0     		ld	hl,TEXT4	;nejdriv vypise texty
 310+ 976F 01 02 06     	ld	bc,#0602
 311+ 9772 CD 71 A4     	call	T42_TEXT
 312+ 9775 21 4C A2     	ld	hl,TEXT_CSD
 313+ 9778 01 1F 06     	ld	bc,#061F
 314+ 977B CD 71 A4     	call	T42_TEXT
 315+ 977E 21 1F A0     	ld	hl,TEXT5
 316+ 9781 01 02 07     	ld	bc,#0702
 317+ 9784 CD 71 A4     	call	T42_TEXT
 318+ 9787 21 2A A0     	ld	hl,TEXT6
 319+ 978A 01 02 08     	ld	bc,#0802
 320+ 978D CD 71 A4     	call	T42_TEXT
 321+ 9790
 322+ 9790 21 3A A0     	ld	hl,TEXT7
 323+ 9793 01 02 09     	ld	bc,#0902
 324+ 9796 CD 71 A4     	call	T42_TEXT
 325+ 9799              ;	ld	hl,TEXT101
 326+ 9799              ;	ld	bc,#0A02
 327+ 9799              ;	call	T42_TEXT		;write protect davame pryc
 328+ 9799              ;	ld	hl,TEXT_PART_TYPE
 329+ 9799              ;	ld	bc,#0C02
 330+ 9799 CD 71 A4     	call	T42_TEXT
 331+ 979C              ;	ld	hl,TEXT102
 332+ 979C              ;	ld	bc,#0A15
 333+ 979C              ;	call	T42_TEXT
 334+ 979C              ;
 335+ 979C              ;model-MID/OID/PNM
 336+ 979C              ;	ld	hl,BUFFER+54
 337+ 979C              ;	ld	b,40
 338+ 979C              ;	call	PROHOD
 339+ 979C DD 21 A1 AA  	ld	ix,BUFFER
 340+ 97A0 DD 7E 00     	ld	a,(ix)
 341+ 97A3
 342+ 97A3 FE 01        	cp	1
 343+ 97A5 21 F0 A1     	ld	hl,Manufacturer1
 344+ 97A8 28 3F        	jr	z,mdl1
 345+ 97AA FE 02        	cp	2
 346+ 97AC 21 F9 A1     	ld	hl,Manufacturer2
 347+ 97AF 28 38        	jr	z,mdl1
 348+ 97B1 FE 03        	cp	3
 349+ 97B3 21 09 A2     	ld	hl,Manufacturer3
 350+ 97B6 28 31        	jr	z,mdl1
 351+ 97B8 FE 1B        	cp	#1b
 352+ 97BA 21 10 A2     	ld	hl,Manufacturer1b
 353+ 97BD 28 2A        	jr	z,mdl1
 354+ 97BF FE 1D        	cp	#1d
 355+ 97C1 21 17 A2     	ld	hl,Manufacturer1d
 356+ 97C4 28 23        	jr	z,mdl1
 357+ 97C6 FE 27        	cp	#27
 358+ 97C8 21 1C A2     	ld	hl,Manufacturer27
 359+ 97CB 28 1C        	jr	z,mdl1
 360+ 97CD FE 31        	cp	#31
 361+ 97CF 21 22 A2     	ld	hl,Manufacturer31
 362+ 97D2 28 15        	jr	z,mdl1
 363+ 97D4 FE 74        	cp	#74
 364+ 97D6 21 2F A2     	ld	hl,Manufacturer74
 365+ 97D9 28 0E        	jr	z,mdl1
 366+ 97DB FE 9F        	cp	#9f			; Kingston SD (CID MID #9F)
 367+ 97DD 21 38 A2     	ld	hl,Manufacturer9f
 368+ 97E0 28 07        	jr	z,mdl1
 369+ 97E2 DD 21 A1 AA  	ld	ix,BUFFER
 370+ 97E6 21 40 A2     	ld	hl,ManufacturerOther	; unknown manufacturer
 371+ 97E9
 372+ 97E9              ;	set	7,(ix+84)
 373+ 97E9
 374+ 97E9 2B           mdl1	dec	hl
 375+ 97EA 36 45        	ld	(hl),69
 376+ 97EC 2B           	dec	hl
 377+ 97ED 36 10        	ld	(hl),16		;obarvi
 378+ 97EF 01 0A 05     	ld	bc,#050A
 379+ 97F2 CD 71 A4     	call	T42_TEXT
 380+ 97F5 21 45 A2     	ld	hl,carka
 381+ 97F8 CD 71 A4     	call	T42_TEXT
 382+ 97FB
 383+ 97FB              ;card info
 384+ 97FB DD CB 02 FE  	set	7,(ix+2)
 385+ 97FF              ;	ld	bc,#0612
 386+ 97FF 21 A2 AA     	ld	hl,BUFFER+1
 387+ 9802 CD 71 A4     	call	T42_TEXT
 388+ 9805 E5           	push	hl
 389+ 9806 21 45 A2     	ld	hl,carka
 390+ 9809 CD 71 A4     	call	T42_TEXT
 391+ 980C E1           	pop	hl
 392+ 980D DD CB 07 FE  	set	7,(ix+7)
 393+ 9811              ;	ld	bc,#0615
 394+ 9811 23           	inc	hl
 395+ 9812 CD 71 A4     	call	T42_TEXT
 396+ 9815
 397+ 9815
 398+ 9815
 399+ 9815              ;firmware/ProductRevisionNr
 400+ 9815              ;	ld	hl,BUFFER+46
 401+ 9815              ;	ld	b,8
 402+ 9815              ;	call	PROHOD
 403+ 9815              ;	set	7,(ix+53)
 404+ 9815              ;
 405+ 9815              ;	ld	bc,#070C
 406+ 9815              ;	call	T42_TEXT
 407+ 9815
 408+ 9815 23           	inc	hl
 409+ 9816 7E           	ld	a,(hl)		; CID PRV: high nibble=major, low nibble=minor
 410+ 9817 47           	ld	b,a
 411+ 9818 0F           	rrca
 412+ 9819 0F           	rrca
 413+ 981A 0F           	rrca
 414+ 981B 0F           	rrca
 415+ 981C E6 0F        	and	#0f
 416+ 981E C6 30        	add	a,'0'
 417+ 9820 32 49 A2     	ld	(REV_TEXT),a
 418+ 9823 78           	ld	a,b
 419+ 9824 E6 0F        	and	#0f
 420+ 9826 C6 30        	add	a,'0'
 421+ 9828 F6 80        	or	#80		; posledni znak textu pro T42_TEXT
 422+ 982A 32 4B A2     	ld	(REV_TEXT+2),a
 423+ 982D 21 49 A2     	ld	hl,REV_TEXT
 424+ 9830 01 16 06     	ld	bc,#0616
 425+ 9833 CD 71 A4     	call	T42_TEXT
 426+ 9836
 427+ 9836              ;serial number/ProductSerialNr
 428+ 9836              ;	ld	hl,BUFFER+20
 429+ 9836              ;	ld	b,20
 430+ 9836              ;	call	PROHOD
 431+ 9836              ;	set	7,(ix+39)
 432+ 9836              ;
 433+ 9836              ;	ld	bc,#0811
 434+ 9836              ;	call	T42_TEXT
 435+ 9836
 436+ 9836 06 04        	ld	b,4
 437+ 9838 21 AA AA     	ld	hl,BUFFER+9
 438+ 983B 11 14 07     	ld	de,#0714
 439+ 983E C5           snm1	push	bc
 440+ 983F E5           	push	hl
 441+ 9840 D5           	push	de
 442+ 9841 6E           	ld	l,(hl)
 443+ 9842 26 00        	ld	h,0
 444+ 9844 C1           	pop	bc		;BC=DE=position
 445+ 9845 CD 48 A4     	call	NUMBER2
 446+ 9848 0C           	inc	c
 447+ 9849 21 45 A2     	ld	hl,carka
 448+ 984C CD 71 A4     	call	T42_TEXT
 449+ 984F E1           	pop	hl
 450+ 9850 23           	inc	hl
 451+ 9851 50           	ld	d,b
 452+ 9852 59           	ld	e,c
 453+ 9853 C1           	pop	bc
 454+ 9854 10 E8        	djnz	snm1
 455+ 9856
 456+ 9856 D5           	push	de
 457+ 9857 C1           	pop	bc
 458+ 9858 0D           	dec	c
 459+ 9859 21 C5 A0     	ld	hl,TEXT13+15		;smaz posledni carku
 460+ 985C CD 71 A4     	call	T42_TEXT
 461+ 985F
 462+ 985F              ;Manucfacturing Date (eg.#0133)
 463+ 985F DD 7E 0E     	ld	a,(ix+14)
 464+ 9862 F5           	push	af
 465+ 9863 E6 0F        	and	%00001111
 466+ 9865 26 00        	ld	h,0
 467+ 9867 6F           	ld	l,a
 468+ 9868 01 16 08     	ld	bc,#0816
 469+ 986B CD 4E A4     	call	NUMBER1
 470+ 986E 0C           	inc	c
 471+ 986F 21 46 A2     	ld	hl,lomeno
 472+ 9872 CD 71 A4     	call	T42_TEXT
 473+ 9875 21 D0 07     	ld	hl,2000
 474+ 9878 DD 56 0D     	ld	d,(ix+13)
 475+ 987B F1           	pop	af
 476+ 987C C5           	push	bc
 477+ 987D 06 04        	ld	b,4
 478+ 987F CB 1A        mnd1	rr	d
 479+ 9881 CB 1F        	rr	a
 480+ 9883 10 FA        	djnz	mnd1
 481+ 9885 5F           	ld	e,a
 482+ 9886 16 00        	ld	d,0
 483+ 9888 C1           	pop	bc
 484+ 9889 19           	add	hl,de
 485+ 988A CD 42 A4     	call	NUMBER3
 486+ 988D
 487+ 988D
 488+ 988D
 489+ 988D
 490+ 988D              ;velikost karty
 491+ 988D DD 7E 10     	ld	a,(ix+#10)
 492+ 9890 E6 C0        	and	%11000000
 493+ 9892
 494+ 9892 FE 40        	cp	%01000000
 495+ 9894 28 00        	jr	z,CSD20
 496+ 9896              CSD10
 497+ 9896              ;výpočet C_SIZE pro karty CSD v 2.0, funguje od 4 GB vyse
 498+ 9896 DD 66 17     CSD20	ld	h,(ix+#17)
 499+ 9899 DD 6E 18     	ld	l,(ix+#18)
 500+ 989C
 501+ 989C 06 03        	ld	b,3
 502+ 989E CB 3C        csd201	srl	h
 503+ 98A0 CB 1D        	rr	l
 504+ 98A2 10 FA        	djnz	csd201
 505+ 98A4 23           	inc	hl
 506+ 98A5
 507+ 98A5 01 20 09     	ld	bc,#0920
 508+ 98A8 7C           	ld	a,h
 509+ 98A9 B7           	or	a
 510+ 98AA 28 0E        	jr	z,capacity_lt256
 511+ 98AC
 512+ 98AC              	; HL >= 256. Rozlisime 3 a 4 cifry (SDXC muze mit i 1024/2048 GB).
 513+ 98AC 11 E8 03     	ld	de,1000
 514+ 98AF B7           	or	a
 515+ 98B0 ED 52        	sbc	hl,de
 516+ 98B2 19           	add	hl,de		; obnov HL bez zmeny hodnoty kapacity
 517+ 98B3 30 1D        	jr	nc,capacity_4digits
 518+ 98B5 CD 48 A4     	call	NUMBER2		; 256..999 GB
 519+ 98B8 18 1B        	jr	capacity_done
 520+ 98BA
 521+ 98BA              capacity_lt256
 522+ 98BA 7D           	ld	a,l
 523+ 98BB FE 0A        	cp	10
 524+ 98BD 38 0E        	jr	c,capacity_1digit
 525+ 98BF FE 64        	cp	100
 526+ 98C1 38 05        	jr	c,capacity_2digits
 527+ 98C3 CD 48 A4     	call	NUMBER2		; 100..255 GB
 528+ 98C6 18 0D        	jr	capacity_done
 529+ 98C8
 530+ 98C8              capacity_2digits
 531+ 98C8 CD 4E A4     	call	NUMBER1		; 10..99 GB
 532+ 98CB 18 08        	jr	capacity_done
 533+ 98CD
 534+ 98CD              capacity_1digit
 535+ 98CD CD 54 A4     	call	NUMBER0		; 1..9 GB
 536+ 98D0 18 03        	jr	capacity_done
 537+ 98D2
 538+ 98D2              capacity_4digits
 539+ 98D2 CD 42 A4     	call	NUMBER3		; 1000..9999 GB
 540+ 98D5
 541+ 98D5              capacity_done
 542+ 98D5 0C           	inc	c
 543+ 98D6 21 47 A2     	ld	hl,TEXT_GB
 544+ 98D9 CD 71 A4     	call	T42_TEXT
 545+ 98DC
 546+ 98DC
 547+ 98DC
 548+ 98DC              ;velikost cteci jednotky
 549+ 98DC DD 7E 15     	ld	a,(ix+#15)
 550+ 98DF E6 0F        	and	%00001111
 551+ 98E1
 552+ 98E1 47           	ld	b,a
 553+ 98E2 21 01 00     	ld	hl,1
 554+ 98E5 29           vcj	add	hl,hl
 555+ 98E6 10 FD        	djnz	vcj
 556+ 98E8
 557+ 98E8 01 0D 09     	ld	bc,#090D
 558+ 98EB CD 48 A4     	call	NUMBER2
 559+ 98EE ~            /*davame pryc, info je nepostatne
 560+ 98EE ~            ;permanent and temporal WP
 561+ 98EE ~            	bit	5,(ix+#1E)
 562+ 98EE ~            	ld	bc,#0A10
 563+ 98EE ~            	call	pertmp
 564+ 98EE ~
 565+ 98EE ~            	bit	4,(ix+#1E)
 566+ 98EE ~            	ld	bc,#0A22
 567+ 98EE ~            	call	pertmp
 568+ 98EE ~            */
 569+ 98EE              ;CSD version
 570+ 98EE DD 7E 10     	ld	a,(ix+#10)
 571+ 98F1 E6 C0        	and	%11000000
 572+ 98F3 21 53 A2     	ld	hl,TEXT_20
 573+ 98F6 20 03        	jr	nz,csd1
 574+ 98F8 21 50 A2     	ld	hl,TEXT_10
 575+ 98FB 01 24 06     csd1	ld	bc,#0624
 576+ 98FE CD 71 A4     	call	T42_TEXT
 577+ 9901 C3 5D 99     	jp	next
 578+ 9904 ~            /*
 579+ 9904 ~            pertmp	ld	hl,TEXT_YES
 580+ 9904 ~            	jr	nz,permyes
 581+ 9904 ~            	ld	hl,TEXT_NO
 582+ 9904 ~            	call	T42_TEXT
 583+ 9904 ~            	ld	hl,TEXT_NO
 584+ 9904 ~            permyes	ld	bc,#0A10
 585+ 9904 ~            	jp	T42_TEXT
 586+ 9904 ~            */
 587+ 9904
 588+ 9904
 589+ 9904
 590+ 9904 ~            /*
 591+ 9904 ~            16gb	hl=#E	14	0000 0000 0000 1110
 592+ 9904 ~            32	#1d	29	0000 0000 0001 1101
 593+ 9904 ~            64	#3b	59	0000 0000 0011 1011
 594+ 9904 ~            128	#76	118	0000 0000 0111 0110
 595+ 9904 ~            256	#ec	236	0000 0000 1110 1100
 596+ 9904 ~            512	#1de	478	0000 0001 1101 1110
 597+ 9904 ~            1024	#3bc	956	0000 0011 1011 1100
 598+ 9904 ~            2048	#778	1912	0000 0111 0111 1000
 599+ 9904 ~
 600+ 9904 ~
 601+ 9904 ~            Kapacita	C_SIZE
 602+ 9904 ~            16 GB	0076B2
 603+ 9904 ~            32 GB	00EC4F
 604+ 9904 ~            64 GB	01D89F
 605+ 9904 ~            128 GB	03B13F
 606+ 9904 ~            256 GB	07627F
 607+ 9904 ~            512 GB	0EEFFF
 608+ 9904 ~            1 TB	1DDFFF
 609+ 9904 ~            2 TB	3BBFFF (typicky)
 610+ 9904 ~            Maximum	3FFFFF
 611+ 9904 ~            */
 612+ 9904
 613+ 9904 ~            /*
 614+ 9904 ~            ;LBA
 615+ 9904 ~            	ld	hl,TEXT_NO
 616+ 9904 ~            	bit	1,(ix+99)
 617+ 9904 ~            	jr	z,L1
 618+ 9904 ~
 619+ 9904 ~            	ld	hl,TEXT_YES
 620+ 9904 ~            L1	ld	bc,#090D
 621+ 9904 ~            	call	T42_TEXT
 622+ 9904 ~
 623+ 9904 ~            ;DMA
 624+ 9904 ~            	ld	hl,TEXT_NO
 625+ 9904 ~            	bit	0,(ix+99)
 626+ 9904 ~            	jr	z,L2
 627+ 9904 ~
 628+ 9904 ~            	ld	hl,TEXT_YES
 629+ 9904 ~            L2	ld	bc,#0925
 630+ 9904 ~            	call	T42_TEXT
 631+ 9904 ~
 632+ 9904 ~            ;CHS
 633+ 9904 ~            ;Cylinders
 634+ 9904 ~            	ld	l,(ix+2)
 635+ 9904 ~            	ld	h,(ix+3)
 636+ 9904 ~            	ld	bc,#0A09
 637+ 9904 ~            	call	NUMBER4
 638+ 9904 ~            ;Heads
 639+ 9904 ~            	ld	l,(ix+6)
 640+ 9904 ~            	ld	h,(ix+7)
 641+ 9904 ~            	ld	bc,#0A0f
 642+ 9904 ~            	call	NUMBER1
 643+ 9904 ~            ;Sectors
 644+ 9904 ~            	ld	l,(ix+12)
 645+ 9904 ~            	ld	h,(ix+13)
 646+ 9904 ~            	ld	bc,#0A12
 647+ 9904 ~            	call	NUMBER1
 648+ 9904 ~            ;pokud je General setting nastavena autoconfigurace, tak pri uspesnem detekovani zarizeni se do CHS ulozi zjistene udaje
 649+ 9904 ~
 650+ 9904 ~            	ld	a,(@autoconfig)
 651+ 9904 ~            	or	a
 652+ 9904 ~            	jr	z,nemenCHSm2
 653+ 9904 ~            	ld	hl,VDT
 654+ 9904 ~            	ld	a,(ix+12)
 655+ 9904 ~            	ld	(hl),a
 656+ 9904 ~            	ld	a,(ix+6)
 657+ 9904 ~            	inc	hl
 658+ 9904 ~            	ld	(hl),a
 659+ 9904 ~            	ld	a,(ix+2)
 660+ 9904 ~            	inc	hl
 661+ 9904 ~            	ld	(hl),a
 662+ 9904 ~            	ld	a,(ix+3)
 663+ 9904 ~            	inc	hl
 664+ 9904 ~            	ld	(hl),a
 665+ 9904 ~
 666+ 9904 ~            nemenCHSm2
 667+ 9904 ~            ;capacity
 668+ 9904 ~            	ld	l,(ix+12)
 669+ 9904 ~            	ld	h,(ix+13)
 670+ 9904 ~            	ld	e,(ix+6)
 671+ 9904 ~            	ld	d,(ix+7)
 672+ 9904 ~
 673+ 9904 ~
 674+ 9904 ~            	push	ix		;rutina nasob pouziva IX
 675+ 9904 ~            	call	nasobeniHLDE.nasob
 676+ 9904 ~            	pop	ix
 677+ 9904 ~            	ld	e,(ix+2)
 678+ 9904 ~            	ld	d,(ix+3)
 679+ 9904 ~
 680+ 9904 ~            	push	ix
 681+ 9904 ~            	call	nasobeniHLDE.nasob
 682+ 9904 ~            ;vysledek je v IXHL
 683+ 9904 ~
 684+ 9904 ~            	ld	l,h
 685+ 9904 ~            	ld	a,xl
 686+ 9904 ~            	ld	h,a
 687+ 9904 ~            	ld	e,hx
 688+ 9904 ~
 689+ 9904 ~            ;delime 256 vysledek EHL
 690+ 9904 ~            	ld	b,3
 691+ 9904 ~            trikrat1
 692+ 9904 ~            	srl	e
 693+ 9904 ~            	rr	h
 694+ 9904 ~            	rr	l
 695+ 9904 ~            	djnz	trikrat1
 696+ 9904 ~            ;delime tremi
 697+ 9904 ~            	ld	bc,#0A1F
 698+ 9904 ~            	call	NUMBER4
 699+ 9904 ~
 700+ 9904 ~            	pop	ix
 701+ 9904 ~
 702+ 9904 ~            ;LBA 48Bits
 703+ 9904 ~
 704+ 9904 ~            	inc	hx
 705+ 9904 ~
 706+ 9904 ~            	ld	hl,TEXT_NO
 707+ 9904 ~            	bit	2,(ix-83)
 708+ 9904 ~            	jr	z,L3
 709+ 9904 ~
 710+ 9904 ~            	ld	hl,TEXT_YES
 711+ 9904 ~            L3	ld	bc,#091C
 712+ 9904 ~            	call	T42_TEXT
 713+ 9904 ~            */
 714+ 9904
 715+ 9904              ;28) (Busy's routine)
 716+ 9904              HL2ASCII32
 717+ 9904              ;Prevod bin->dec bez znamienka
 718+ 9904              ; in: zzbin
 719+ 9904              ;out: zzdec
 720+ 9904
 721+ 9904 C5           	push	bc
 722+ 9905 21 52 99     bindec	ld	hl,zzdec            ;; Vynulovanie buffera dec
 723+ 9908 01 00 0A     	ld	bc,lldec*#0100
 724+ 990B 71           cls1	ld	(hl),c
 725+ 990C 23           	inc	hl
 726+ 990D 10 FC        	djnz	cls1
 727+ 990F 0E 20        	ld	c,8*llbin           ;; Opakuj pre kazdy bit bin:
 728+ 9911 CD 42 99     bndc0	call	binx2               ;; vyrotovanie bitu z bin
 729+ 9914 21 5C 99     	ld	hl,eedec
 730+ 9917 06 0A        	ld	b,lldec             ;; a zarotovanie toho bitu do dec
 731+ 9919 2B           bndc2	dec	hl
 732+ 991A 7E           	ld	a,(hl)
 733+ 991B 8F           	adc	a,a
 734+ 991C FE 0A        	cp	#0a
 735+ 991E 38 02        	jr	c,bndc3
 736+ 9920 D6 0A        	sub	#0a
 737+ 9922 77           bndc3	ld	(hl),a
 738+ 9923 3F           	ccf
 739+ 9924 10 F3        	djnz	bndc2
 740+ 9926 0D           	dec	c
 741+ 9927 20 E8        	jr	nz,bndc0
 742+ 9929
 743+ 9929 21 52 99     	ld	hl,zzdec
 744+ 992C 06 0A        	ld	b,10		;; change it to ASCII
 745+ 992E              prev_ascii32
 746+ 992E 7E           	ld	a,(hl)
 747+ 992F B7           	or	a
 748+ 9930 20 05        	jr	nz,asc32n
 749+ 9932 23           	inc	hl
 750+ 9933 10 F9        	djnz	prev_ascii32
 751+ 9935
 752+ 9935 04           	inc	b		;osetreni 0
 753+ 9936 2B           	dec	hl		;udelej misto pro zobrazeni "O"
 754+ 9937
 755+ 9937 54           asc32n	ld	d,h
 756+ 9938 5D           	ld	e,l		;; DE=ASCII number start
 757+ 9939
 758+ 9939 3E 30        asc32_n	ld	a,#30
 759+ 993B B6           	or	(hl)
 760+ 993C 77           	ld	(hl),a
 761+ 993D 23           	inc 	hl
 762+ 993E 10 F9        	djnz	asc32_n
 763+ 9940 C1           	pop	bc
 764+ 9941 C9           	ret
 765+ 9942
 766+ 9942 21 4E 99     binx2	ld	hl,zzbin            ;; Nasobenie bin dvomi
 767+ 9945 06 04        	ld	b,llbin
 768+ 9947 AF           	xor	a
 769+ 9948 CB 16        bnxx2	rl	(hl)
 770+ 994A 23           	inc	hl
 771+ 994B 10 FB        	djnz	bnxx2
 772+ 994D C9           	ret
 773+ 994E
 774+ 994E FF FF FF FF  zzbin	db	#ff,#ff,#ff,#ff		;vstup v bajtech
 775+ 9952              eebin
 776+ 9952              llbin	=	eebin-zzbin
 777+ 9952
 778+ 9952 00 00 00 00  zzdec	db	0,0,0,0,0		;vystup v ASCII
 778+ 9956 00
 779+ 9957 06 05 05 03  	db	6,5,5,3,5
 779+ 995B 05
 780+ 995C              eedec
 781+ 995C              lldec	=	eedec-zzdec
 782+ 995C 00           	db	0			;zarážka pro tisk
 783+ 995D
 784+ 995D
 785+ 995D              ;hledani prvni sectoru pro data
 786+ 995D              ;prohledava se MBR, prvni partion, a hleda se v root dir. prvni datovy sector prvniho souboru
 787+ 995D              ;prvni sektor disku je MBR:
 788+ 995D              ;
 789+ 995D              ;na 1BEh zacinaji parametry prvni partition (10h kazda)
 790+ 995D              ;na 08h az 0Bh je cislo relativniho sektoru zacatku partition (nebo na 01h az 03h ve formatu hlava/sektor/cylindr)
 791+ 995D              ;
 792+ 995D              ;prvni sektor partition je BOOT a tam jsou tyto zajimave udaje:
 793+ 995D              ;0Bh, 0Ch   pocet bytu na sektor
 794+ 995D              ;0Eh, 0Fh   pocet sektoru pred prvni FAT
 795+ 995D              ;10h   pocet FAT
 796+ 995D              ;11h, 12h   pocet polozek v ROOTu
 797+ 995D              ;16h, 17h   pocet sektoru ve FAT
 798+ 995D              ;prvni datovy sektor je: zacatek_partition + sektoru_pred_FAT + sektoru_ve_FAT * pocet_FAT + polozek_v_ROOT * 20h / bytu_na_sektor
 799+ 995D
 800+ 995D
 801+ 995D ~            /*
 802+ 995D ~            1. Výpočet pro FAT16
 803+ 995D ~            ********************
 804+ 995D ~            Kořenový adresář u FAT16 má pevnou velikost a leží hned za poslední FAT tabulkou.
 805+ 995D ~
 806+ 995D ~            Vzorec (číslo sektoru od začátku disku/partice):
 807+ 995D ~
 808+ 995D ~            RootSector{FAT16}=ReservedSecCnt+(NumFATs x FATSize16)
 809+ 995D ~
 810+ 995D ~            Velikost root adresáře (v sektorech) se spočítá jako (RootEntCnt × 32 + BytsPerSec - 1) / BytsPerSec, ale jeho začátek je dán čistě součtem rezervovaných sektorů a obou FAT tabulek.
 811+ 995D ~
 812+ 995D ~            2. Výpočet pro FAT32
 813+ 995D ~            Kořenový adresář u FAT32 nemá pevnou pozici, je to běžný cluster. Nejprve musíme spočítat začátek datové oblasti (DataSecStart) a k němu přičíst offset daný počátečním clusterem (RootClus).
 814+ 995D ~
 815+ 995D ~            Vzorec pro začátek datové oblasti (stejný jako FAT16):
 816+ 995D ~
 817+ 995D ~            DataSecStart=ReservedSecCnt+(NumFATs x FATSize32)
 818+ 995D ~
 819+ 995D ~            Vzorec pro počáteční sektor root adresáře (rootClus):
 820+ 995D ~
 821+ 995D ~            RootSector{FAT32}= DataSecStart+((RootClus-2) x SecPerClus)
 822+ 995D ~
 823+ 995D ~            (Odečítá se 2, protože clustery 0 a 1 v datové oblasti fyzicky neexistují – číslování datových clusterů začíná od 2).
 824+ 995D ~
 825+ 995D ~
 826+ 995D ~
 827+ 995D ~            Kde najít rootClus a SecPerClus (pro FAT32)
 828+ 995D ~            *******************************************
 829+ 995D ~            Obě hodnoty jsou uloženy v boot sektoru (v datové struktuře BPB – BIOS Parameter Block):
 830+ 995D ~
 831+ 995D ~            - SecPerClus (Sectors per Cluster): 1bajtová hodnota na offsetu 0x0D (decimálně 13) od začátku boot sektoru
 832+ 995D ~
 833+ 995D ~            - rootClus (Root Directory Start Cluster): 4bajtová hodnota na offsetu 0x2C (decimálně 44) od začátku boot sektoru (obvykle 2)
 834+ 995D ~
 835+ 995D ~            Výpočet počátečního sektoru Root Dir
 836+ 995D ~            ************************************
 837+ 995D ~            Pro výpočty používáme tyto proměnné z boot sektoru:
 838+ 995D ~            - ReservedSecCnt = Počet rezervovaných sektorů (offset 0x0E (dec 14), 2 bajty)
 839+ 995D ~            - NumFATs = Počet FAT tabulek (offset 0x10 (dec 16), 1 bajt, obvykle 2)
 840+ 995D ~            - FATSize16 = Počet sektorů jedné FAT u FAT16 (offset 0x16 (dec 22), 2 bajty)
 841+ 995D ~            - FATSize32 = Počet sektorů jedné FAT u FAT32 (offset 0x24 (dec 36), 4 bajty)
 842+ 995D ~            - RootEntCnt = Maximální počet položek v root adresáři u FAT16 (offset 0x11 (dec 17), 2 bajty, obvykle 512)
 843+ 995D ~            - BytsPerSec = Počet bajtů na sektor (offset 0x0B (dec 11), 2 bajty, obvykle 512)
 844+ 995D ~            - SecPerClus = Počet sektorů na cluster (offset 0x0D (dec 13), 1 bajt)
 845+ 995D ~            - RootClus = Počáteční cluster root adresáře u FAT32 (offset 0x2C (dec 44), 4 bajty)
 846+ 995D ~
 847+ 995D ~            */
 848+ 995D
 849+ 995D ~            /*
 850+ 995D ~            1. k boot sektoru se umime dostat z MBR
 851+ 995D ~            2. potřebné pro výpočet z boot sektoru, tyto hodnoty jsou relativni k zacatku partisny:
 852+ 995D ~            ---------------------------------------------------------------------------------------
 853+ 995D ~            BPB_BytesPerSec		offset	11	delka 2
 854+ 995D ~            BPB_SecPerClus		offset	13	delka 1
 855+ 995D ~            BPB_RsvdSecCnt		offset	14	delka 2
 856+ 995D ~            BPB_NumFATs		offset  16	delka 1
 857+ 995D ~
 858+ 995D ~            FAT16:
 859+ 995D ~                BPB_RootEntCnt	offset	17	delka 2
 860+ 995D ~                BPB_FATSz16		offset	22	delka 2
 861+ 995D ~
 862+ 995D ~            FAT32:
 863+ 995D ~                BPB_FATSz32		offset	36	delka 4
 864+ 995D ~                BPB_RootClus	offset	44	delka 4
 865+ 995D ~
 866+ 995D ~
 867+ 995D ~            3. vypocet prvniho datoveho sektoru
 868+ 995D ~            --------------------------------
 869+ 995D ~            FAT16
 870+ 995D ~            Spočti velikost Root Directory:
 871+ 995D ~
 872+ 995D ~            RootDirSectors =
 873+ 995D ~            (RootEntCnt × 32) / BytesPerSector
 874+ 995D ~
 875+ 995D ~            Potom:
 876+ 995D ~            FirstDataSectorRel =
 877+ 995D ~            RsvdSecCnt +
 878+ 995D ~            NumFATs × FATSz16 +
 879+ 995D ~            RootDirSectors
 880+ 995D ~
 881+ 995D ~            Absolutni LBA:
 882+ 995D ~            FirstDataSectorAbs =
 883+ 995D ~            PartitionStartLBA +
 884+ 995D ~            FirstDataSectorRel
 885+ 995D ~
 886+ 995D ~
 887+ 995D ~            FAT32
 888+ 995D ~            Root Directory je součást datové oblasti.
 889+ 995D ~
 890+ 995D ~            Proto:
 891+ 995D ~            FirstDataSectorRel =
 892+ 995D ~            RsvdSecCnt +
 893+ 995D ~            NumFATs × FATSz32
 894+ 995D ~
 895+ 995D ~            Absolutně:
 896+ 995D ~            FirstDataSectorAbs =
 897+ 995D ~            PartitionStartLBA +
 898+ 995D ~            FirstDataSectorRel
 899+ 995D ~
 900+ 995D ~
 901+ 995D ~            4. Načti Root Directory
 902+ 995D ~            -----------------------
 903+ 995D ~            FAT16
 904+ 995D ~
 905+ 995D ~            Root Directory začíná na:
 906+ 995D ~            RootDirLBA =
 907+ 995D ~            PartitionStartLBA +
 908+ 995D ~            RsvdSecCnt +
 909+ 995D ~            NumFATs × FATSz16
 910+ 995D ~
 911+ 995D ~            Je pevně daný.
 912+ 995D ~
 913+ 995D ~            FAT32
 914+ 995D ~
 915+ 995D ~            Root Directory začíná v clusteru:
 916+ 995D ~            RootCluster = BPB_RootClus
 917+ 995D ~
 918+ 995D ~            (obvykle 2)
 919+ 995D ~
 920+ 995D ~            První sektor Root Directory:
 921+ 995D ~            RootDirLBA =
 922+ 995D ~            FirstDataSectorAbs +
 923+ 995D ~            (RootCluster − 2) × SecPerClus
 924+ 995D ~
 925+ 995D ~
 926+ 995D ~
 927+ 995D ~            5. Najdi soubor MBD / MBH
 928+ 995D ~            -------------------------
 929+ 995D ~            Projdi prvních 8 položek.
 930+ 995D ~
 931+ 995D ~            Přečti:
 932+ 995D ~
 933+ 995D ~            FAT16:
 934+ 995D ~            DIR_FstClusLO
 935+ 995D ~
 936+ 995D ~            FAT32:
 937+ 995D ~            DIR_FstClusHI
 938+ 995D ~            DIR_FstClusLO
 939+ 995D ~
 940+ 995D ~            Vznikne:
 941+ 995D ~            FirstCluster
 942+ 995D ~
 943+ 995D ~
 944+ 995D ~            6. Převod clusteru na LBA
 945+ 995D ~            -------------------------
 946+ 995D ~            Platí pro FAT16 i FAT32 stejně:
 947+ 995D ~
 948+ 995D ~            FirstFileLBA =
 949+ 995D ~            FirstDataSectorAbs +
 950+ 995D ~            (FirstCluster − 2) × SecPerClus
 951+ 995D ~
 952+ 995D ~            Hotovo.
 953+ 995D ~
 954+ 995D ~
 955+ 995D ~            Celý algoritmus
 956+ 995D ~            ---------------
 957+ 995D ~            MBR
 958+ 995D ~             │
 959+ 995D ~             ├── PartitionStartLBA
 960+ 995D ~             │
 961+ 995D ~             ▼
 962+ 995D ~            Boot Sector
 963+ 995D ~             │
 964+ 995D ~             ├── SecPerClus
 965+ 995D ~             ├── Reserved
 966+ 995D ~             ├── FATSize
 967+ 995D ~             ├── RootEntries (FAT16)
 968+ 995D ~             └── RootCluster (FAT32)
 969+ 995D ~             │
 970+ 995D ~             ▼
 971+ 995D ~            FirstDataSectorAbs
 972+ 995D ~             │
 973+ 995D ~             ▼
 974+ 995D ~            Root Directory
 975+ 995D ~             │
 976+ 995D ~             ▼
 977+ 995D ~            Najdi MBD / MBH
 978+ 995D ~             │
 979+ 995D ~             ▼
 980+ 995D ~            FirstCluster
 981+ 995D ~             │
 982+ 995D ~             ▼
 983+ 995D ~            FirstFileLBA
 984+ 995D ~            */
 985+ 995D
 986+ 995D              ;tab_part	db	0,4,15,26	;sloupec tisku hodnot pro 4 partisny
 987+ 995D
 988+ 995D              next
 989+ 995D 21 C6 A1     	ld	hl,TEXTPARSEC
 990+ 9960 01 02 0C     	ld	bc,#0C02
 991+ 9963 CD 71 A4     	call	T42_TEXT
 992+ 9966
 993+ 9966              ;novy kod- testuje vsechny 4 partisny
 994+ 9966              ;nejprve nacteme MBR
 995+ 9966
 996+ 9966 3E 04        		ld	a,4		;pocet partisen
 997+ 9968 DD 21 5F AC  		ld	ix,BUFFER+446	;prvni partisna
 998+ 996C 06 0D        		ld	b,#0D	;radek (meni se pro kazdou partisnu)
 999+ 996E 21 00 B0     		ld	hl,VDT
1000+ 9971 22 4F 9E     		ld	(VDT_pointer+1),hl
1001+ 9974
1002+ 9974              test_partitions				;loop start
1003+ 9974 0E 02        		ld	c,2		;sloupec vzdy zaciname na 2 (posouva se spolu s tiskem)
1004+ 9976 F5           		push	af		;A= poradove cislo partisny (4-0)
1005+ 9977 DD E5        		push	ix		;zacatek udaje o partisne v MBR
1006+ 9979 C5           		push	bc		;radek+sloupec
1007+ 997A
1008+ 997A DD 21 A1 AA  		ld	ix,BUFFER
1009+ 997E 21 00 00     		ld	hl,0
1010+ 9981 54           		ld	d,h
1011+ 9982 5C           		ld	e,h
1012+ 9983 CD BC A9     		call	ATA_READ
1013+ 9986
1014+ 9986 C1           		pop	bc
1015+ 9987 DD E1        		pop	ix
1016+ 9989 DD E5        		push	ix
1017+ 998B C5           		push	bc
1018+ 998C
1019+ 998C              ;		ld	a,#C
1020+ 998C              ;		ld	(no_partition+1),a	;init print pozice
1021+ 998C
1022+ 998C              ;Nejdriv rozhodneme, zda LBA 0 neni primo FAT boot sektor (superfloppy).
1023+ 998C              ;Teprve kdyz neni, smime oblast od offsetu 446 interpretovat jako MBR tabulku.
1024+ 998C              ;Kontroly se delaji primo v BUFFERu, protoze IX v tomto miste ukazuje na MBR entry.
1025+ 998C
1026+ 998C 3A A1 AA     		ld	a,(BUFFER+0)		;boot jump EB xx 90 nebo E9 xx xx
1027+ 998F FE EB        		cp	#EB
1028+ 9991 28 04        		jr	z,sf_check_bps
1029+ 9993 FE E9        		cp	#E9
1030+ 9995 20 7B        		jr	nz,not_superfloppy
1031+ 9997
1032+ 9997              sf_check_bps
1033+ 9997 2A AC AA     		ld	hl,(BUFFER+11)	;BytesPerSector musi byt 512 = #0200
1034+ 999A 11 00 02     		ld	de,#0200
1035+ 999D B7           		or	a
1036+ 999E ED 52        		sbc	hl,de
1037+ 99A0 20 70        		jr	nz,not_superfloppy
1038+ 99A2
1039+ 99A2 3A AE AA     		ld	a,(BUFFER+13)	;SecPerClus nesmi byt 0
1040+ 99A5 B7           		or	a
1041+ 99A6 28 6A        		jr	z,not_superfloppy
1042+ 99A8
1043+ 99A8 2A AF AA     		ld	hl,(BUFFER+14)	;ReservedSectorCount nesmi byt 0
1044+ 99AB 7C           		ld	a,h
1045+ 99AC B5           		or	l
1046+ 99AD 28 63        		jr	z,not_superfloppy
1047+ 99AF
1048+ 99AF 3A B1 AA     		ld	a,(BUFFER+16)	;NumFATs nesmi byt 0
1049+ 99B2 B7           		or	a
1050+ 99B3 28 5D        		jr	z,not_superfloppy
1051+ 99B5
1052+ 99B5 2A 9F AC     		ld	hl,(BUFFER+510)	;boot signature 55 AA
1053+ 99B8 11 55 AA     		ld	de,#AA55
1054+ 99BB B7           		or	a
1055+ 99BC ED 52        		sbc	hl,de
1056+ 99BE 20 52        		jr	nz,not_superfloppy
1057+ 99C0
1058+ 99C0              ;Rozliseni FAT16/FAT32 podle struktury BPB.
1059+ 99C0 2A B2 AA     		ld	hl,(BUFFER+17)	;RootEntCnt: FAT16 !=0, FAT32 =0
1060+ 99C3 7C           		ld	a,h
1061+ 99C4 B5           		or	l
1062+ 99C5 20 1D        		jr	nz,sf_fat16
1063+ 99C7
1064+ 99C7 2A B7 AA     		ld	hl,(BUFFER+22)	;FATSz16: FAT16 !=0, FAT32 =0
1065+ 99CA 7C           		ld	a,h
1066+ 99CB B5           		or	l
1067+ 99CC 20 16        		jr	nz,sf_fat16
1068+ 99CE
1069+ 99CE 2A C5 AA     		ld	hl,(BUFFER+36)	;u FAT32 musi byt FATSz32 nenulove
1070+ 99D1 ED 5B C7 AA  		ld	de,(BUFFER+38)
1071+ 99D5 7C           		ld	a,h
1072+ 99D6 B5           		or	l
1073+ 99D7 B2           		or	d
1074+ 99D8 B3           		or	e
1075+ 99D9 28 37        		jr	z,not_superfloppy
1076+ 99DB
1077+ 99DB              ;Superfloppy FAT32
1078+ 99DB              sf_fat32
1079+ 99DB 21 A0 AA     		ld	hl,fat_type
1080+ 99DE CB C6        		set	0,(hl)
1081+ 99E0 3E 0C        		ld	a,4+8			;bit2=superfloppy, bit3=FAT32
1082+ 99E2 18 07        		jr	sf_type_ready
1083+ 99E4
1084+ 99E4              ;Superfloppy FAT16
1085+ 99E4              sf_fat16
1086+ 99E4 21 A0 AA     		ld	hl,fat_type
1087+ 99E7 CB 86        		res	0,(hl)
1088+ 99E9 3E 04        		ld	a,4			;bit2=superfloppy, bit3=0=FAT16
1089+ 99EB
1090+ 99EB              sf_type_ready
1091+ 99EB 2A 4F 9E     		ld	hl,(VDT_pointer+1)
1092+ 99EE 77           		ld	(hl),a
1093+ 99EF
1094+ 99EF              ;U superfloppy vypiseme nejen SFl, ale i skutecny FAT typ.
1095+ 99EF              ;Bit 3 info bajtu: 0=FAT16, 1=FAT32.
1096+ 99EF 21 A0 A2     		ld	hl,TEXT_SFL16
1097+ 99F2 CB 5F        		bit	3,a
1098+ 99F4 28 03        		jr	z,sf_text_ready
1099+ 99F6 21 A9 A2     		ld	hl,TEXT_SFL32
1100+ 99F9
1101+ 99F9              sf_text_ready
1102+ 99F9 C1           		pop	bc			;obnov tiskovou pozici stejne jako part_text
1103+ 99FA CD 71 A4     		call	T42_TEXT
1104+ 99FD 0D           		dec	c			;TEXT_SFL16/32 je o 4 znaky delsi nez F16/F32
1105+ 99FE 0D           		dec	c			;vrat tiskovou pozici pro dalsi sloupec
1106+ 99FF 0D           		dec	c
1107+ 9A00 0D           		dec	c
1108+ 9A01
1109+ 9A01              ;Superfloppy ma jen jeden filesystem. Upravime ulozeny citac smycky na 1,
1110+ 9A01              ;aby se po jeho zpracovani netestovaly dalsi tri fiktivni MBR polozky.
1111+ 9A01 DD E1        		pop	ix			;puvodni pointer na prvni MBR entry
1112+ 9A03 F1           		pop	af			;puvodne A=4
1113+ 9A04 3E 01        		ld	a,1
1114+ 9A06 F5           		push	af
1115+ 9A07 DD E5        		push	ix
1116+ 9A09
1117+ 9A09 21 00 00     		ld	hl,0			;Boot sector superfloppy je absolutni LBA 0
1118+ 9A0C 11 00 00     		ld	de,0
1119+ 9A0F C3 2D 9B     		jp	MBRno
1120+ 9A12
1121+ 9A12              not_superfloppy
1122+ 9A12              ;LBA 0 neni FAT boot sektor, muzeme ho interpretovat jako MBR.
1123+ 9A12              ;MBR je v bufferu
1124+ 9A12 DD 7E 04     		ld	a,(ix+4)		;test, zda je partisna vubec pritomna
1125+ 9A15 B7           		or	a			;0= partisna neni obsazena
1126+ 9A16 CA 70 9E     		jp	z,no_partition
1127+ 9A19
1128+ 9A19              ;	set	0,(ix-1)	;nastav priznak FAT32
1129+ 9A19 21 A0 AA     	ld	hl,fat_type
1130+ 9A1C CB C6        	set	0,(hl)
1131+ 9A1E 06 09        	ld	b,9		;bity 0,3=1= FAT32
1132+ 9A20 21 6A A2     	ld	hl,TEXT_FAT32	;test typu oddilu, bud FAT16/32/other
1133+ 9A23              ;	ld	bc,#0c12
1134+ 9A23 FE 0B        	cp	#B		;pro typ oddilu FAT32
1135+ 9A25 CA E9 9A     	jp	z,part_text
1136+ 9A28 FE 0C        	cp	#C
1137+ 9A2A CA E9 9A     	jp	z,part_text
1138+ 9A2D
1139+ 9A2D 21 A0 AA     	ld	hl,fat_type
1140+ 9A30 CB 86        	res	0,(hl)
1141+ 9A32              ;	res	0,(ix-1)	;nastav priznak FAT16
1142+ 9A32 21 65 A2     	ld	hl,TEXT_FAT16
1143+ 9A35 06 01        	ld	b,1		;bit 1=1, bit 3=0= FAT16
1144+ 9A37 FE 06        	cp	6		;pro typ oddilu FAT16
1145+ 9A39 CA E9 9A     	jp	z,part_text
1146+ 9A3C FE 04        	cp	4
1147+ 9A3E CA E9 9A     	jp	z,part_text
1148+ 9A41 FE 0E        	cp	#E
1149+ 9A43 CA E9 9A     	jp	z,part_text
1150+ 9A46
1151+ 9A46              ; Nepodporovane filesystemy se pokusime pojmenovat.
1152+ 9A46              ; VDT info zustava 0, takze jsou stale pro EasySD nepouzitelne.
1153+ 9A46 FE 49        	cp	#49			; MDOS3 raw partition, obvykle bootovaci
1154+ 9A48 CA 72 9A     	jp	z,part_mdos3
1155+ 9A4B FE 05        	cp	#05			; Extended partition (CHS)
1156+ 9A4D CA 79 9A     	jp	z,part_extended
1157+ 9A50 FE 0F        	cp	#0F			; Extended partition (LBA)
1158+ 9A52 CA 79 9A     	jp	z,part_extended
1159+ 9A55 FE 07        	cp	#07			; HPFS/NTFS/exFAT - rozlisime z boot sektoru
1160+ 9A57 CA 87 9A     	jp	z,part_type_07
1161+ 9A5A FE 83        	cp	#83			; Linux native (ext2/ext3/ext4...)
1162+ 9A5C CA 6B 9A     	jp	z,part_linux
1163+ 9A5F FE EE        	cp	#EE			; GPT protective MBR
1164+ 9A61 CA 80 9A     	jp	z,part_gpt
1165+ 9A64
1166+ 9A64              part_other
1167+ 9A64 21 99 A2     	ld	hl,TEXT_OTHER
1168+ 9A67 06 00        	ld	b,0
1169+ 9A69 18 7E        	jr	part_text
1170+ 9A6B
1171+ 9A6B              part_linux
1172+ 9A6B 21 7C A2     	ld	hl,TEXT_LINUX
1173+ 9A6E 06 00        	ld	b,0
1174+ 9A70 18 77        	jr	part_text
1175+ 9A72
1176+ 9A72              part_mdos3
1177+ 9A72 21 83 A2     	ld	hl,TEXT_MDOS3
1178+ 9A75 06 00        	ld	b,0			; rozpoznana, ale pro EasyCF nepouzitelna
1179+ 9A77 18 70        	jr	part_text
1180+ 9A79
1181+ 9A79              part_extended
1182+ 9A79 21 8F A2     	ld	hl,TEXT_EXTENDED
1183+ 9A7C 06 00        	ld	b,0
1184+ 9A7E 18 69        	jr	part_text
1185+ 9A80
1186+ 9A80              part_gpt
1187+ 9A80 21 8A A2     	ld	hl,TEXT_GPT
1188+ 9A83 06 00        	ld	b,0
1189+ 9A85 18 62        	jr	part_text
1190+ 9A87
1191+ 9A87              ; MBR type #07 je spolecny pro NTFS i exFAT.
1192+ 9A87              ; Nacteme pouze boot sektor teto partition do BUFFER2, abychom neprepsali MBR v BUFFERu.
1193+ 9A87              ; OEM ID je od offsetu +3: "NTFS    " nebo "EXFAT   ".
1194+ 9A87              part_type_07
1195+ 9A87 DD E5        	push	ix
1196+ 9A89              	; ATA_READ expects HL=upper 16 bits LBA, DE=lower 16 bits LBA
1197+ 9A89 DD 5E 08     	ld	e,(ix+8)
1198+ 9A8C DD 56 09     	ld	d,(ix+9)
1199+ 9A8F DD 6E 0A     	ld	l,(ix+10)
1200+ 9A92 DD 66 0B     	ld	h,(ix+11)
1201+ 9A95 DD 21 A1 AC  	ld	ix,BUFFER2
1202+ 9A99 CD BC A9     	call	ATA_READ
1203+ 9A9C DD E1        	pop	ix
1204+ 9A9E
1205+ 9A9E 3A A4 AC     	ld	a,(BUFFER2+3)
1206+ 9AA1 FE 4E        	cp	'N'
1207+ 9AA3 20 1C        	jr	nz,part_check_exfat
1208+ 9AA5 3A A5 AC     	ld	a,(BUFFER2+4)
1209+ 9AA8 FE 54        	cp	'T'
1210+ 9AAA 20 15        	jr	nz,part_check_exfat
1211+ 9AAC 3A A6 AC     	ld	a,(BUFFER2+5)
1212+ 9AAF FE 46        	cp	'F'
1213+ 9AB1 20 0E        	jr	nz,part_check_exfat
1214+ 9AB3 3A A7 AC     	ld	a,(BUFFER2+6)
1215+ 9AB6 FE 53        	cp	'S'
1216+ 9AB8 20 07        	jr	nz,part_check_exfat
1217+ 9ABA 21 6F A2     	ld	hl,TEXT_NTFS
1218+ 9ABD 06 00        	ld	b,0
1219+ 9ABF 18 28        	jr	part_text
1220+ 9AC1
1221+ 9AC1              part_check_exfat
1222+ 9AC1 3A A4 AC     	ld	a,(BUFFER2+3)
1223+ 9AC4 FE 45        	cp	'E'
1224+ 9AC6 20 9C        	jr	nz,part_other
1225+ 9AC8 3A A5 AC     	ld	a,(BUFFER2+4)
1226+ 9ACB FE 58        	cp	'X'
1227+ 9ACD 20 95        	jr	nz,part_other
1228+ 9ACF 3A A6 AC     	ld	a,(BUFFER2+5)
1229+ 9AD2 FE 46        	cp	'F'
1230+ 9AD4 20 8E        	jr	nz,part_other
1231+ 9AD6 3A A7 AC     	ld	a,(BUFFER2+6)
1232+ 9AD9 FE 41        	cp	'A'
1233+ 9ADB 20 87        	jr	nz,part_other
1234+ 9ADD 3A A8 AC     	ld	a,(BUFFER2+7)
1235+ 9AE0 FE 54        	cp	'T'
1236+ 9AE2 20 80        	jr	nz,part_other
1237+ 9AE4 21 75 A2     	ld	hl,TEXT_EXFAT
1238+ 9AE7 06 00        	ld	b,0
1239+ 9AE9
1240+ 9AE9              part_text
1241+ 9AE9 E5           	push	hl
1242+ 9AEA 78           	ld	a,b
1243+ 9AEB 2A 4F 9E     	ld	hl,(VDT_pointer+1)
1244+ 9AEE 77           	ld	(hl),a
1245+ 9AEF E1           	pop	hl
1246+ 9AF0 C1           	pop	bc
1247+ 9AF1 CD 71 A4     	call	T42_TEXT
1248+ 9AF4
1249+ 9AF4              ; Pokud je typ partition OTHER, zde zpracovani konci.
1250+ 9AF4              ; Info bajt VDT je 0, tedy partition je pro EasySD nepouzitelna.
1251+ 9AF4              ; Nesmime pokracovat do load_boot, jinak bychom cizí filesystem
1252+ 9AF4              ; (NTFS/exFAT/...) interpretovali jako FAT a poskodili i zarovnani VDT.
1253+ 9AF4 C5           	push	bc			;tiskova pozice pro ep2
1254+ 9AF5 2A 4F 9E     	ld	hl,(VDT_pointer+1)
1255+ 9AF8 7E           	ld	a,(hl)
1256+ 9AF9 B7           	or	a
1257+ 9AFA 20 06        	jr	nz,partition_is_fat
1258+ 9AFC 01 20 00     	ld	bc,32			;preskoc cely VDT zaznam OTHER
1259+ 9AFF C3 5C 9E     	jp	ep3
1260+ 9B02
1261+ 9B02              partition_is_fat
1262+ 9B02 C1           	pop	bc			;FAT cesta ma BC dale mimo stack jako dosud
1263+ 9B03
1264+ 9B03              					;ted hledame boot sektor pro dany oddil
1265+ 9B03 2A 9F AC     		ld	hl,(BUFFER2-2)
1266+ 9B06 11 55 AA     		ld	de,#AA55		;znacka platneho zaznamu MBR
1267+ 9B09 B7           		or	a
1268+ 9B0A ED 52        		sbc	hl,de
1269+ 9B0C 28 13        		jr	z,load_boot	;Z=tabulka MBR je platna
1270+ 9B0E
1271+ 9B0E              ;Neni FAT boot sektor ani platna MBR signatura.
1272+ 9B0E 18 00        		jr	not_boot
1273+ 9B10
1274+ 9B10 C1           not_boot	pop	bc		;nejde ani o boot sektor, medium nema smysluplna data, konec
1275+ 9B11 DD E1        		pop	ix
1276+ 9B13 F1           		pop	af
1277+ 9B14
1278+ 9B14 2A 4F 9E     		ld	hl,(VDT_pointer+1)
1279+ 9B17 36 00        		ld	(hl),0		;info bajt=0
1280+ 9B19
1281+ 9B19 21 B2 A2     		ld	hl,TEXT_NODATA
1282+ 9B1C CD 71 A4     		call	T42_TEXT
1283+ 9B1F F3           		di
1284+ 9B20 76           		halt			;zatim
1285+ 9B21              ;vytisknout, ze medium nema smylsuplna data a konec
1286+ 9B21
1287+ 9B21              ; pravděpodobně FAT Boot Sector
1288+ 9B21 ~            /*stary test davame pryc
1289+ 9B21 ~            		ld	hl,0		;jeste puvodni test MBR (puvodni EasyHdd)
1290+ 9B21 ~            		ld	d,h
1291+ 9B21 ~            		ld	e,h
1292+ 9B21 ~            		ld	a,(ix+0)	;je oddil bootovaci? Pokud ano, vycti boot sektor,pokud ne, bude boot v sektoru 0
1293+ 9B21 ~            		and	127
1294+ 9B21 ~            		jr	nz,MBRno
1295+ 9B21 ~            		ld	a,(ix+2)	;ale toto moc nechapu, pro se testuje CHS?
1296+ 9B21 ~            		and	a
1297+ 9B21 ~            		jr	z,MBRno
1298+ 9B21 ~            */
1299+ 9B21
1300+ 9B21
1301+ 9B21
1302+ 9B21 DD 6E 08     load_boot	ld	l,(ix+8)
1303+ 9B24 DD 66 09     		ld	h,(ix+9)	;nizsi
1304+ 9B27 DD 5E 0A     		ld	e,(ix+10)
1305+ 9B2A DD 56 0B     		ld	d,(ix+11)	;vyssi
1306+ 9B2D
1307+ 9B2D
1308+ 9B2D ED 53 A5 9B  MBRno		ld	(bootsec1+1),de	;pro MBRno, vyplnujeme vse 0
1309+ 9B31 22 A2 9B     		ld	(bootsec+1),hl	;schovame cislo bootsektoru pro budouci vypocet
1310+ 9B34
1311+ 9B34
1312+ 9B34              ;mame boot sektor, jdeme ho nahrat a taky vypsat na obrazovku
1313+ 9B34 22 4E 99     		ld	(zzbin),hl
1314+ 9B37 ED 53 50 99  		ld	(zzbin+2),de
1315+ 9B3B E5           		push	hl
1316+ 9B3C D5           		push	de
1317+ 9B3D              ;		push	bc		;BC=tiskova pozice
1318+ 9B3D CD 04 99     		call	HL2ASCII32
1319+ 9B40              ;		pop	bc
1320+ 9B40 0C           		inc	c		;posunuli jsme tiskovou pozici
1321+ 9B41
1322+ 9B41 21 5B 99     		ld	hl,zzdec+9
1323+ 9B44 CB FE        		set	7,(hl)
1324+ 9B46 21 52 99     		ld	hl,zzdec
1325+ 9B49              ;		ld	bc,#0B10
1326+ 9B49
1327+ 9B49 7E           mbs1		ld	a,(hl)
1328+ 9B4A B7           		or	a
1329+ 9B4B 20 04        		jr	nz,mbs2
1330+ 9B4D 23           		inc	hl
1331+ 9B4E 0C           		inc	c
1332+ 9B4F 18 F8        		jr	mbs1
1333+ 9B51
1334+ 9B51 CD 71 A4     mbs2		call	T42_TEXT	;vypis jeho cislo
1335+ 9B54
1336+ 9B54 E1           		pop	hl
1337+ 9B55 D1           		pop	de		;HLDE=boot sektor
1338+ 9B56
1339+ 9B56 0C           		inc	c
1340+ 9B57 C5           		push	bc		;posun tiskovou pozici
1341+ 9B58
1342+ 9B58 DD 21 A1 AA  		ld	ix,BUFFER
1343+ 9B5C CD BC A9     		call	ATA_READ		;nacti boot na adresu v IX (BUFFER)
1344+ 9B5F
1345+ 9B5F ~            /*toto bylo na zacatku, kdyz jsem si to potreboval vizualizovat
1346+ 9B5F ~            		ld	hl,BUFFER+11	;prenes hodnoty z boot sektoru potrebne pro vypocet
1347+ 9B5F ~            		ld	de,BPB_BytesPerSec
1348+ 9B5F ~            		ld	bc,8
1349+ 9B5F ~            		ldir
1350+ 9B5F ~            		ld	hl,BUFFER+22
1351+ 9B5F ~            		ld	(BPB_FATSz16),hl
1352+ 9B5F ~            		ld	hl,BUFFER+36
1353+ 9B5F ~            		ld	bc,4
1354+ 9B5F ~            		push	bc
1355+ 9B5F ~            		ldir
1356+ 9B5F ~            		ld	hl,BUFFER+44
1357+ 9B5F ~            		pop	bc
1358+ 9B5F ~            		ldir
1359+ 9B5F ~
1360+ 9B5F ~            ;hodnoty z bootu
1361+ 9B5F ~            BPB_BytesPerSec		dw	#5555	;offset	11	delka 2
1362+ 9B5F ~            BPB_SecPerClus		db	#55	;offset	13	delka 1
1363+ 9B5F ~            BPB_RsvdSecCnt		dw	#5555	;offset	14	delka 2
1364+ 9B5F ~            BPB_NumFATs		db	#55	;offset 16	delka 1
1365+ 9B5F ~
1366+ 9B5F ~            FAT16:
1367+ 9B5F ~            BPB_RootEntCnt		dw	#5555	;offset	17	delka 2
1368+ 9B5F ~            BPB_FATSz16		dw	#5555	;offset	22	delka 2
1369+ 9B5F ~
1370+ 9B5F ~            FAT32:
1371+ 9B5F ~            BPB_FATSz32		dw	#5555,#5555	;offset	36	delka 4
1372+ 9B5F ~            BPB_RootClus		dw	#5555,#5555	;offset	44	delka 4
1373+ 9B5F ~            */
1374+ 9B5F
1375+ 9B5F
1376+ 9B5F              ;3. Výpočet prvního datového sektoru
1377+ 9B5F              ;pocet FAT x velikost FAT
1378+ 9B5F DD 6E 11     		ld	l,(ix+17)	;pouze pro FAT16. pocet polozek v Root diru, rovnou vypocitame pocet polozek
1379+ 9B62 DD 66 12     		ld	h,(ix+18)	;(pocet polozek*32)/512=pocet sektoru
1380+ 9B65
1381+ 9B65 06 04        		ld	b,4		;vpocet si zjednodusime
1382+ 9B67 CB 3C        lb2_f16		srl	h
1383+ 9B69 CB 1D        		rr	l
1384+ 9B6B 10 FA        		djnz	lb2_f16
1385+ 9B6D 22 18 9E     		ld	(RootEntCnt+1),hl	;
1386+ 9B70
1387+ 9B70 DD 7E 0D     		ld	a,(ix+13)	;pocet sektoru na cluster
1388+ 9B73 32 F7 9D     		ld	(l1F+1),a
1389+ 9B76
1390+ 9B76 DD CB FF 46  		bit	0,(ix-1)	;jdeme pocitat, nejprve počet FATx delka FAT
1391+ 9B7A DD 6E 16     		ld	l,(ix+22)	;FAT16-pocet sektoru FAT
1392+ 9B7D DD 66 17     		ld	h,(ix+23)
1393+ 9B80 11 00 00     		ld	de,0
1394+ 9B83 28 0C        		jr	z,lb1_f16
1395+ 9B85 DD 6E 24     		ld	l,(ix+36)	;FAT32- pocet sektoru FAT
1396+ 9B88 DD 66 25     		ld	h,(ix+37)
1397+ 9B8B DD 5E 26     		ld	e,(ix+38)
1398+ 9B8E DD 56 27     		ld	d,(ix+39)
1399+ 9B91 DD 7E 10     lb1_f16		ld	a,(ix+16)	;pocet FAT tabulek
1400+ 9B94 CD C0 AE     		call	MUL32x8		;nasobeni 32x8, vysledek je HL'DE'
1401+ 9B97
1402+ 9B97              ;pricteme k tomu pocet rezervovanych sektoru
1403+ 9B97 DD 4E 0E     		ld	c,(ix+14)	;pocet rezervovanych sektoru
1404+ 9B9A DD 46 0F     		ld	b,(ix+15)
1405+ 9B9D CD FB AE     		call	ADD32_16	;scitani 32+16, out HLDE
1406+ 9BA0 D9           		exx			;vysledek je v HLDE
1407+ 9BA1              ;mame FirstDataSectorRel
1408+ 9BA1              					;jeste pricist sektory od bootu
1409+ 9BA1              ;pricteme k tomu PartitionStartLBA (boot sektor)
1410+ 9BA1 21 55 55     bootsec		ld	hl,#5555	;nizsi
1411+ 9BA4 11 55 55     bootsec1	ld	de,#5555	;vyssi
1412+ 9BA7 CD 10 AF     		call	ADD32_32	;vysledek je v HLDE
1413+ 9BAA
1414+ 9BAA              ;uschovej absolutni zacatek datove oblasti. U FAT32 se RootDir muze nachazet
1415+ 9BAA              ;v jinem clusteru nez 2, proto se pozdeji MBD musi pocitat od FirstDataLBA,
1416+ 9BAA              ;nikoli od RootDirLBA.
1417+ 9BAA 22 69 AA     		ld	(FirstDataLBA),hl
1418+ 9BAD ED 53 6B AA  		ld	(FirstDataLBA+2),de
1419+ 9BB1
1420+ 9BB1              ; FAT16: HLDE uz obsahuje spravny RootDir LBA.
1421+ 9BB1              ; FAT32 pomocne vypocty nize by HLDE znicily.
1422+ 9BB1 DD CB FF 46  		bit     0,(ix-1)
1423+ 9BB5 28 51        		jr      z,load_root_dir
1424+ 9BB7
1425+ 9BB7              ;udaje potrebne pro robustni prohledani FAT32 root directory
1426+ 9BB7 DD 7E 0D     		ld	a,(ix+13)
1427+ 9BBA 32 7D AA     		ld	(FAT32_SecPerClus),a
1428+ 9BBD DD 6E 2C     		ld	l,(ix+44)
1429+ 9BC0 DD 66 2D     		ld	h,(ix+45)
1430+ 9BC3 22 71 AA     		ld	(FAT32_CurCluster),hl
1431+ 9BC6 DD 6E 2E     		ld	l,(ix+46)
1432+ 9BC9 DD 66 2F     		ld	h,(ix+47)
1433+ 9BCC 22 73 AA     		ld	(FAT32_CurCluster+2),hl
1434+ 9BCF
1435+ 9BCF              ;FirstFATLBA = PartitionStartLBA + ReservedSectors
1436+ 9BCF 2A A2 9B     		ld	hl,(bootsec+1)
1437+ 9BD2 ED 5B A5 9B  		ld	de,(bootsec1+1)
1438+ 9BD6 DD 4E 0E     		ld	c,(ix+14)
1439+ 9BD9 DD 46 0F     		ld	b,(ix+15)
1440+ 9BDC 09           		add	hl,bc
1441+ 9BDD 30 01        		jr	nc,.fatlba_no_carry
1442+ 9BDF 13           		inc	de
1443+ 9BE0              .fatlba_no_carry
1444+ 9BE0 22 6D AA     		ld	(FAT32_FirstFATLBA),hl
1445+ 9BE3 ED 53 6F AA  		ld	(FAT32_FirstFATLBA+2),de
1446+ 9BE7
1447+ 9BE7              ;hotovo pro FAT16. HLDE= root dir pro FAT16
1448+ 9BE7
1449+ 9BE7
1450+ 9BE7 DD CB FF 46  		bit	0,(ix-1)
1451+ 9BEB 28 1B        		jr	z,load_root_dir
1452+ 9BED
1453+ 9BED D9           		exx
1454+ 9BEE              					;pro FAT32 musime pokracovat
1455+ 9BEE DD 6E 2C     		ld	l,(ix+44)	;first cluster number of the root directory
1456+ 9BF1 DD 66 2D     		ld	h,(ix+45)
1457+ 9BF4 DD 5E 2E     		ld	e,(ix+46)
1458+ 9BF7 DD 56 2F     		ld	d,(ix+47)
1459+ 9BFA              ;odecteme 2, protoze pokud je cluster ve FAT32=2, pak zacatek root dir je hned za FAT2, jako u FAT16
1460+ 9BFA 3E 02        		ld	a,2
1461+ 9BFC CD FF AE     		call	SUB32_8
1462+ 9BFF DD 7E 0D     		ld	a,(ix+13)
1463+ 9C02 CD C0 AE     		call	MUL32x8
1464+ 9C05 CD 10 AF     		call	ADD32_32
1465+ 9C08              					;HLDE=root dir pro FAT32
1466+ 9C08
1467+ 9C08              load_root_dir
1468+ 9C08 ~            /*toto je spatne, tohle cislo nechceme tisknout, budeme tisknout soubor do tretiho sloupce
1469+ 9C08 ~            		pop	bc		;tiskova pozice, nechame ji venku, nic ji neposkozuje
1470+ 9C08 ~            		push	hl
1471+ 9C08 ~            		push	de		;dame to bokem
1472+ 9C08 ~
1473+ 9C08 ~            		ld	(zzbin),hl	;nejprve tisk
1474+ 9C08 ~            		ld	(zzbin+2),de
1475+ 9C08 ~
1476+ 9C08 ~            		call	HL2ASCII32
1477+ 9C08 ~            		ld	hl,zzdec+9
1478+ 9C08 ~            		set	7,(hl)
1479+ 9C08 ~            		ld	hl,zzdec
1480+ 9C08 ~            ;		ld	bc,#0B1B
1481+ 9C08 ~            ;		pop	bc
1482+ 9C08 ~            lrd1		ld	a,(hl)
1483+ 9C08 ~            		or	a
1484+ 9C08 ~            		jr	nz,lrd2
1485+ 9C08 ~            		inc	hl
1486+ 9C08 ~            		inc	c
1487+ 9C08 ~            		jr	lrd1
1488+ 9C08 ~
1489+ 9C08 ~            lrd2		call	T42_TEXT	;vypis jeho cislo
1490+ 9C08 ~            					;... a load a vyhledani souboru .MBD/.MBH
1491+ 9C08 ~            		inc	c
1492+ 9C08 ~
1493+ 9C08 ~            		pop	hl
1494+ 9C08 ~            		pop	de		;HLDE=Root Dir FAT32/FAT16
1495+ 9C08 ~            ;uschovame ho, bude ještě potřeba, je to start DIRs sektoru pro FAT16, nebo start datovch sektoru pro FAT32
1496+ 9C08 ~
1497+ 9C08 ~            		push	hl
1498+ 9C08 ~            		push	de
1499+ 9C08 ~
1500+ 9C08 ~            		push	bc		;tiskova pozice
1501+ 9C08 ~
1502+ 9C08 ~            */
1503+ 9C08 C1           		pop	bc
1504+ 9C09 EB           		ex	de,hl
1505+ 9C0A E5           		push	hl
1506+ 9C0B D5           		push	de
1507+ 9C0C C5           		push	bc		;BC=tiskova pozice
1508+ 9C0D
1509+ 9C0D              ;	ld	ix,BUFFER
1510+ 9C0D              ;;;	ld	a,%00000000	;master
1511+ 9C0D
1512+ 9C0D              ;FAT32: neber prvni MBD podle poradi directory entries.
1513+ 9C0D              ;Projdi cely root cluster chain a vyber MBD/MBH s NEJNIZSIM start clusterem,
1514+ 9C0D              ;tj. fyzicky prvni image na karte.
1515+ 9C0D 3A A0 AA     	ld	a,(fat_type)
1516+ 9C10 CB 47        	bit	0,a
1517+ 9C12 28 0C        	jr	z,.scan_fat16_old
1518+ 9C14
1519+ 9C14 CD 74 9C     	call	FAT32_FIND_LOWEST_MBD
1520+ 9C17 2A 4F 9E     	ld	hl,(VDT_pointer+1)
1521+ 9C1A B7           	or	a
1522+ 9C1B C2 D7 9D     	jp	nz,platne
1523+ 9C1E 18 2A        	jr	mbd_not_found
1524+ 9C20
1525+ 9C20              .scan_fat16_old
1526+ 9C20 CD BC A9     	call	ATA_READ
1527+ 9C23
1528+ 9C23 06 08        	ld	b,8		;; FAT16 zustava beze zmeny: prvnich 8 polozek
1529+ 9C25 11 20 00     	ld	de,32		;; kazda polozka ma 32 bytes
1530+ 9C28 2A 4F 9E     	ld	hl,(VDT_pointer+1)
1531+ 9C2B              nextfile
1532+ 9C2B DD 7E 08     	ld	a,(ix+08h)
1533+ 9C2E FE 4D        	cp	"M"
1534+ 9C30 20 14        	jr	nz, neplatne
1535+ 9C32 DD 7E 09     	ld	a,(ix+09h)
1536+ 9C35 FE 42        	cp	"B"
1537+ 9C37 20 0D        	jr	nz, neplatne
1538+ 9C39 DD 7E 0A     	ld	a,(ix+0ah)
1539+ 9C3C FE 48        	cp	"H"
1540+ 9C3E CA D7 9D     	jp	z, platne
1541+ 9C41 FE 44        	cp	"D"
1542+ 9C43 CA D7 9D     	jp	z, platne
1543+ 9C46              neplatne
1544+ 9C46 DD 19        	add	ix,de
1545+ 9C48 10 E1        	djnz	nextfile
1546+ 9C4A
1547+ 9C4A              mbd_not_found
1548+ 9C4A CB 8E        	res	1,(hl)		;nastav priznak, ze jde o nepouzitelny oddil, nema MBD soubor
1549+ 9C4C
1550+ 9C4C 21 B2 A2     	ld	hl,TEXT_NODATA
1551+ 9C4F C1           	pop	bc		;tiskova pozice
1552+ 9C50 CD 71 A4     	call	T42_TEXT	;tisk "No Data"= soubor MBD/MBH neni pritomen
1553+ 9C53
1554+ 9C53              	; Cely radek teto partition obarvime cervene.
1555+ 9C53              	; B obsahuje cislo aktualniho textoveho radku.
1556+ 9C53              	; Atributova oblast ZX zacina na #5800, polozky menu od sloupce 1.
1557+ 9C53 C5           	push	bc
1558+ 9C54 78           	ld	a,b
1559+ 9C55 21 01 58     	ld	hl,#5801
1560+ 9C58 11 20 00     	ld	de,32
1561+ 9C5B 47           	ld	b,a
1562+ 9C5C              no_data_red_seek
1563+ 9C5C 19           	add	hl,de
1564+ 9C5D 10 FD        	djnz	no_data_red_seek
1565+ 9C5F 06 1D        	ld	b,cursor_len	; stejne dlouhy radek jako kurzor (29 atributu)
1566+ 9C61 3E 42        	ld	a,66		; bright red ink, black paper
1567+ 9C63              no_data_red_fill
1568+ 9C63 77           	ld	(hl),a
1569+ 9C64 23           	inc	hl
1570+ 9C65 10 FC        	djnz	no_data_red_fill
1571+ 9C67 C1           	pop	bc
1572+ 9C68
1573+ 9C68              	; MBD/MBH se nenasel. Na zasobniku jsou jeste dve 16bitove
1574+ 9C68              	; poloviny ulozeneho RootDir LBA. Pres l1F uz nesmime pokracovat,
1575+ 9C68              	; protoze l1F ocekava na vrcholu zasobniku znovu BC a pocita LBA
1576+ 9C68              	; neexistujiciho souboru. Uklidime RootDir a vratime BC tak, jak ho
1577+ 9C68              	; ocekava end_partition/ep2.
1578+ 9C68 D1           	pop	de		;zahod ulozene DE RootDir LBA
1579+ 9C69 E1           	pop	hl		;zahod ulozene HL RootDir LBA
1580+ 9C6A C5           	push	bc		;ep2 bude znovu delat POP BC
1581+ 9C6B
1582+ 9C6B              	; No Data je stale jeden kompletni 32B VDT zaznam.
1583+ 9C6B              	; Musime posunout VDT_pointer na nasledujici partition, jinak
1584+ 9C6B              	; se dalsi platna partition zapise do stejneho VDT zaznamu.
1585+ 9C6B 2A 4F 9E     	ld	hl,(VDT_pointer+1)
1586+ 9C6E 01 20 00     	ld	bc,32
1587+ 9C71 C3 5C 9E     	jp	ep3
1588+ 9C74
1589+ 9C74
1590+ 9C74              ;------------------------------------------------------------------------------
1591+ 9C74              ; FAT32_FIND_LOWEST_MBD
1592+ 9C74              ; Projde CELÝ ALOKOVANY FAT32 root directory cluster chain a z nalezenych MBD/MBH
1593+ 9C74              ; vybere soubor s nejmensim start clusterem = fyzicky prvni MBD.
1594+ 9C74              ;
1595+ 9C74              ; OUT:
1596+ 9C74              ;   A=0  ... MBD/MBH nenalezen
1597+ 9C74              ;   A=1  ... nalezen, IX -> FAT32_BestEntry (32B kopie directory entry)
1598+ 9C74              ;
1599+ 9C74              ; Pouziva BUFFER pro directory sektor, BUFFER2 pro sektor FAT.
1600+ 9C74              ;------------------------------------------------------------------------------
1601+ 9C74              FAT32_FIND_LOWEST_MBD
1602+ 9C74 AF           	xor	a
1603+ 9C75 32 7F AA     	ld	(FAT32_Found),a
1604+ 9C78 21 FF FF     	ld	hl,#FFFF
1605+ 9C7B 22 79 AA     	ld	(FAT32_BestCluster),hl
1606+ 9C7E 22 7B AA     	ld	(FAT32_BestCluster+2),hl
1607+ 9C81
1608+ 9C81              .f32_cluster_loop
1609+ 9C81              	; DirLBA = FirstDataLBA + (CurCluster-2) * SecPerClus
1610+ 9C81              	; Pouzij existujici 32bit math rutiny; pouze platne Z80 instrukce.
1611+ 9C81 2A 71 AA     	ld	hl,(FAT32_CurCluster)
1612+ 9C84 ED 5B 73 AA  	ld	de,(FAT32_CurCluster+2)
1613+ 9C88 3E 02        	ld	a,2
1614+ 9C8A CD FF AE     	call	SUB32_8
1615+ 9C8D 3A 7D AA     	ld	a,(FAT32_SecPerClus)
1616+ 9C90 CD C0 AE     	call	MUL32x8
1617+ 9C93 D9           	exx
1618+ 9C94 2A 69 AA     	ld	hl,(FirstDataLBA)
1619+ 9C97 ED 5B 6B AA  	ld	de,(FirstDataLBA+2)
1620+ 9C9B CD 10 AF     	call	ADD32_32
1621+ 9C9E
1622+ 9C9E 22 75 AA     	ld	(FAT32_DirLBA),hl
1623+ 9CA1 ED 53 77 AA  	ld	(FAT32_DirLBA+2),de
1624+ 9CA5
1625+ 9CA5 3A 7D AA     	ld	a,(FAT32_SecPerClus)
1626+ 9CA8 32 7E AA     	ld	(FAT32_SectorsLeft),a
1627+ 9CAB
1628+ 9CAB              .f32_sector_loop
1629+ 9CAB ED 5B 75 AA  	ld	de,(FAT32_DirLBA)
1630+ 9CAF 2A 77 AA     	ld	hl,(FAT32_DirLBA+2)
1631+ 9CB2 DD 21 A1 AA  	ld	ix,BUFFER
1632+ 9CB6 CD BC A9     	call	ATA_READ
1633+ 9CB9
1634+ 9CB9 06 10        	ld	b,16			; cely 512B sektor = 16 x 32B entries
1635+ 9CBB DD 21 A1 AA  	ld	ix,BUFFER
1636+ 9CBF
1637+ 9CBF              .f32_entry_loop
1638+ 9CBF DD 7E 00     	ld	a,(ix+0)
1639+ 9CC2 B7           	or	a
1640+ 9CC3 CA 39 9D     	jp	z,.f32_next_entry	; 00 = volna/nepouzita polozka; projdeme cely alokovany root chain
1641+ 9CC6 FE E5        	cp	#E5
1642+ 9CC8 CA 39 9D     	jp	z,.f32_next_entry	; deleted
1643+ 9CCB
1644+ 9CCB DD 7E 0B     	ld	a,(ix+11)
1645+ 9CCE FE 0F        	cp	#0F
1646+ 9CD0 28 67        	jr	z,.f32_next_entry	; LFN
1647+ 9CD2 CB 5F        	bit	3,a
1648+ 9CD4 20 63        	jr	nz,.f32_next_entry	; volume label
1649+ 9CD6 CB 67        	bit	4,a
1650+ 9CD8 20 5F        	jr	nz,.f32_next_entry	; directory
1651+ 9CDA
1652+ 9CDA DD 7E 08     	ld	a,(ix+8)
1653+ 9CDD FE 4D        	cp	"M"
1654+ 9CDF 20 58        	jr	nz,.f32_next_entry
1655+ 9CE1 DD 7E 09     	ld	a,(ix+9)
1656+ 9CE4 FE 42        	cp	"B"
1657+ 9CE6 20 51        	jr	nz,.f32_next_entry
1658+ 9CE8 DD 7E 0A     	ld	a,(ix+10)
1659+ 9CEB FE 44        	cp	"D"
1660+ 9CED 28 04        	jr	z,.f32_candidate
1661+ 9CEF FE 48        	cp	"H"
1662+ 9CF1 20 46        	jr	nz,.f32_next_entry
1663+ 9CF3
1664+ 9CF3              .f32_candidate
1665+ 9CF3              	; FAT32 start cluster: HI word @20, LO word @26
1666+ 9CF3 DD 6E 1A     	ld	l,(ix+26)
1667+ 9CF6 DD 66 1B     	ld	h,(ix+27)
1668+ 9CF9 DD 5E 14     	ld	e,(ix+20)
1669+ 9CFC DD 7E 15     	ld	a,(ix+21)
1670+ 9CFF E6 0F        	and	#0F
1671+ 9D01 57           	ld	d,a
1672+ 9D02
1673+ 9D02              	; cluster 0/1 neni platny datovy cluster
1674+ 9D02 7A           	ld	a,d
1675+ 9D03 B3           	or	e
1676+ 9D04 B4           	or	h
1677+ 9D05 20 05        	jr	nz,.f32_compare
1678+ 9D07 7D           	ld	a,l
1679+ 9D08 FE 02        	cp	2
1680+ 9D0A 38 2D        	jr	c,.f32_next_entry
1681+ 9D0C
1682+ 9D0C              .f32_compare
1683+ 9D0C              	; unsigned 32bit: DEHL < BestCluster ?
1684+ 9D0C              	; candidate-Best, carry z horniho slova znamena candidate < Best.
1685+ 9D0C D5           	push	de
1686+ 9D0D E5           	push	hl
1687+ 9D0E ED 4B 79 AA  	ld	bc,(FAT32_BestCluster)
1688+ 9D12 B7           	or	a
1689+ 9D13 ED 42        	sbc	hl,bc
1690+ 9D15 EB           	ex	de,hl
1691+ 9D16 ED 4B 7B AA  	ld	bc,(FAT32_BestCluster+2)
1692+ 9D1A ED 42        	sbc	hl,bc
1693+ 9D1C E1           	pop	hl
1694+ 9D1D D1           	pop	de
1695+ 9D1E 30 19        	jr	nc,.f32_next_entry
1696+ 9D20
1697+ 9D20              .f32_new_best
1698+ 9D20 22 79 AA     	ld	(FAT32_BestCluster),hl
1699+ 9D23 ED 53 7B AA  	ld	(FAT32_BestCluster+2),de
1700+ 9D27
1701+ 9D27 C5           	push	bc			; zachovej B = pocitadlo directory entries
1702+ 9D28 DD E5        	push	ix
1703+ 9D2A E1           	pop	hl
1704+ 9D2B 11 80 AA     	ld	de,FAT32_BestEntry
1705+ 9D2E 01 20 00     	ld	bc,32
1706+ 9D31 ED B0        	ldir
1707+ 9D33 C1           	pop	bc
1708+ 9D34 3E 01        	ld	a,1
1709+ 9D36 32 7F AA     	ld	(FAT32_Found),a
1710+ 9D39
1711+ 9D39              .f32_next_entry
1712+ 9D39 11 20 00     	ld	de,32
1713+ 9D3C DD 19        	add	ix,de
1714+ 9D3E 05           	dec	b
1715+ 9D3F C2 BF 9C     	jp	nz,.f32_entry_loop
1716+ 9D42
1717+ 9D42              	; dalsi sektor stejneho root clusteru
1718+ 9D42 21 75 AA     	ld	hl,FAT32_DirLBA
1719+ 9D45 34           	inc	(hl)
1720+ 9D46 20 0A        	jr	nz,.f32_lba_inc_done
1721+ 9D48 23           	inc	hl
1722+ 9D49 34           	inc	(hl)
1723+ 9D4A 20 06        	jr	nz,.f32_lba_inc_done
1724+ 9D4C 23           	inc	hl
1725+ 9D4D 34           	inc	(hl)
1726+ 9D4E 20 02        	jr	nz,.f32_lba_inc_done
1727+ 9D50 23           	inc	hl
1728+ 9D51 34           	inc	(hl)
1729+ 9D52              .f32_lba_inc_done
1730+ 9D52
1731+ 9D52 3A 7E AA     	ld	a,(FAT32_SectorsLeft)
1732+ 9D55 3D           	dec	a
1733+ 9D56 32 7E AA     	ld	(FAT32_SectorsLeft),a
1734+ 9D59 C2 AB 9C     	jp	nz,.f32_sector_loop
1735+ 9D5C
1736+ 9D5C              	; Nacti FAT entry pro aktualni root cluster.
1737+ 9D5C              	; FAT32 ma 128 zaznamu/sektor => FAT sector = cluster >> 7.
1738+ 9D5C              	; CurCluster je little-endian 32bit; FAT32 pouziva jen 28 bitu.
1739+ 9D5C 3A 71 AA     	ld	a,(FAT32_CurCluster)
1740+ 9D5F 67           	ld	h,a
1741+ 9D60 3A 72 AA     	ld	a,(FAT32_CurCluster+1)
1742+ 9D63 6F           	ld	l,a
1743+ 9D64 3A 73 AA     	ld	a,(FAT32_CurCluster+2)
1744+ 9D67 5F           	ld	e,a
1745+ 9D68 16 00        	ld	d,0
1746+ 9D6A 29           	add	hl,hl
1747+ 9D6B CB 13        	rl	e
1748+ 9D6D CB 12        	rl	d
1749+ 9D6F 65           	ld	h,l
1750+ 9D70 6B           	ld	l,e
1751+ 9D71 5A           	ld	e,d
1752+ 9D72 16 00        	ld	d,0
1753+ 9D74
1754+ 9D74              	; DEHL = cluster>>7; pricteme absolutni LBA prvni FAT.
1755+ 9D74 ED 4B 6D AA  	ld	bc,(FAT32_FirstFATLBA)
1756+ 9D78 09           	add	hl,bc
1757+ 9D79 EB           	ex	de,hl
1758+ 9D7A ED 4B 6F AA  	ld	bc,(FAT32_FirstFATLBA+2)
1759+ 9D7E ED 4A        	adc	hl,bc
1760+ 9D80 EB           	ex	de,hl
1761+ 9D81
1762+ 9D81 EB           	ex	de,hl			; ATA_READ: HL=upper, DE=lower
1763+ 9D82 DD 21 A1 AC  	ld	ix,BUFFER2
1764+ 9D86 CD BC A9     	call	ATA_READ
1765+ 9D89
1766+ 9D89              	; offset v FAT sektoru = (cluster & 127)*4
1767+ 9D89 3A 71 AA     	ld	a,(FAT32_CurCluster)
1768+ 9D8C E6 7F        	and	#7F
1769+ 9D8E 87           	add	a,a
1770+ 9D8F 87           	add	a,a
1771+ 9D90 6F           	ld	l,a
1772+ 9D91 26 00        	ld	h,0
1773+ 9D93 11 A1 AC     	ld	de,BUFFER2
1774+ 9D96 19           	add	hl,de
1775+ 9D97
1776+ 9D97 5E           	ld	e,(hl)
1777+ 9D98 23           	inc	hl
1778+ 9D99 56           	ld	d,(hl)
1779+ 9D9A 23           	inc	hl
1780+ 9D9B 4E           	ld	c,(hl)
1781+ 9D9C 23           	inc	hl
1782+ 9D9D 7E           	ld	a,(hl)
1783+ 9D9E E6 0F        	and	#0F
1784+ 9DA0 47           	ld	b,a			; BCDE = next cluster (B highest)
1785+ 9DA1
1786+ 9DA1              	; EOC >= 0FFFFFF8, bad cluster 0FFFFFF7 take also as end.
1787+ 9DA1 78           	ld	a,b
1788+ 9DA2 FE 0F        	cp	#0F
1789+ 9DA4 20 0F        	jr	nz,.f32_store_next
1790+ 9DA6 79           	ld	a,c
1791+ 9DA7 FE FF        	cp	#FF
1792+ 9DA9 20 0A        	jr	nz,.f32_store_next
1793+ 9DAB 7A           	ld	a,d
1794+ 9DAC FE FF        	cp	#FF
1795+ 9DAE 20 05        	jr	nz,.f32_store_next
1796+ 9DB0 7B           	ld	a,e
1797+ 9DB1 FE F7        	cp	#F7
1798+ 9DB3 30 16        	jr	nc,.f32_directory_end
1799+ 9DB5
1800+ 9DB5              .f32_store_next
1801+ 9DB5              	; 0/1 = invalid chain => konec
1802+ 9DB5 78           	ld	a,b
1803+ 9DB6 B1           	or	c
1804+ 9DB7 B2           	or	d
1805+ 9DB8 20 05        	jr	nz,.f32_next_valid
1806+ 9DBA 7B           	ld	a,e
1807+ 9DBB FE 02        	cp	2
1808+ 9DBD 38 0C        	jr	c,.f32_directory_end
1809+ 9DBF              .f32_next_valid
1810+ 9DBF
1811+ 9DBF ED 53 71 AA  	ld	(FAT32_CurCluster),de
1812+ 9DC3 60           	ld	h,b
1813+ 9DC4 69           	ld	l,c
1814+ 9DC5 22 73 AA     	ld	(FAT32_CurCluster+2),hl
1815+ 9DC8 C3 81 9C     	jp	.f32_cluster_loop
1816+ 9DCB
1817+ 9DCB              .f32_directory_end
1818+ 9DCB 3A 7F AA     	ld	a,(FAT32_Found)
1819+ 9DCE B7           	or	a
1820+ 9DCF C8           	ret	z
1821+ 9DD0 DD 21 80 AA  	ld	ix,FAT32_BestEntry
1822+ 9DD4 3E 01        	ld	a,1
1823+ 9DD6 C9           	ret
1824+ 9DD7
1825+ 9DD7              ;Skutečná fyzická pozice souboru na disku se spočítá tak, že se od čísla clusteru odečte 2, to se vynásobí počtem sektorů na cluster a přičte se začátek datové oblasti. Stejne pro FAT16 i FAT32.
1826+ 9DD7
1827+ 9DD7 CB CE        platne	set	1,(hl)
1828+ 9DD9 C1           	pop	bc		;tiskova pozice
1829+ 9DDA DD E5        	push	ix
1830+ 9DDC E1           	pop	hl
1831+ 9DDD DD CB 0A FE  	set	7,(ix+10)
1832+ 9DE1 CD 71 A4     	call	T42_TEXT	;vypis jeho nazev
1833+ 9DE4 C5           	push	bc		;tiskova pozice
1834+ 9DE5 DD 6E 1A     	ld	l,(ix+26)	;;cluster na kterem zacina soubor
1835+ 9DE8 DD 66 1B     	ld	h,(ix+27)
1836+ 9DEB DD 5E 14     	ld	e,(ix+20)
1837+ 9DEE DD 56 15     	ld	d,(ix+21)	;hlde=cluster of a file
1838+ 9DF1 3E 02        	ld	a,2		;nutno odecist 2
1839+ 9DF3 CD FF AE     	call	SUB32_8
1840+ 9DF6
1841+ 9DF6 3E 55        l1F	ld	a,#55		;pocet sektoru na cluster
1842+ 9DF8 CD C0 AE     	call	MUL32x8		;vysledek v HLDE
1843+ 9DFB D9           	exx				;offset souboru presun do alternativnich registru
1844+ 9DFC C1           	pop	bc		;tiskova pozice
1845+ 9DFD E1           	pop	hl
1846+ 9DFE D1           	pop	de		;HLDE=Root Dir FAT32/FAT16
1847+ 9DFF C5           	push	bc		;tiskova pozice
1848+ 9E00
1849+ 9E00              	; V tomto miste uz IX ukazuje na adresarovou polozku MBD, proto nelze
1850+ 9E00              	; testovat FAT typ pres (ix+0). Pouzij globalni priznak fat_type.
1851+ 9E00 3A A0 AA     	ld	a,(fat_type)
1852+ 9E03 CB 47        	bit	0,a
1853+ 9E05 28 0C        	jr	z,l1F_fat16
1854+ 9E07
1855+ 9E07              	; FAT32: zakladem pro prevod clusteru souboru je FirstDataLBA,
1856+ 9E07              	; nikoli RootDirLBA (RootClus nemusi byt 2).
1857+ 9E07 2A 69 AA     	ld	hl,(FirstDataLBA)
1858+ 9E0A ED 5B 6B AA  	ld	de,(FirstDataLBA+2)
1859+ 9E0E CD 10 AF     	call	ADD32_32
1860+ 9E11 18 0A        	jr	end_partition
1861+ 9E13
1862+ 9E13              				;FAT16: k RootDirLBA nejprve pricteme offset souboru
1863+ 9E13 CD 10 AF     l1F_fat16	call	ADD32_32
1864+ 9E16
1865+ 9E16              				;pak jeste velikost pevneho Root Directory
1866+ 9E16 D9           	exx
1867+ 9E17
1868+ 9E17 21 55 55     RootEntCnt	ld	hl,#5555
1869+ 9E1A CD 10 AF     		call	ADD32_32
1870+ 9E1D
1871+ 9E1D              				;v HLDE je prvni sektor image MBD/MBH, i pro FAT32:)
1872+ 9E1D
1873+ 9E1D ~            /*
1874+ 9E1D ~            osetrit:
1875+ 9E1D ~            - DONE neni MBR- pak bude svitit jen jeden radek ve vyisu, a bude snaha datekovat FAT16/FAT32/other
1876+ 9E1D ~            - DONE partisna neni FAT16/FAT32- nech sviti napis "oth" a skoci se na detekci dalsi partisny
1877+ 9E1D ~            - DONE partisna je FAT16/FAT32, ale soubor se nenasel- pak necht sviti cervene No File.
1878+ 9E1D ~            - nyni se automaticky vezme prvni partisna, do VDT, ale chceme tam dat user defined, tzn, pridat kurzor!!!
1879+ 9E1D ~
1880+ 9E1D ~            Nasledne tyto 3 stavy se musi vepsat do VDT tabulky
1881+ 9E1D ~
1882+ 9E1D ~
1883+ 9E1D ~            nova specifikace VDT:
1884+ 9E1D ~            - disk muze mit max 4 primarni partisny. Udaje o nich jsou v MBR v nultem sektoru disku.
1885+ 9E1D ~            - budou dve VDT tabulky pro master a slave= 5x32= 256 bajtu= celkova delka VDT tabulky
1886+ 9E1D ~
1887+ 9E1D ~            - struktura 1 zaznamu (z osmi) ve VDT tabulce:
1888+ 9E1D ~            ;offset	pocet	popis
1889+ 9E1D ~            **********************
1890+ 9E1D ~            ;0	1	info bajt
1891+ 9E1D ~            ;1	4	first LBA sector of first MBD/MBH file on disk
1892+ 9E1D ~            ;2	1	reserved
1893+ 9E1D ~            ;3	26	user defined text
1894+ 9E1D ~
1895+ 9E1D ~
1896+ 9E1D ~            info bajt o oddilu rika:
1897+ 9E1D ~            ;bit 0		0= oddil FAT16/32 jakozto MBR neexistuje
1898+ 9E1D ~            		1= oddil FAT16/32 jakozto MBR existuje
1899+ 9E1D ~            ;bit 1		1= pouzitelny oddil pro speccy (tj. obsahuje jako prvni MBD soubor, lze ho pouzit)
1900+ 9E1D ~            		0= nepouzitelny oddil pro speccy (tj. neobsahuje MBD soubor)
1901+ 9E1D ~            ;bit 2		0= pokud je bit 1 nulovy, pak 0=zadna smysluplna data nejsou na disku pritomna, 1=jde o disk FAT16/FAT32 bez MBR (bit 3 je pak platny). Pokud je bit 1 nenulovy, pak 0= oddil se nepouziva, 1= oddil se pouziva*
1902+ 9E1D ~            ;bit 3		0= FAT16, 1=FAT32 (volitelne)
1903+ 9E1D ~            ;bity 4-7	rezervovane
1904+ 9E1D ~            ;*v BSDOSu muze soucasne fungovat jen jeden oddil
1905+ 9E1D ~
1906+ 9E1D ~            */
1907+ 9E1D
1908+ 9E1D              end_partition
1909+ 9E1D              ;		cp	4
1910+ 9E1D              ;		jr	nz,ep2			;NZ= nejdo o prvni partisnu
1911+ 9E1D
1912+ 9E1D ~            /*
1913+ 9E1D ~            ;zatim budou data ve vsech partisnach
1914+ 9E1D ~            ;pokud je General setting nastavena autoconfigurace, tak ulozi vypocteny prvni datovy sector
1915+ 9E1D ~            ;		ld	c,a
1916+ 9E1D ~            		ld	a,(@autoconfig)
1917+ 9E1D ~            		or	a
1918+ 9E1D ~            ;		ld	a,c
1919+ 9E1D ~            ;		jr	z,nemenfirstdatasectorm1
1920+ 9E1D ~            		jr	z,ep2
1921+ 9E1D ~            ;davame to pryc, koncepce autoconfigu bude jina, bude auto, nebo manualne
1922+ 9E1D ~            */
1923+ 9E1D
1924+ 9E1D 44           		ld	b,h
1925+ 9E1E 4D           		ld	c,l		;dame HL do BC, abychomm mohli vyplnovat VDT tabulku
1926+ 9E1F
1927+ 9E1F 2A 4F 9E     		ld	hl,(VDT_pointer+1)	;zjistime, zda se nasel MBD soubor
1928+ 9E22 CB 4E        		bit	1,(hl)
1929+ 9E24 28 3A        		jr	z,ep2			;Z=neobashuje MBD soubor
1930+ 9E26
1931+ 9E26 60           		ld	h,b
1932+ 9E27 69           		ld	l,c
1933+ 9E28
1934+ 9E28 C1           		pop	bc		;BC=tiskova pozice
1935+ 9E29              						;obsahuje, tak vypiseme na obrazovku jeho cislo
1936+ 9E29 E5           		push	hl
1937+ 9E2A D5           		push	de			;BCDE= prvni sektor MBD souboru
1938+ 9E2B
1939+ 9E2B 22 4E 99     		ld	(zzbin),hl	;nejprve tisk
1940+ 9E2E ED 53 50 99  		ld	(zzbin+2),de
1941+ 9E32
1942+ 9E32 CD 04 99     		call	HL2ASCII32
1943+ 9E35 21 5B 99     		ld	hl,zzdec+9
1944+ 9E38 CB FE        		set	7,(hl)
1945+ 9E3A 21 52 99     		ld	hl,zzdec
1946+ 9E3D              ;		ld	bc,#0B1B
1947+ 9E3D              ;		pop	bc
1948+ 9E3D 7E           lrd1		ld	a,(hl)
1949+ 9E3E B7           		or	a
1950+ 9E3F 20 04        		jr	nz,lrd2
1951+ 9E41 23           		inc	hl
1952+ 9E42 0C           		inc	c
1953+ 9E43 18 F8        		jr	lrd1
1954+ 9E45
1955+ 9E45
1956+ 9E45 0C           lrd2		inc	c		;jeste posun, aby cislo nebylo nalepeno na predchozi text, pokud bude cislo 10 mist
1957+ 9E46 CD 71 A4     		call	T42_TEXT	;vypis jeho cislo
1958+ 9E49
1959+ 9E49 D1           		pop	de
1960+ 9E4A E1           		pop	hl			;HLDE=prvni sektor MBD souboru
1961+ 9E4B
1962+ 9E4B C5           		push	bc		;schovej tiskovou pozici
1963+ 9E4C 4D           		ld	c,l
1964+ 9E4D 44           		ld	b,h
1965+ 9E4E
1966+ 9E4E 21 55 55     VDT_pointer	ld	hl,#5555
1967+ 9E51 23           		inc	hl
1968+ 9E52 71           		ld	(hl),c
1969+ 9E53 23           		inc	hl
1970+ 9E54 70           		ld	(hl),b
1971+ 9E55 23           		inc	hl
1972+ 9E56 73           		ld	(hl),e
1973+ 9E57 23           		inc	hl
1974+ 9E58 72           		ld	(hl),d
1975+ 9E59 01 1C 00     		ld	bc,28
1976+ 9E5C 09           ep3		add	hl,bc
1977+ 9E5D 22 4F 9E     		ld	(VDT_pointer+1),hl	;datove sektory jsou vepsany do tabulky, tabulka je pripravena na dalsi zapis
1978+ 9E60
1979+ 9E60              ;		ld	de,VDT+5
1980+ 9E60              ;		ex	de,hl
1981+ 9E60              ;		ld	(hl),e
1982+ 9E60              ;		inc	hl
1983+ 9E60              ;		ld	(hl),d
1984+ 9E60
1985+ 9E60 C1           ep2		pop	bc			;BC=tiskova pozice
1986+ 9E61 DD E1        		pop	ix
1987+ 9E63 F1           		pop	af
1988+ 9E64
1989+ 9E64 04           		inc	b			;zvys poradovy radek
1990+ 9E65 11 10 00     		ld	de,16
1991+ 9E68 DD 19        		add	ix,de			;move pointer to another partition
1992+ 9E6A 3D           		dec	a
1993+ 9E6B C2 74 99     ep1		jp	nz,test_partitions		;moc daleko, musim vymyslet jinak
1994+ 9E6E
1995+ 9E6E 18 12        		jr	nemenfirstdatasectorm1
1996+ 9E70
1997+ 9E70              no_partition	;ld	b,#C			;nulovy zaznam v MBR
1998+ 9E70              		;ld	c,1
1999+ 9E70 C1           		pop	bc			;tiskova pozice
2000+ 9E71 C5           		push	bc			;tiskova pozice- znovu ji ulozime
2001+ 9E72 21 BB A2     		ld	hl,TEXT_PART_EMPTY
2002+ 9E75 CD 71 A4     		call	T42_TEXT
2003+ 9E78 AF           		xor	a
2004+ 9E79 2A 4F 9E     		ld	hl,(VDT_pointer+1)
2005+ 9E7C 77           		ld	(hl),a		;nastav bity ve VDT k teto partisne na 0
2006+ 9E7D 01 20 00     		ld	bc,32			; VDT zaznam ma 32 bajtu; HL je zde na offsetu 0
2007+ 9E80 18 DA        		jr	ep3
2008+ 9E82
2009+ 9E82              ;stary kod-testuje jen prvni partisnu
2010+ 9E82              nemenfirstdatasectorm1
2011+ 9E82 ~            /*
2012+ 9E82 ~            ;nacteni MBR
2013+ 9E82 ~            	ld	ix,BUFFER
2014+ 9E82 ~            ;;;	ld	a,%00000000	;master
2015+ 9E82 ~            	ld	hl,0
2016+ 9E82 ~            	ld	de,0		;HLDE = LBA 0
2017+ 9E82 ~            	call	ATA_READ
2018+ 9E82 ~            ; dodelat osetreni erroru
2019+ 9E82 ~            	inc	hx
2020+ 9E82 ~            	inc	hx		;+512
2021+ 9E82 ~
2022+ 9E82 ~            	ld	a,(ix-64+2)	;text typu 1. oddilu (FAT16/FAT32/jiny)
2023+ 9E82 ~            	ld	hl,TEXT_FAT32
2024+ 9E82 ~            	ld	bc,#0c12
2025+ 9E82 ~            	ld	e,0
2026+ 9E82 ~            	cp	#B		;pro typ oddilu FAT32
2027+ 9E82 ~            	jr	z,part_text
2028+ 9E82 ~            	cp	#C
2029+ 9E82 ~            	jr	z,part_text
2030+ 9E82 ~
2031+ 9E82 ~            	inc	e
2032+ 9E82 ~            	ld	hl,TEXT_FAT16
2033+ 9E82 ~            	cp	6		;pro typ oddilu FAT16
2034+ 9E82 ~            	jr	z,part_text
2035+ 9E82 ~            	cp	4
2036+ 9E82 ~            	jr	z,part_text
2037+ 9E82 ~            	cp	#E
2038+ 9E82 ~            	jr	z,part_text
2039+ 9E82 ~
2040+ 9E82 ~            	ld	hl,TEXT_OTHER
2041+ 9E82 ~
2042+ 9E82 ~            part_text
2043+ 9E82 ~            	ld	a,e
2044+ 9E82 ~            	ld	(part_type+1),a
2045+ 9E82 ~            	call	T42_TEXT
2046+ 9E82 ~
2047+ 9E82 ~            ;; novy kod je-li vubec MBR pritomen
2048+ 9E82 ~            	ld	de,0		;;FAT boot sector zacina na LBA0, pokud neni MBR
2049+ 9E82 ~            	ld	a,(ix-66)	;;1BE
2050+ 9E82 ~            	and	127		;;80h or 00h MRB first partion table does exist
2051+ 9E82 ~            	jr	nz, MBRno
2052+ 9E82 ~            	ld	a,(ix-64)	;;1C0
2053+ 9E82 ~            	and	a		;;pokud existuje patition, tak sector je nenulova
2054+ 9E82 ~            	jr	z, MBRno
2055+ 9E82 ~            MBRyes
2056+ 9E82 ~            ;; end of novy kod je-li vubec MBR pritomen
2057+ 9E82 ~            	ld	e,(ix-58)	;info o prvni partition zacina na #1BE
2058+ 9E82 ~            	ld	d,(ix-57)
2059+ 9E82 ~            MBRno	ex	de,hl		;v hl je cislo sectoru kde zacina boot prvni par.
2060+ 9E82 ~            	ld	(bootsec+1),hl	;schovame cislo bootsectoru pro vypocet
2061+ 9E82 ~            	ld	bc,#0B10
2062+ 9E82 ~            	push	hl
2063+ 9E82 ~            	call	NUMBER3
2064+ 9E82 ~            ;nacteni BOOT sectoru prvni partition
2065+ 9E82 ~            	pop	hl
2066+ 9E82 ~            	ld	de,0		;HLDE = 32bit LBA, zde hornich 16 bitu = 0
2067+ 9E82 ~            	ld	ix,BUFFER
2068+ 9E82 ~            	call	ATA_READ
2069+ 9E82 ~            ; dodelat osetreni erroru
2070+ 9E82 ~            ; vypocet datove oblasti prvniho souboru
2071+ 9E82 ~
2072+ 9E82 ~            	ld	hl,TEXTDATASEC
2073+ 9E82 ~            	ld	bc,#0B15
2074+ 9E82 ~            	call	T42_TEXT
2075+ 9E82 ~
2076+ 9E82 ~            bootsec	ld	hl,0
2077+ 9E82 ~            	ld	e,(ix+14)	;pricteme sectory pred FAT
2078+ 9E82 ~            	ld	d,(ix+15)
2079+ 9E82 ~            	add	hl,de
2080+ 9E82 ~            	push	hl
2081+ 9E82 ~            	push	ix
2082+ 9E82 ~            	ld	e,(ix+16)	;pocet FAT
2083+ 9E82 ~            	ld	d,0
2084+ 9E82 ~            part_type
2085+ 9E82 ~            	ld	a,#55		;either 0 (FAT32) or 1 (FAT16)
2086+ 9E82 ~            	or	a
2087+ 9E82 ~            	jr	z,part_32
2088+ 9E82 ~            	ld	l,(ix+22)	;pocet sektoru FATky ve FAT 16
2089+ 9E82 ~            	ld	h,(ix+23)
2090+ 9E82 ~            	jr	part_c
2091+ 9E82 ~            part_32	ld	l,(ix+36)	;pocet sekotru FATky ve FAT 32
2092+ 9E82 ~            	ld	h,(ix+37)
2093+ 9E82 ~            part_c	call	nasobeniHLDE.nasob	;vysledek v IXHL
2094+ 9E82 ~            	pop	ix
2095+ 9E82 ~            	pop	de
2096+ 9E82 ~            	add	hl,de		;pricteme jen spodnich 16 bitu
2097+ 9E82 ~            	;; v HL je LBA Root Directory sectoru
2098+ 9E82 ~            	ld	e,(ix+17)	;pocet polozek v ROOTu
2099+ 9E82 ~            	ld	d,(ix+18)
2100+ 9E82 ~            ;; novy kod pro vypocet prvniho datoveho sektoru s ohleden na souboru v rootu
2101+ 9E82 ~            	ld	c,(ix+0dh)	;;pocet sectoru v clusteru, obvykle 64 (32KB cluster)
2102+ 9E82 ~            	ld	b,0
2103+ 9E82 ~            	push	de
2104+ 9E82 ~            	push	hl
2105+ 9E82 ~            	push	bc
2106+ 9E82 ~            	;;nacteni Root Directory sectoru
2107+ 9E82 ~            	ld	de,0		;HLDE = 32bit LBA, zde hornich 16 bitu = 0
2108+ 9E82 ~            	ld	ix,BUFFER
2109+ 9E82 ~            	call	ATA_READ
2110+ 9E82 ~
2111+ 9E82 ~            	ld	b,8		;;prohledam prvnich 8 polozek, jestli zde neni mbd nebo mbh soubor, hledam jen priponu
2112+ 9E82 ~            	ld	de,32		;; kazda polozka ma 32 bytes
2113+ 9E82 ~            nextfile
2114+ 9E82 ~            	ld	a,(ix+08h)
2115+ 9E82 ~            	cp	"M"
2116+ 9E82 ~            	jr	nz, neplatne
2117+ 9E82 ~            	ld	a,(ix+09h)
2118+ 9E82 ~            	cp	"B"
2119+ 9E82 ~            	jr	nz, neplatne
2120+ 9E82 ~            	ld	a,(ix+0ah)
2121+ 9E82 ~            	cp	"H"
2122+ 9E82 ~            	jp	z, platne
2123+ 9E82 ~            	cp	"D"
2124+ 9E82 ~            	jp	z, platne
2125+ 9E82 ~            neplatne
2126+ 9E82 ~            	add	ix,de
2127+ 9E82 ~            	djnz	nextfile
2128+ 9E82 ~            	ld	e,2		;;pokud nenajdu pouziji cluster 0
2129+ 9E82 ~            	jr	l1F
2130+ 9E82 ~
2131+ 9E82 ~
2132+ 9E82 ~            platne	ld	e,(ix+1ah)	;;cluster na kterem zacina soubor
2133+ 9E82 ~            l1F	ld	d,0
2134+ 9E82 ~            	dec	de		;;The clusters are numbered starting at 2, not 0! So the above calculation has to have 2 added to it to get the cluster number of a given allocation unit...and a cluster number is converted to an allocation unit number by subtracting 2...!
2135+ 9E82 ~            	dec	de
2136+ 9E82 ~            	pop	hl		;;pocet sectoru v clusteru, obvykle 64 (32KB cluster)
2137+ 9E82 ~            	call	nasobeniHLDE.nasob	;; vysledek v IXHL
2138+ 9E82 ~            	ex	de,hl
2139+ 9E82 ~            	pop	hl		;; v HL je LBA Root Directory sectoru
2140+ 9E82 ~            	add	hl,de
2141+ 9E82 ~            	pop	de
2142+ 9E82 ~            ;; konec kodu pro vypocet prvniho datoveho sektoru s ohleden na souboru v rootu
2143+ 9E82 ~            	; vydelime 16; predpokladame velikost sec. 512 a 32bytu v root polozce
2144+ 9E82 ~            	ld	b,4
2145+ 9E82 ~            ctyrikrat1
2146+ 9E82 ~            	srl	d
2147+ 9E82 ~            	rr	e
2148+ 9E82 ~            	djnz	ctyrikrat1
2149+ 9E82 ~            	add	hl,de
2150+ 9E82 ~            	push	hl
2151+ 9E82 ~            	ld	bc,#0B23
2152+ 9E82 ~            	call	NUMBER4
2153+ 9E82 ~            	pop	hl
2154+ 9E82 ~            ;pokud je General setting nastavena autoconfigurace, tak ulozi vypocteny prvni datovy sector
2155+ 9E82 ~
2156+ 9E82 ~            	ld	a,(@autoconfig)
2157+ 9E82 ~            	or	a
2158+ 9E82 ~            	jr	z,nemenfirstdatasectorm1
2159+ 9E82 ~            	ld	de,VDT+5
2160+ 9E82 ~            	ex	de,hl
2161+ 9E82 ~            	ld	(hl),e
2162+ 9E82 ~            	inc	hl
2163+ 9E82 ~            	ld	(hl),d
2164+ 9E82 ~
2165+ 9E82 ~            nemenfirstdatasectorm1
2166+ 9E82 ~            ;/*
2167+ 9E82 ~            ;LBA Total sectors
2168+ 9E82 ~            ;
2169+ 9E82 ~            ;	ld	hl,(BUFFER+200)
2170+ 9E82 ~            ;	ld	(D1LBA),hl
2171+ 9E82 ~            ;	ld	bc,#0A24
2172+ 9E82 ~            ;	call	NUMBER4
2173+ 9E82 ~            ;
2174+ 9E82 ~            ;	ld	hl,(BUFFER+202)
2175+ 9E82 ~            ;	ld	(D1LBA+2),hl
2176+ 9E82 ~            ;	ld	bc,#0A1E
2177+ 9E82 ~            ;	call	NUMBER4
2178+ 9E82 ~            ;
2179+ 9E82 ~            ;	ld	hl,(BUFFER+204)
2180+ 9E82 ~            ;	ld	(D1LBA+4),hl
2181+ 9E82 ~            ;	ld	bc,#0A18
2182+ 9E82 ~            ;	call	NUMBER4
2183+ 9E82 ~            ;
2184+ 9E82 ~            ;
2185+ 9E82 ~            ;	ld	hl,TEXT16
2186+ 9E82 ~            ;LER1
2187+ 9E82 ~            ;	ld	bc,#050F
2188+ 9E82 ~            ;	call	T42_TEXT
2189+ 9E82 ~            ;
2190+ 9E82 ~            ;	pop	af
2191+ 9E82 ~            ;	ld	h,0
2192+ 9E82 ~            ;	ld	l,a
2193+ 9E82 ~            ;	ld	bc,#0524
2194+ 9E82 ~            ;	call	NUMBER4
2195+ 9E82 ~            ;*/
2196+ 9E82 ~            ;
2197+ 9E82 ~            ;SLAVE IDENTIFY
2198+ 9E82 ~            Slaveinentify
2199+ 9E82 ~            ;/* ;vyruseni SLAVE
2200+ 9E82 ~            ;
2201+ 9E82 ~            ;	ld	hl,TEXT8
2202+ 9E82 ~            ;	ld	bc,#0D02
2203+ 9E82 ~            ;	call	T42_TEXT
2204+ 9E82 ~            ;
2205+ 9E82 ~            ;	ld	ix,BUFFER
2206+ 9E82 ~            ;	ld	a,%00010000
2207+ 9E82 ~            ;	call	IDENTIFY
2208+ 9E82 ~            ;
2209+ 9E82 ~            ;	ld	hl,TEXT16
2210+ 9E82 ~            ;	push	af
2211+ 9E82 ~            ;	jr	z,TISKSTATUS2
2212+ 9E82 ~            ;	ld	hl,TEXT11
2213+ 9E82 ~            ;	cp	255
2214+ 9E82 ~            ;	jp	z,TISKSTATUS2
2215+ 9E82 ~            ;	ld	hl,TEXT14
2216+ 9E82 ~            ;	cp	6
2217+ 9E82 ~            ;	jp	z,TISKSTATUS2
2218+ 9E82 ~            ;	ld	hl,TEXT13
2219+ 9E82 ~            ;	cp	3
2220+ 9E82 ~            ;	jp	z,TISKSTATUS2
2221+ 9E82 ~            ;	ld	hl,TEXT12
2222+ 9E82 ~            ;	dec	a
2223+ 9E82 ~            ;	jp	z,TISKSTATUS2
2224+ 9E82 ~            ;	ld	hl,TEXT15
2225+ 9E82 ~            ;
2226+ 9E82 ~            ;TISKSTATUS2
2227+ 9E82 ~            ;	ld	bc,#0D0F
2228+ 9E82 ~            ;	call	T42_TEXT
2229+ 9E82 ~            ;
2230+ 9E82 ~            ;	pop	af
2231+ 9E82 ~            ;	jr	z,SLAVEINFO
2232+ 9E82 ~            ;
2233+ 9E82 ~            ;	ld	h,0
2234+ 9E82 ~            ;	ld	l,a
2235+ 9E82 ~            ;	ld	bc,#0D26
2236+ 9E82 ~            ;	call	NUMBER2
2237+ 9E82 ~            ;
2238+ 9E82 ~            ;;pokud je General setting nastavena autoconfigurace, tak pri neuspesnem detekovani zarizeni se do CHS ulozi nuly a HDD pak nasledne nebude nainstalovan
2239+ 9E82 ~            ;	ld	a,(@autoconfig)
2240+ 9E82 ~            ;	or	a
2241+ 9E82 ~            ;	jr	z,nemenCHSs1
2242+ 9E82 ~            ;	xor	a
2243+ 9E82 ~            ;	ld	b,4
2244+ 9E82 ~            ;	ld	hl,VDT+(VDTLEN/2)
2245+ 9E82 ~            ;nulydoCHSs
2246+ 9E82 ~            ;	ld	(hl),a
2247+ 9E82 ~            ;	inc	hl
2248+ 9E82 ~            ;	djnz	nulydoCHSs
2249+ 9E82 ~            ;nemenCHSs1
2250+ 9E82 ~            ;	jp	Endinentify
2251+ 9E82 ~            ;
2252+ 9E82 ~            ;SLAVEINFO
2253+ 9E82 ~            ;	ld	hl,TEXT4
2254+ 9E82 ~            ;	ld	bc,#0E02
2255+ 9E82 ~            ;	call	T42_TEXT
2256+ 9E82 ~            ;	ld	hl,TEXT5
2257+ 9E82 ~            ;	ld	bc,#0F02
2258+ 9E82 ~            ;	call	T42_TEXT
2259+ 9E82 ~            ;	ld	hl,TEXT6
2260+ 9E82 ~            ;	ld	bc,#1002
2261+ 9E82 ~            ;	call	T42_TEXT
2262+ 9E82 ~            ;	ld	hl,TEXT7
2263+ 9E82 ~            ;	ld	bc,#1102
2264+ 9E82 ~            ;	call	T42_TEXT
2265+ 9E82 ~            ;	ld	hl,TEXT101
2266+ 9E82 ~            ;	ld	bc,#1202
2267+ 9E82 ~            ;	call	T42_TEXT
2268+ 9E82 ~            ;	ld	hl,TEXT102
2269+ 9E82 ~            ;	ld	bc,#1215
2270+ 9E82 ~            ;	call	T42_TEXT
2271+ 9E82 ~            ;
2272+ 9E82 ~            ;model
2273+ 9E82 ~            ;	ld	hl,BUFFER+54
2274+ 9E82 ~            ;	ld	b,40
2275+ 9E82 ~            ;	call	PROHOD
2276+ 9E82 ~            ;	set	7,(ix+85)
2277+ 9E82 ~            ;
2278+ 9E82 ~            ;	ld	bc,#0E09
2279+ 9E82 ~            ;	call	T42_TEXT
2280+ 9E82 ~            ;
2281+ 9E82 ~            ;firmware
2282+ 9E82 ~            ;	ld	hl,BUFFER+46
2283+ 9E82 ~            ;	ld	b,8
2284+ 9E82 ~            ;	call	PROHOD
2285+ 9E82 ~            ;	set	7,(ix+53)
2286+ 9E82 ~            ;
2287+ 9E82 ~            ;	ld	bc,#0F0C
2288+ 9E82 ~            ;	call	T42_TEXT
2289+ 9E82 ~            ;
2290+ 9E82 ~            ;serial number
2291+ 9E82 ~            ;
2292+ 9E82 ~            ;	ld	hl,BUFFER+20
2293+ 9E82 ~            ;	ld	b,20
2294+ 9E82 ~            ;	call	PROHOD
2295+ 9E82 ~            ;	set	7,(ix+39)
2296+ 9E82 ~            ;
2297+ 9E82 ~            ;	ld	bc,#1011
2298+ 9E82 ~            ;	call	T42_TEXT
2299+ 9E82 ~            ;LBA
2300+ 9E82 ~            ;	ld	hl,TEXT_NO
2301+ 9E82 ~            ;	bit	1,(ix+99)
2302+ 9E82 ~            ;	jr	z,L11
2303+ 9E82 ~            ;
2304+ 9E82 ~            ;	ld	hl,TEXT_YES
2305+ 9E82 ~            ;L11	ld	bc,#110D
2306+ 9E82 ~            ;	call	T42_TEXT
2307+ 9E82 ~            ;
2308+ 9E82 ~            ;DMA
2309+ 9E82 ~            ;	ld	hl,TEXT_NO
2310+ 9E82 ~            ;	bit	0,(ix+99)
2311+ 9E82 ~            ;	jr	z,L12
2312+ 9E82 ~            ;
2313+ 9E82 ~            ;	ld	hl,TEXT_YES
2314+ 9E82 ~            ;L12	ld	bc,#1125
2315+ 9E82 ~            ;	call	T42_TEXT
2316+ 9E82 ~            ;
2317+ 9E82 ~            ;;CHS
2318+ 9E82 ~            ;	ld	l,(ix+2)
2319+ 9E82 ~            ;	ld	h,(ix+3)
2320+ 9E82 ~            ;	ld	bc,#1209
2321+ 9E82 ~            ;	call	NUMBER4
2322+ 9E82 ~            ;
2323+ 9E82 ~            ;	ld	l,(ix+6)
2324+ 9E82 ~            ;	ld	h,(ix+7)
2325+ 9E82 ~            ;	ld	bc,#120f
2326+ 9E82 ~            ;	call	NUMBER1
2327+ 9E82 ~            ;
2328+ 9E82 ~            ;	ld	l,(ix+12)
2329+ 9E82 ~            ;	ld	h,(ix+13)
2330+ 9E82 ~            ;	ld	bc,#1212
2331+ 9E82 ~            ;	call	NUMBER1
2332+ 9E82 ~            ;;pokud je General setting nastavena autoconfigurace, tak pri uspesnem detekovani zarizeni se do CHS ulozi zjistene udaje
2333+ 9E82 ~            ;
2334+ 9E82 ~            ;	ld	a,(@autoconfig)
2335+ 9E82 ~            ;	or	a
2336+ 9E82 ~            ;	jr	z,nemenCHSs2
2337+ 9E82 ~            ;	ld	hl,VDT+(VDTLEN/2)
2338+ 9E82 ~            ;	ld	a,(ix+12)
2339+ 9E82 ~            ;	ld	(hl),a
2340+ 9E82 ~            ;	ld	a,(ix+6)
2341+ 9E82 ~            ;	inc	hl
2342+ 9E82 ~            ;	ld	(hl),a
2343+ 9E82 ~            ;	ld	a,(ix+2)
2344+ 9E82 ~            ;	inc	hl
2345+ 9E82 ~            ;	ld	(hl),a
2346+ 9E82 ~            ;	ld	a,(ix+3)
2347+ 9E82 ~            ;	inc	hl
2348+ 9E82 ~            ;	ld	(hl),a
2349+ 9E82 ~            ;
2350+ 9E82 ~            ;nemenCHSs2
2351+ 9E82 ~            ;
2352+ 9E82 ~            ;capacity
2353+ 9E82 ~            ;	ld	l,(ix+12)
2354+ 9E82 ~            ;	ld	h,(ix+13)
2355+ 9E82 ~            ;	ld	e,(ix+6)
2356+ 9E82 ~            ;	ld	d,(ix+7)
2357+ 9E82 ~            ;
2358+ 9E82 ~            ;	push	ix		;rutina nasob pouziva IX
2359+ 9E82 ~            ;	call	nasobeniHLDE.nasob
2360+ 9E82 ~            ;	pop	ix
2361+ 9E82 ~            ;	ld	e,(ix+2)
2362+ 9E82 ~            ;	ld	d,(ix+3)
2363+ 9E82 ~            ;	push	ix
2364+ 9E82 ~            ;	call	nasobeniHLDE.nasob
2365+ 9E82 ~            ;vysledek je v IXHL
2366+ 9E82 ~            ;
2367+ 9E82 ~            ;	ld	l,h
2368+ 9E82 ~            ;	ld	a,lx
2369+ 9E82 ~            ;	ld	h,a
2370+ 9E82 ~            ;	ld	e,hx
2371+ 9E82 ~            ;
2372+ 9E82 ~            ;delime 256 vysledek EHL
2373+ 9E82 ~            ;	ld	b,3
2374+ 9E82 ~            ;trikrat2
2375+ 9E82 ~            ;	srl	e
2376+ 9E82 ~            ;	rr	h
2377+ 9E82 ~            ;	rr	l
2378+ 9E82 ~            ;	djnz	trikrat2
2379+ 9E82 ~            ;delime tremi
2380+ 9E82 ~            ;	ld	bc,#121F
2381+ 9E82 ~            ;	call	NUMBER3
2382+ 9E82 ~            ;
2383+ 9E82 ~            ;	pop	ix
2384+ 9E82 ~            ;
2385+ 9E82 ~            ;
2386+ 9E82 ~            ;LBA 48Bits
2387+ 9E82 ~            ;
2388+ 9E82 ~            ;	inc	hx
2389+ 9E82 ~            ;
2390+ 9E82 ~            ;	ld	hl,TEXT_NO
2391+ 9E82 ~            ;	bit	2,(ix-83)
2392+ 9E82 ~            ;	jr	z,L13
2393+ 9E82 ~            ;
2394+ 9E82 ~            ;	ld	hl,TEXT_YES
2395+ 9E82 ~            ;L13	ld	bc,#111C
2396+ 9E82 ~            ;	call	T42_TEXT
2397+ 9E82 ~            ;
2398+ 9E82 ~            ;
2399+ 9E82 ~            ;hledani prvni sectoru pro data
2400+ 9E82 ~            ;prohledava se MBR, prvni partion, a hleda se v root dir. prvni datovy sector prvniho souboru
2401+ 9E82 ~            ;prvni sektor disku je MBR:
2402+ 9E82 ~            ;
2403+ 9E82 ~            ;na 1BEh zacinaji parametry prvni partition (10h ka d )
2404+ 9E82 ~            ;na 08h a  0Bh je cislo relativniho sektoru zacatku partition (nebo na 01h a  03h ve formatu hlava/sektor/cylindr)
2405+ 9E82 ~            ;
2406+ 9E82 ~            ;prvn  sektor partition je BOOT a tam jsou tyto zaj mav   daje:
2407+ 9E82 ~            ;0Bh, 0Ch   pocet bytu na sektor
2408+ 9E82 ~            ;0Eh, 0Fh   pocet sektoru pred prvni FAT
2409+ 9E82 ~            ;10h   pocet FAT
2410+ 9E82 ~            ;11h, 12h   pocet polozek v ROOTu
2411+ 9E82 ~            ;16h, 17h   pocet sektoru ve FAT
2412+ 9E82 ~            ;prvn  datov  sektor je: zacatek_partition + sektoru_pred_FAT + sektoru_ve_FAT * pocet_FAT + polozek_v_ROOT * 20h / bytu_na_sektor
2413+ 9E82 ~            ;
2414+ 9E82 ~            ;	ld	hl,TEXTPARSEC
2415+ 9E82 ~            ;	ld	bc,#1302
2416+ 9E82 ~            ;	call	T42_TEXT
2417+ 9E82 ~            ;
2418+ 9E82 ~            ;;nacteni MBR
2419+ 9E82 ~            ;	ld	ix,BUFFER
2420+ 9E82 ~            ;	ld	a,%00010000	;slave
2421+ 9E82 ~            ;	ld	bc,0
2422+ 9E82 ~            ;	ld	de,0		;LBA=0 MBR
2423+ 9E82 ~            ;	call	LBAREAD
2424+ 9E82 ~            ;; dodelat osetreni erroru
2425+ 9E82 ~            ;	inc	hx
2426+ 9E82 ~            ;	inc	hx 		;+512
2427+ 9E82 ~            ;	ld	e,(ix-58)	;info o prvni partition zacina na #1BE
2428+ 9E82 ~            ;	ld	d,(ix-57)
2429+ 9E82 ~            ;	ex	de,hl		;v hl je cislo sectoru kde zacina boot prvni par.
2430+ 9E82 ~            ;	ld	(bootsec2+1),hl	;schovame cislo bootsectoru pro vypocet
2431+ 9E82 ~            ;	ld	bc,#1310
2432+ 9E82 ~            ;	push	hl
2433+ 9E82 ~            ;	call	NUMBER3
2434+ 9E82 ~            ;nacteni BOOT sectoru prvni partition
2435+ 9E82 ~            ;	pop	hl
2436+ 9E82 ~            ;	ld	c,l
2437+ 9E82 ~            ;	ld	e,h
2438+ 9E82 ~            ;	ld	d,0
2439+ 9E82 ~            ;	ld	b,d
2440+ 9E82 ~            ;	ld	ix,BUFFER
2441+ 9E82 ~            ;	ld	a,%00010000	;slave
2442+ 9E82 ~            ;	call	LBAREAD
2443+ 9E82 ~            ; dodelat osetreni erroru
2444+ 9E82 ~            ; vypocet datove oblasti prvniho souboru
2445+ 9E82 ~            ;
2446+ 9E82 ~            ;	ld	hl,TEXTDATASEC
2447+ 9E82 ~            ;	ld	bc,#1315
2448+ 9E82 ~            ;	call	T42_TEXT
2449+ 9E82 ~            ;
2450+ 9E82 ~            ;bootsec2
2451+ 9E82 ~            ;	ld	hl,0
2452+ 9E82 ~            ;	ld	e,(ix+14)	;pricteme sectory pred FAT
2453+ 9E82 ~            ;	ld	d,(ix+15)
2454+ 9E82 ~            ;	add	hl,de
2455+ 9E82 ~            ;	push	hl
2456+ 9E82 ~            ;	push	ix
2457+ 9E82 ~            ;	ld	e,(ix+16)	;pocet FAT
2458+ 9E82 ~            ;	ld	d,0
2459+ 9E82 ~            ;	ld	l,(ix+22)	;pocet sektoru ve FAT
2460+ 9E82 ~            ;	ld	h,(ix+23)
2461+ 9E82 ~            ;	call	nasobeniHLDE.nasob	;vysledek v IXHL
2462+ 9E82 ~            ;	pop	ix
2463+ 9E82 ~            ;	pop	de
2464+ 9E82 ~            ;	add	hl,de		;pricteme jen spodnich 16 bitu
2465+ 9E82 ~            ;	ld	e,(ix+17)	;pocet polozek v ROOTu
2466+ 9E82 ~            ;	ld	d,(ix+18)
2467+ 9E82 ~            ;	; vydelime 16; predpokladame velikost sec. 512 a 32bytu v root polozce
2468+ 9E82 ~            ;	ld	b,4
2469+ 9E82 ~            ;ctyrikrat2
2470+ 9E82 ~            ;	srl	d
2471+ 9E82 ~            ;	rr	e
2472+ 9E82 ~            ;	djnz	ctyrikrat2
2473+ 9E82 ~            ;	add	hl,de
2474+ 9E82 ~            ;	push	hl
2475+ 9E82 ~            ;	ld	bc,#1323
2476+ 9E82 ~            ;	call	NUMBER4
2477+ 9E82 ~            ;	pop	hl
2478+ 9E82 ~            ;;pokud je General setting nastavena autoconfigurace, tak ulozi vypocteny prvni datovy sector
2479+ 9E82 ~            ;
2480+ 9E82 ~            ;	ld	a,(@autoconfig)
2481+ 9E82 ~            ;	or	a
2482+ 9E82 ~            ;	jr	z,nemenfirstdatasectorm2
2483+ 9E82 ~            ;	ld	de,VDT+(VDTLEN/2)+5
2484+ 9E82 ~            ;	ex	de,hl
2485+ 9E82 ~            ;	ld	(hl),e
2486+ 9E82 ~            ;	inc	hl
2487+ 9E82 ~            ;	ld	(hl),d
2488+ 9E82 ~            ;
2489+ 9E82 ~            ;nemenfirstdatasectorm2
2490+ 9E82 ~            ;
2491+ 9E82 ~            ;/*
2492+ 9E82 ~            ;LBA Total sectors
2493+ 9E82 ~            ;
2494+ 9E82 ~            ;	ld	hl,(BUFFER+200)
2495+ 9E82 ~            ;	ld	(D2LBA),hl
2496+ 9E82 ~            ;	ld	bc,#1124
2497+ 9E82 ~            ;	call	NUMBER4
2498+ 9E82 ~            ;
2499+ 9E82 ~            ;	ld	hl,(BUFFER+202)
2500+ 9E82 ~            ;	ld	(D2LBA+2),hl
2501+ 9E82 ~            ;	ld	bc,#111E
2502+ 9E82 ~            ;	call	NUMBER4
2503+ 9E82 ~            ;
2504+ 9E82 ~            ;	ld	hl,(BUFFER+204)
2505+ 9E82 ~            ;	ld	(D2LBA+4),hl
2506+ 9E82 ~            ;	ld	bc,#1118
2507+ 9E82 ~            ;	call	NUMBER4
2508+ 9E82 ~            ;*/
2509+ 9E82 ~            ;
2510+ 9E82 ~            ;vyruseni SLAVE
2511+ 9E82 ~            ;*/
2512+ 9E82 ~            */
2513+ 9E82 21 FF A0     	ld	hl,TEXT17		;DMA info
2514+ 9E85 01 02 14     	ld	bc,#1402
2515+ 9E88 CD 71 A4     	call	T42_TEXT
2516+ 9E8B 0C           	inc	c
2517+ 9E8C 0C           	inc	c
2518+ 9E8D 21 0B A1     	ld	hl,TEXT18
2519+ 9E90              ;	ld	bc,#1203
2520+ 9E90 CD 71 A4     	call	T42_TEXT
2521+ 9E93 0C           	inc	c
2522+ 9E94 21 17 A1     	ld	hl,TEXT19
2523+ 9E97              ;	ld	bc,#1303
2524+ 9E97 CD 71 A4     	call	T42_TEXT
2525+ 9E9A
2526+ 9E9A              Endinentify
2527+ 9E9A              ;projed partisny, zda jsou vsechny platne
2528+ 9E9A              ;	call	check_for_valid
2529+ 9E9A              ;	jp	z,end_easy		;vyhodit, pri ani jedne platne partisne to slo primo do exitu
2530+ 9E9A
2531+ 9E9A              ;old
2532+ 9E9A              ;	ld	a,(@autoconfig)
2533+ 9E9A              ;	or	a
2534+ 9E9A              ;	jp	nz,manual_partition_selection
2535+ 9E9A
2536+ 9E9A              ; @autoconfig: 0=AUTO, 1=MANUAL
2537+ 9E9A              ; drzeny SPACE vynuti MANUAL pro tento beh
2538+ 9E9A 3E 7F        	ld      a,#7f
2539+ 9E9C DB FE        	in      a,(#fe)                ; #7FFE, bit 0 = SPACE
2540+ 9E9E 2F           	cpl
2541+ 9E9F E6 01        	and     1                      ; A=1 SPACE, A=0 bez SPACE
2542+ 9EA1
2543+ 9EA1 21 0C 80     	ld      hl,@autoconfig
2544+ 9EA4 B6           	or      (hl)                   ; spoj SPACE s konfiguracnim bajtem
2545+ 9EA5 77           	ld      (hl),a                 ; pri SPACE skutecne zmeni 0 -> 1
2546+ 9EA6 C2 71 9F     	jp      nz,manual_partition_selection
2547+ 9EA9
2548+ 9EA9              ;automatic_partition_selection
2549+ 9EA9 3A 0D 80     	ld	a,(@partition)
2550+ 9EAC CD 09 9F     	call	test_partition		;test just selected partition
2551+ 9EAF 20 16        	jr	nz, fp1
2552+ 9EB1
2553+ 9EB1              ;Z=invalid, seek for valid one
2554+ 9EB1              ;neni platna, hledej prvni platnou a nainstluj  ji
2555+ 9EB1 CD 16 9F     	call	check_for_valid
2556+ 9EB4 20 0E        	jr	nz,found_partition
2557+ 9EB6
2558+ 9EB6              ;žádná platná partition. Co s tim? Vynulujeme VDT tabulku a partisn nechame, protoze pak se do VDT tabulky vepise 0
2559+ 9EB6 21 00 B0     	ld	hl,VDT
2560+ 9EB9 11 01 B0     	ld	de,VDT+1
2561+ 9EBC 01 FF 00     	ld	bc,255
2562+ 9EBF 75           	ld	(hl),l
2563+ 9EC0 ED B0        	ldir
2564+ 9EC2 18 64        	jr	end_easy		;nenasli jsme platnou partisnu
2565+ 9EC4 ~            /*
2566+ 9EC4 ~            vp1	ld	hl,TEXT_NO_VALID
2567+ 9EC4 ~            	ld	bc,#1602
2568+ 9EC4 ~            	call	T42_TEXT
2569+ 9EC4 ~            	xor	a
2570+ 9EC4 ~            	jr	ayn
2571+ 9EC4 ~            */
2572+ 9EC4
2573+ 9EC4              found_partition
2574+ 9EC4 32 0D 80     	ld	(@partition),a		;dame ji do configu, odtud si ji pak vezme hlavni prog v konfig casti bsdosu
2575+ 9EC7
2576+ 9EC7 21 2E A1     fp1	ld	hl,TEXT_CLR
2577+ 9ECA 01 02 16     	ld	bc,#1602
2578+ 9ECD CD 71 A4     	call	T42_TEXT
2579+ 9ED0 21 55 A1     	ld	hl,TEXT100
2580+ 9ED3 01 02 16     	ld	bc,#1602
2581+ 9ED6 CD 71 A4     	call	T42_TEXT
2582+ 9ED9
2583+ 9ED9              valid_partition
2584+ 9ED9 3A 0D 80     	ld	a,(@partition)
2585+ 9EDC 26 00        	ld	h,0
2586+ 9EDE 6F           	ld	l,a
2587+ 9EDF CD 54 A4     	call	NUMBER0
2588+ 9EE2 21 6E A1     	ld	hl,TEXT_PRESS_KEY
2589+ 9EE5 01 1A 16     	ld	bc,#161A
2590+ 9EE8 CD 71 A4     	call	T42_TEXT
2591+ 9EEB
2592+ 9EEB              autoinstall_yes_no
2593+ 9EEB 3A 0B 80     	ld	a,(@autoinstall)
2594+ 9EEE B7           	or	a
2595+ 9EEF C4 6A A8     ayn	call	nz,ANYKEY
2596+ 9EF2              	IFDEF ELEMENT
2597+ 9EF2 ~            		ld	hl,TEXT_CLR
2598+ 9EF2 ~            		ld	bc,#1602
2599+ 9EF2 ~            		call	T42_TEXT
2600+ 9EF2 ~            		ld	hl,TEXT_AUTOSYS
2601+ 9EF2 ~            		ld	bc,#160C
2602+ 9EF2 ~            		call	T42_TEXT
2603+ 9EF2              	ENDIF
2604+ 9EF2 C9           	ret
2605+ 9EF3              ; navrat
2606+ 9EF3
2607+ 9EF3              ;------------------------------------------------------------
2608+ 9EF3              ; eLeMeNt only: service #30 returned, so AUTOSYS was not started.
2609+ 9EF3              ; Replace the status line, wait for acknowledgement and return
2610+ 9EF3              ; to MAIN, which will continue with the BSROM reset fallback.
2611+ 9EF3              AUTOSYS_NOT_FOUND
2612+ 9EF3 21 2E A1     	ld	hl,TEXT_CLR
2613+ 9EF6 01 02 16     	ld	bc,#1602
2614+ 9EF9 CD 71 A4     	call	T42_TEXT
2615+ 9EFC 21 91 A1     	ld	hl,TEXT_AUTOSYS_NOT_FOUND
2616+ 9EFF 01 06 16     	ld	bc,#1606
2617+ 9F02 CD 71 A4     	call	T42_TEXT
2618+ 9F05 CD 6A A8     	call	ANYKEY
2619+ 9F08 C9           	ret
2620+ 9F09
2621+ 9F09              test_partition				;IN=A=partition number 1-4, OUT=Z=invalid partition, NZ=valid
2622+ 9F09 11 20 00     	ld	de,32			;testuj zvolenou partisnu (v @partition), zda je platna
2623+ 9F0C              ;	ld	a,(@partition)
2624+ 9F0C 47           	ld	b,a
2625+ 9F0D 21 E0 AF     	ld	hl,VDT-32
2626+ 9F10 19           loop1	add	hl,de
2627+ 9F11 10 FD        	djnz	loop1
2628+ 9F13 CB 4E        	bit	1,(hl)
2629+ 9F15 C9           	ret
2630+ 9F16              ;	jr	nz,fp1			;NZ=set partition (from autoconfig or manual) is valid
2631+ 9F16
2632+ 9F16              ;IN=noothing, OUT=NZ=valid, Z=invalid
2633+ 9F16              check_for_valid
2634+ 9F16 11 20 00     	ld	de,32			; kazdy VDT zaznam ma presne 32 bajtu
2635+ 9F19 21 00 B0     	ld	hl,VDT
2636+ 9F1C 3E 01        	ld	a,1
2637+ 9F1E 06 04        	ld	b,4
2638+ 9F20              find_valid:
2639+ 9F20 CB 4E                bit	1,(hl)
2640+ 9F22 C0           	ret	nz
2641+ 9F23              ;       jr      nz,found_partition
2642+ 9F23 19           	add	hl,de
2643+ 9F24 3C           	inc	a
2644+ 9F25 10 F9                djnz    find_valid
2645+ 9F27 C9           	ret
2646+ 9F28
2647+ 9F28              end_easy
2648+ 9F28 21 CD A2     	ld	hl,TEXT_NO_VALID
2649+ 9F2B 01 02 16     	ld	bc,#1602
2650+ 9F2E CD 71 A4     	call	T42_TEXT
2651+ 9F31
2652+ 9F31              	IFDEF ELEMENT		;stisk EDIT=konec, v pripade EL, ktery neni jeste inicializovany, musime udelat 128K reset
2653+ 9F31 ~            	xor	a
2654+ 9F31 ~            	jp	#3978
2655+ 9F31              	ELSE
2656+ 9F31
2657+ 9F31 CD 98 3C     	call    #3C98
2658+ 9F34 F3                   di
2659+ 9F35 AF                   xor     a
2660+ 9F36 01 00 5C             ld      bc,#5C00
2661+ 9F39
2662+ 9F39              clear_sysvars
2663+ 9F39 02                   ld      (bc),a
2664+ 9F3A 0C                   inc     c
2665+ 9F3B 20 FC                jr      nz,clear_sysvars
2666+ 9F3D
2667+ 9F3D 21 FF 7F             ld      hl,START-1
2668+ 9F40 C3 00 12             jp      #1200		;novy konec, neporusuje RAM a obnovuje BASIC
2669+ 9F43
2670+ 9F43 ~            /*
2671+ 9F43 ~            	exx
2672+ 9F43 ~            	ld	hl,#2758
2673+ 9F43 ~            	exx
2674+ 9F43 ~            	ld	iy,#5c3a
2675+ 9F43 ~
2676+ 9F43 ~            	pop	hl		;navratova adresa
2677+ 9F43 ~            	ei
2678+ 9F43 ~            	ret			;navrat do BASICu
2679+ 9F43 ~            */
2680+ 9F43              	ENDIF
2681+ 9F43              ;user menu
2682+ 9F43              ;priprava k menu, rutina IINKEY vraci v A kod klavesy, #B=nahoru, #A=dolu
2683+ 9F43              ;definice
2684+ 9F43              cursor		equ %00001000		;item with cursor (dark blue cursor)
2685+ 9F43              no_curs		equ %11110111		;item without cursor
2686+ 9F43
2687+ 9F43              page		equ 3		;we will move around 4 items
2688+ 9F43 A1 59        cursor_w_stadr	dw #59A1	;start address of cursor (radek 13, sloupec 1)
2689+ 9F45 A1 59        cursor_w_curad	dw #59A1	;current address of cursor
2690+ 9F47              cursor_len	equ 29
2691+ 9F47 55           wind_curs_item	db #55		;current start cursor position of the window (0-page)
2692+ 9F48              ;item_pg_start	dw #5555	;;;;;start address of first dir item on displayed page
2693+ 9F48
2694+ 9F48 3A 47 9F     key_enter	ld	a,(wind_curs_item)
2695+ 9F4B 3C           		inc	a
2696+ 9F4C CD 09 9F     		call	test_partition
2697+ 9F4F C2 C4 9E     		jp	nz,found_partition	;NZ=we found the valid one
2698+ 9F52
2699+ 9F52 21 2E A1     		ld	hl,TEXT_CLR
2700+ 9F55 01 02 16     		ld	bc,#1602
2701+ 9F58 C5           		push	bc
2702+ 9F59 CD 71 A4     		call	T42_TEXT
2703+ 9F5C
2704+ 9F5C 21 F4 A2     		ld	hl,TEXT_PART_NOUSE
2705+ 9F5F 01 05 16     		ld	bc,#1605
2706+ 9F62 CD 71 A4     		call	T42_TEXT
2707+ 9F65
2708+ 9F65 CD 6A A8     		call	ANYKEY
2709+ 9F68
2710+ 9F68 21 2E A1     		ld	hl,TEXT_CLR
2711+ 9F6B C1           		pop	bc
2712+ 9F6C CD 71 A4     		call	T42_TEXT
2713+ 9F6F
2714+ 9F6F 18 0D        		jr	 mps1		;zachovej kurzor, kde je
2715+ 9F71
2716+ 9F71              ;		call	undraw_cursor
2717+ 9F71
2718+ 9F71              manual_partition_selection
2719+ 9F71 AF           		xor	a	;inicializace
2720+ 9F72 32 47 9F     		ld	(wind_curs_item),a
2721+ 9F75 2A 43 9F     		ld	hl,(cursor_w_stadr)
2722+ 9F78 22 45 9F     		ld	(cursor_w_curad),hl
2723+ 9F7B
2724+ 9F7B CD D6 9F     		call	draw_cursor
2725+ 9F7E
2726+ 9F7E 21 15 A3     mps1		ld	hl,TEXT_MAKE_SELEC
2727+ 9F81 01 03 16     		ld	bc,#1603
2728+ 9F84 CD 71 A4     		call	T42_TEXT
2729+ 9F87              ;key detection loop
2730+ 9F87 CD 74 A8     iik		call	KEYSCAN
2731+ 9F8A 11 20 00     		ld	de,32
2732+ 9F8D FE 0B        		cp	#B
2733+ 9F8F CC A1 9F     		call	z,key_up
2734+ 9F92 FE 0A        		cp	#A
2735+ 9F94 CC B8 9F     		call	z,key_down
2736+ 9F97 FE 0D        		cp	13
2737+ 9F99 28 AD        		jr	z,key_enter
2738+ 9F9B FE 07        		cp	7
2739+ 9F9D 28 89        		jr	z,end_easy		;EDIT pressed, end EasySD
2740+ 9F9F 18 E6        		jr	iik
2741+ 9FA1
2742+ 9FA1 21 47 9F     key_up		ld	hl,wind_curs_item
2743+ 9FA4 7E           		ld	a,(hl)
2744+ 9FA5 B7           		or	a
2745+ 9FA6 C8           		ret	z		;Z=already first line
2746+ 9FA7 35           		dec	(hl)
2747+ 9FA8 CD CE 9F     		call	undraw_cursor
2748+ 9FAB 2A 45 9F     		ld	hl,(cursor_w_curad)
2749+ 9FAE B7           		or	a
2750+ 9FAF ED 52        		sbc	hl,de
2751+ 9FB1 22 45 9F     		ld	(cursor_w_curad),hl
2752+ 9FB4 CD D6 9F     		call	draw_cursor
2753+ 9FB7 C9           		ret
2754+ 9FB8
2755+ 9FB8 21 47 9F     key_down	ld	hl,wind_curs_item
2756+ 9FBB 7E           		ld	a,(hl)
2757+ 9FBC FE 03        		cp	page
2758+ 9FBE C8           		ret	z
2759+ 9FBF 34           		inc	(hl)
2760+ 9FC0 CD CE 9F     		call	undraw_cursor
2761+ 9FC3 2A 45 9F     		ld	hl,(cursor_w_curad)
2762+ 9FC6 19           		add	hl,de
2763+ 9FC7 22 45 9F     		ld	(cursor_w_curad),hl
2764+ 9FCA CD D6 9F     		call	draw_cursor
2765+ 9FCD C9           		ret
2766+ 9FCE
2767+ 9FCE 2A 45 9F     undraw_cursor	ld	hl,(cursor_w_curad)
2768+ 9FD1 7E           		ld	a,(hl)
2769+ 9FD2 E6 F7        		and	no_curs
2770+ 9FD4              ;		and	%11110111
2771+ 9FD4 18 06        		jr	dc_1
2772+ 9FD6 2A 45 9F     draw_cursor	ld	hl,(cursor_w_curad)
2773+ 9FD9 7E           		ld	a,(hl)
2774+ 9FDA              ;		or	%00001000
2775+ 9FDA F6 08        		or	cursor
2776+ 9FDC
2777+ 9FDC 06 1D        dc_1		ld	b,cursor_len
2778+ 9FDE 77           dc_2		ld	(hl),a
2779+ 9FDF 23           		inc	hl
2780+ 9FE0 10 FC        		djnz	dc_2
2781+ 9FE2 AF           		xor	a			;A=0 to avoid artifical key press
2782+ 9FE3 C9           		ret
2783+ 9FE4 ~            /*
2784+ 9FE4 ~            undraw_cursor	ld	a,unmark_no_curs
2785+ 9FE4 ~            		jr	dc_1
2786+ 9FE4 ~            draw_cursor	ld	a,unmark_cursor
2787+ 9FE4 ~            dc_1		ld	hl,(cursor_w_curad)
2788+ 9FE4 ~            		ld	b,cursor_len
2789+ 9FE4 ~            dc_2		ld	(hl),a
2790+ 9FE4 ~            		inc	hl
2791+ 9FE4 ~            		djnz	dc_2
2792+ 9FE4 ~            		xor	a			;A=0 to avoid artifical key press
2793+ 9FE4 ~            		ret
2794+ 9FE4 ~            */
2795+ 9FE4              ;------------------------------
2796+ 9FE4              	IFDEF	ELEMENT
2797+ 9FE4 ~            TEXT1	dc	16,70,"EasyCF 1.0-eLeMeNtZX"
2798+ 9FE4              	ELSE
2799+ 9FE4 10 46 45 61  TEXT1	dc	16,70,"EasyCF 1.0 - MB03+"
2799+ 9FE8 73 79 43 46
2799+ 9FEC 20 31 2E 30
2799+ 9FF0 20 2D 20 4D
2799+ 9FF4 42 30 33 AB
2800+ 9FF8              	ENDIF
2801+ 9FF8 10 03 7F 20  TEXT2	dc	16,3,127," MB03+ team 2026"
2801+ 9FFC 4D 42 30 33
2801+ A000 2B 20 74 65
2801+ A004 61 6D 20 32
2801+ A008 30 32 B6
2802+ A00B 10 46 4D 41  TEXT3	dc	16,70,"MASTER CF:"
2802+ A00F 53 54 45 52
2802+ A013 20 43 46 BA
2803+ A017 10 46 4D 6F  TEXT4	dc	16,70,"Model:"
2803+ A01B 64 65 6C BA
2804+ A01F 10 46 46 69  TEXT5	dc	16,70,"Firmware:"
2804+ A023 72 6D 77 61
2804+ A027 72 65 BA
2805+ A02A 10 46 53 65  TEXT6	dc	16,70,"Serial number:"
2805+ A02E 72 69 61 6C
2805+ A032 20 6E 75 6D
2805+ A036 62 65 72 BA
2806+ A03A 10 46 4C 42  TEXT7	dc	16,70,"LBA28-bit:     LBA48-bit:     DMA:"
2806+ A03E 41 32 38 2D
2806+ A042 62 69 74 3A
2806+ A046 20 20 20 20
2806+ A04A 20 4C 42 41
2806+ A04E 34 38 2D 62
2806+ A052 69 74 3A 20
2806+ A056 20 20 20 20
2806+ A05A 44 4D 41 BA
2807+ A05E              ;TEXT8	dc	16,70,"SLAVE DISK:"
2808+ A05E 10 42 63 68  TEXT8	dc	16,66,"checking..."
2808+ A062 65 63 6B 69
2808+ A066 6E 67 2E 2E
2808+ A06A AE
2809+ A06B 54 6F 74 61  TEXT9	db	"Total LBA 48 bi"
2809+ A06F 6C 20 4C 42
2809+ A073 41 20 34 38
2809+ A077 20 62 69
2810+ A07A 74 20 73 65  	dc	"t sec.:"
2810+ A07E 63 2E BA
2811+ A081 53 74 61 72  TEXT10	db	"Start cloning ("
2811+ A085 74 20 63 6C
2811+ A089 6F 6E 69 6E
2811+ A08D 67 20 28
2812+ A090 31 2F 32 2F  	dc	"1/2/n)"
2812+ A094 6E A9
2813+ A096 10 42 44 69  TEXT11	dc	16,66,"Disk time out"
2813+ A09A 73 6B 20 74
2813+ A09E 69 6D 65 20
2813+ A0A2 6F 75 F4
2814+ A0A5 10 42 53 74  TEXT12	dc	16,66,"Status b0 error"
2814+ A0A9 61 74 75 73
2814+ A0AD 20 62 30 20
2814+ A0B1 65 72 72 6F
2814+ A0B5 F2
2815+ A0B6 10 42 44 52  TEXT13	dc	16,66,"DRQ error      "
2815+ A0BA 51 20 65 72
2815+ A0BE 72 6F 72 20
2815+ A0C2 20 20 20 20
2815+ A0C6 A0
2816+ A0C7 10 42 44 72  TEXT14	dc	16,66,"Drive not ready"
2816+ A0CB 69 76 65 20
2816+ A0CF 6E 6F 74 20
2816+ A0D3 72 65 61 64
2816+ A0D7 F9
2817+ A0D8 10 42 4F 74  TEXT15	dc	16,66,"Other error    "
2817+ A0DC 68 65 72 20
2817+ A0E0 65 72 72 6F
2817+ A0E4 72 20 20 20
2817+ A0E8 A0
2818+ A0E9 10 45 4F 4B  TEXT16	db	16,69,"OK             "
2818+ A0ED 20 20 20 20
2818+ A0F1 20 20 20 20
2818+ A0F5 20 20 20 20
2818+ A0F9 20
2819+ A0FA 20 20 20 20  	dc	"     "
2819+ A0FE A0
2820+ A0FF 10 46 44 4D  TEXT17	dc	16,70,"DMA Speed:"
2820+ A103 41 20 53 70
2820+ A107 65 65 64 BA
2821+ A10B 10 46 50 6F  TEXT18	db	16,70,"Port: "
2821+ A10F 72 74 3A 20
2822+ A113 10 45        	db	16,69
2823+ A115 33 D4        	dc	"3T"
2824+ A117 10 46 4D 65  TEXT19	db	16,70,"Memory: "
2824+ A11B 6D 6F 72 79
2824+ A11F 3A 20
2825+ A121 10 45        	db	16,69
2826+ A123 33 D4        	dc	"3T"
2827+ A125              ;/*
2828+ A125              ;TEXT17	db	"Read errors:   "
2829+ A125              ;	dc	"    "
2830+ A125              ;TEXT18	db	"Write errors:  "
2831+ A125              ;	dc	"   "
2832+ A125              ;TEXT19	db	"Sector counter:"
2833+ A125              ;	dc	"     "
2834+ A125              ;TEXT20	db	"---------------"
2835+ A125              ;	db	"---------------"
2836+ A125              ;	dc	"----------"
2837+ A125              ;TEXT21	db	"WARNING! "
2838+ A125              ;	db	"Drives aren't i"
2839+ A125              ;	dc	"dentical!!!"
2840+ A125              ;TEXT22	db	"Drives are "
2841+ A125              ;	dc	"idencial"
2842+ A125              ;TEXT23	db	"Cloning complet"
2843+ A125              ;	dc	"ed"
2844+ A125              ;TEXT24	dc	"1. COUNTDOWN"
2845+ A125              ;TEXT25	dc	"2. COUNTUP"
2846+ A125              ;*/
2847+ A125              TEXT_YES
2848+ A125 10 45 59 65  	dc	16,69,"Yes"
2848+ A129 F3
2849+ A12A 10 45 4E EF  TEXT_NO	dc	16,69,"No"
2850+ A12E              TEXT_CLR
2851+ A12E 20 20 20 20  	db	"               "
2851+ A132 20 20 20 20
2851+ A136 20 20 20 20
2851+ A13A 20 20 20
2852+ A13D 20 20 20 20  	db	"               "
2852+ A141 20 20 20 20
2852+ A145 20 20 20 20
2852+ A149 20 20 20
2853+ A14C 20 20 20 20  	dc	"         "
2853+ A150 20 20 20 20
2853+ A154 A0
2854+ A155
2855+ A155              ;TEXT100	dc	16,67,"Press a key to install to partition "
2856+ A155 10 43 49 6E  TEXT100		dc	16,67,"Installed to partition "
2856+ A159 73 74 61 6C
2856+ A15D 6C 65 64 20
2856+ A161 74 6F 20 70
2856+ A165 61 72 74 69
2856+ A169 74 69 6F 6E
2856+ A16D A0
2857+ A16E 10 43 2C 20  TEXT_PRESS_KEY	dc	16,67,", press a key"
2857+ A172 70 72 65 73
2857+ A176 73 20 61 20
2857+ A17A 6B 65 F9
2858+ A17D 10 43 52 75  TEXT_AUTOSYS	dc	16,67,"Running AUTOSYS..."
2858+ A181 6E 6E 69 6E
2858+ A185 67 20 41 55
2858+ A189 54 4F 53 59
2858+ A18D 53 2E 2E AE
2859+ A191 10 43 41 55  TEXT_AUTOSYS_NOT_FOUND	dc	16,67,"AUTOSYS not found, press a key"
2859+ A195 54 4F 53 59
2859+ A199 53 20 6E 6F
2859+ A19D 74 20 66 6F
2859+ A1A1 75 6E 64 2C
2859+ A1A5 20 70 72 65
2859+ A1A9 73 73 20 61
2859+ A1AD 20 6B 65 F9
2860+ A1B1              ;TEXT101	dc	16,70,"C/H/S:"
2861+ A1B1              ;TEXT101	dc	"Permanent WP:      Temporal WP:"
2862+ A1B1 10 46 43 61  TEXT102	db	16,70,"Capacity: "
2862+ A1B5 70 61 63 69
2862+ A1B9 74 79 3A 20
2863+ A1BD 10 45 20 20  	dc	16,69,"     MB"
2863+ A1C1 20 20 20 4D
2863+ A1C5 C2
2864+ A1C6              TEXTPARSEC
2865+ A1C6              ;	db	16,70,"Par  1stParSec  1stDatSec 1stFile"
2866+ A1C6 10 46 50 61  	db	16,70,"Par  1stParSec 1st_MBDFile  1stDatSec"
2866+ A1CA 72 20 20 31
2866+ A1CE 73 74 50 61
2866+ A1D2 72 53 65 63
2866+ A1D6 20 31 73 74
2866+ A1DA 5F 4D 42 44
2866+ A1DE 46 69 6C 65
2866+ A1E2 20 20 31 73
2866+ A1E6 74 44 61 74
2866+ A1EA 53 65 63
2867+ A1ED 10 45 A0     	dc	16,69," "
2868+ A1F0
2869+ A1F0              ;TEXTDATASEC
2870+ A1F0              ;	db	16,70,"1st Data Sec.:"
2871+ A1F0              ;	dc	16,69," "
2872+ A1F0
2873+ A1F0 50 61 6E 61  Manufacturer1	dc	"Panasonic"
2873+ A1F4 73 6F 6E 69
2873+ A1F8 E3
2874+ A1F9 54 6F 73 68  Manufacturer2	dc	"Toshiba / Kioxia"
2874+ A1FD 69 62 61 20
2874+ A201 2F 20 4B 69
2874+ A205 6F 78 69 E1
2875+ A209 53 61 6E 44  Manufacturer3	dc	"SanDisk"
2875+ A20D 69 73 EB
2876+ A210 53 61 6D 73  Manufacturer1b	dc	"Samsung"
2876+ A214 75 6E E7
2877+ A217 41 44 61 74  Manufacturer1d	dc	"AData"
2877+ A21B E1
2878+ A21C 50 68 69 73  Manufacturer27	dc	"Phison"
2878+ A220 6F EE
2879+ A222 53 69 6C 69  Manufacturer31	dc	"Silicon Power"
2879+ A226 63 6F 6E 20
2879+ A22A 50 6F 77 65
2879+ A22E F2
2880+ A22F 54 72 61 6E  Manufacturer74	dc	"Transcend"
2880+ A233 73 63 65 6E
2880+ A237 E4
2881+ A238 4B 69 6E 67  Manufacturer9f	dc	"Kingston"
2881+ A23C 73 74 6F EE
2882+ A240 4F 74 68 65  ManufacturerOther	dc	"Other"
2882+ A244 F2
2883+ A245 AC           carka		dc	","
2884+ A246 AF           lomeno		dc	"/"
2885+ A247 20 C7        TEXT_GB		dc	" G"
2886+ A249 30 2E B0     REV_TEXT	db	"0.","0"+#80	; CID Product Revision, napr. #61 -> 6.1
2887+ A24C 43 53 44 BA  TEXT_CSD	dc	"CSD:"
2888+ A250 31 2E B0     TEXT_10		dc	"1.0"
2889+ A253 32 2E B0     TEXT_20		dc	"2.0"
2890+ A256 50 61 72 74  TEXT_PART_TYPE	dc	"Partition type:"
2890+ A25A 69 74 69 6F
2890+ A25E 6E 20 74 79
2890+ A262 70 65 BA
2891+ A265 10 45 46 31  TEXT_FAT16	dc	16,69,"F16"		; platna FAT partition vzdy cyan
2891+ A269 B6
2892+ A26A 10 45 46 33  TEXT_FAT32	dc	16,69,"F32"		; platna FAT partition vzdy cyan
2892+ A26E B2
2893+ A26F 10 42 4E 54  TEXT_NTFS	dc	16,66,"NTFS"
2893+ A273 46 D3
2894+ A275 10 42 65 78  TEXT_EXFAT	dc	16,66,"exFAT"
2894+ A279 46 41 D4
2895+ A27C 10 42 4C 69  TEXT_LINUX	dc	16,66,"Linux"
2895+ A280 6E 75 F8
2896+ A283 10 42 4D 44  TEXT_MDOS3	dc	16,66,"MDOS3"
2896+ A287 4F 53 B3
2897+ A28A 10 42 47 50  TEXT_GPT	dc	16,66,"GPT"
2897+ A28E D4
2898+ A28F 10 42 45 78  TEXT_EXTENDED	dc	16,66,"Extended"
2898+ A293 74 65 6E 64
2898+ A297 65 E4
2899+ A299 10 42 4F 74  TEXT_OTHER	dc	16,66,"Other"		;muzeme si dovolit delsi text, bude na radku sam
2899+ A29D 68 65 F2
2900+ A2A0 10 45 53 46  TEXT_SFL16	dc	16,69,"SFl_F16"	; superfloppy FAT16 cyan
2900+ A2A4 6C 5F 46 31
2900+ A2A8 B6
2901+ A2A9 10 45 53 46  TEXT_SFL32	dc	16,69,"SFl_F32"	; superfloppy FAT32 cyan
2901+ A2AD 6C 5F 46 33
2901+ A2B1 B2
2902+ A2B2 10 42 4E 6F  TEXT_NODATA	dc	16,66,"No Data"
2902+ A2B6 20 44 61 74
2902+ A2BA E1
2903+ A2BB 10 42 50 61  TEXT_PART_EMPTY	dc	16,66,"Partittion empty"
2903+ A2BF 72 74 69 74
2903+ A2C3 74 69 6F 6E
2903+ A2C7 20 65 6D 70
2903+ A2CB 74 F9
2904+ A2CD 10 42 4E 6F  TEXT_NO_VALID	dc	16,66,"No valid partition found, press a key"
2904+ A2D1 20 76 61 6C
2904+ A2D5 69 64 20 70
2904+ A2D9 61 72 74 69
2904+ A2DD 74 69 6F 6E
2904+ A2E1 20 66 6F 75
2904+ A2E5 6E 64 2C 20
2904+ A2E9 70 72 65 73
2904+ A2ED 73 20 61 20
2904+ A2F1 6B 65 F9
2905+ A2F4 10 42 50 61  TEXT_PART_NOUSE	dc	16,66,"Partition not usable, try again"
2905+ A2F8 72 74 69 74
2905+ A2FC 69 6F 6E 20
2905+ A300 6E 6F 74 20
2905+ A304 75 73 61 62
2905+ A308 6C 65 2C 20
2905+ A30C 74 72 79 20
2905+ A310 61 67 61 69
2905+ A314 EE
2906+ A315              ;TEXT_MAKE_SELEC	dc	16,67,"Make selection. Press <EDIT> to exit"
2907+ A315 10 43 50 72  TEXT_MAKE_SELEC	dc	16,67,"Press ENTER to select, EDIT to exit"
2907+ A319 65 73 73 20
2907+ A31D 45 4E 54 45
2907+ A321 52 20 74 6F
2907+ A325 20 73 65 6C
2907+ A329 65 63 74 2C
2907+ A32D 20 45 44 49
2907+ A331 54 20 74 6F
2907+ A335 20 65 78 69
2907+ A339 F4
2908+ A33A              ;------------------------------
2909+ A33A              ;------------------------------
2910+ A33A              T_X	equ	0
2911+ A33A              T_Y	equ	0
2912+ A33A              T_XLEN	equ	31
2913+ A33A              T_YLEN	equ	24
2914+ A33A              T_ATTR1	equ	%01010110
2915+ A33A              T_ATTR2	equ	%01000110
2916+ A33A              T_ATTR3	equ	70
2917+ A33A              ;------------------------------
2918+ A33A              T_START
2919+ A33A 06 01        T_ATTR	ld	b,T_Y+1
2920+ A33C 11 20 00     	ld	de,32
2921+ A33F 21 E0 57     	ld	hl,22528+T_X-32
2922+ A342 19           T_COL1	add	hl,de
2923+ A343 10 FD        	djnz	T_COL1
2924+ A345 01 1F 00     	ld	bc,T_XLEN
2925+ A348 54           	ld	d,h
2926+ A349 5D           	ld	e,l
2927+ A34A 13           	inc	de
2928+ A34B 36 56        	ld	(hl),T_ATTR1
2929+ A34D E5           	push	hl
2930+ A34E C5           	push	bc
2931+ A34F ED B0        	ldir
2932+ A351 C1           	pop	bc
2933+ A352 E1           	pop	hl
2934+ A353 0B           	dec	bc
2935+ A354 3E 18        	ld	a,T_YLEN
2936+ A356 3D           	dec	a
2937+ A357 11 20 00     	ld	de,32
2938+ A35A 19           	add	hl,de
2939+ A35B E5           T_COL2	push	hl
2940+ A35C C5           	push	bc
2941+ A35D D5           	push	de
2942+ A35E 36 46        	ld	(hl),T_ATTR2
2943+ A360 54           	ld	d,h
2944+ A361 5D           	ld	e,l
2945+ A362 13           	inc	de
2946+ A363 ED B0        	ldir
2947+ A365 EB           	ex	de,hl
2948+ A366 36 56        	ld	(hl),T_ATTR1
2949+ A368 D1           	pop	de
2950+ A369 C1           	pop	bc
2951+ A36A E1           	pop	hl
2952+ A36B 19           	add	hl,de
2953+ A36C 3D           	dec	a
2954+ A36D 20 EC        	jr	nz,T_COL2
2955+ A36F
2956+ A36F              T_CARY
2957+ A36F 06 00        	ld	b,T_Y
2958+ A371 0E 00        	ld	c,T_X
2959+ A373 21 D8 A3     	ld	hl,T_HELP1
2960+ A376 C5           	push	bc
2961+ A377 CD 9A A3     	call	T_ONE
2962+ A37A C1           	pop	bc
2963+ A37B 04           	inc	b
2964+ A37C 21 DB A3     	ld	hl,T_HELP2
2965+ A37F C5           	push	bc
2966+ A380 CD 9A A3     	call	T_ONE
2967+ A383 C1           	pop	bc
2968+ A384 04           	inc	b
2969+ A385 3E 18        	ld	a,T_YLEN
2970+ A387 D6 03        	sub	3
2971+ A389 21 DE A3     T_CAR1	ld	hl,T_HELP3
2972+ A38C C5           	push	bc
2973+ A38D F5           	push	af
2974+ A38E CD 9A A3     	call	T_ONE
2975+ A391 F1           	pop	af
2976+ A392 C1           	pop	bc
2977+ A393 04           	inc	b
2978+ A394 3D           	dec	a
2979+ A395 20 F2        	jr	nz,T_CAR1
2980+ A397 21 E1 A3     	ld	hl,T_HELP4
2981+ A39A
2982+ A39A 7E           T_ONE	ld	a,(hl)
2983+ A39B E5           	push	hl
2984+ A39C C5           	push	bc
2985+ A39D CD B7 A3     	call	T_ZNAK
2986+ A3A0 C1           	pop	bc
2987+ A3A1 E1           	pop	hl
2988+ A3A2 0C           	inc	c
2989+ A3A3 23           	inc	hl
2990+ A3A4 16 1E        	ld	d,T_XLEN-1
2991+ A3A6 5E           	ld	e,(hl)
2992+ A3A7 E5           	push	hl
2993+ A3A8 C5           T_CYKL	push	bc
2994+ A3A9 D5           	push	de
2995+ A3AA 7B           	ld	a,e
2996+ A3AB CD B7 A3     	call	T_ZNAK
2997+ A3AE D1           	pop	de
2998+ A3AF C1           	pop	bc
2999+ A3B0 0C           	inc	c
3000+ A3B1 15           	dec	d
3001+ A3B2 20 F4        	jr	nz,T_CYKL
3002+ A3B4 E1           	pop	hl
3003+ A3B5 23           	inc	hl
3004+ A3B6 7E           	ld	a,(hl)
3005+ A3B7
3006+ A3B7 26 00        T_ZNAK	ld	h,0
3007+ A3B9 6F           	ld	l,a
3008+ A3BA 11 E4 A3     	ld	de,T_0
3009+ A3BD 29           	add	hl,hl
3010+ A3BE 29           	add	hl,hl
3011+ A3BF 29           	add	hl,hl
3012+ A3C0 19           	add	hl,de
3013+ A3C1 78           	ld	a,b
3014+ A3C2 0F           	rrca
3015+ A3C3 0F           	rrca
3016+ A3C4 0F           	rrca
3017+ A3C5 E6 E0        	and	#E0
3018+ A3C7 81           	add	a,c
3019+ A3C8 5F           	ld	e,a
3020+ A3C9 78           	ld	a,b
3021+ A3CA E6 18        	and	#18
3022+ A3CC F6 40        	or	#40
3023+ A3CE 57           	ld	d,a
3024+ A3CF 06 08        	ld	b,8
3025+ A3D1 7E           T_ZNA1	ld	a,(hl)
3026+ A3D2 12           	ld	(de),a
3027+ A3D3 23           	inc	hl
3028+ A3D4 14           	inc	d
3029+ A3D5 10 FA        	djnz	T_ZNA1
3030+ A3D7 C9           	ret
3031+ A3D8
3032+ A3D8 00 01 02     T_HELP1	defb	0,1,2
3033+ A3DB 03 0A 06     T_HELP2	defb	3,10,6
3034+ A3DE 03 0A 04     T_HELP3	defb	3,10,4
3035+ A3E1 05 09 07     T_HELP4	defb	5,9,7
3036+ A3E4
3037+ A3E4 FF           T_0	defb	255
3038+ A3E5 81           	defb	129
3039+ A3E6 81           	defb	129
3040+ A3E7 BD           	defb	189
3041+ A3E8 BD           	defb	189
3042+ A3E9 81           	defb	129
3043+ A3EA 81           	defb	129
3044+ A3EB FF           	defb	255
3045+ A3EC FF           T_1	defb	255
3046+ A3ED 00           	defb	0
3047+ A3EE 00           	defb	0
3048+ A3EF 00           	defb	0
3049+ A3F0 00           	defb	0
3050+ A3F1 00           	defb	0
3051+ A3F2 00           	defb	0
3052+ A3F3 FF           	defb	255
3053+ A3F4 FF           T_2	defb	255
3054+ A3F5 81           	defb	129
3055+ A3F6 B9           	defb	%10111001
3056+ A3F7 B9           	defb	%10111001
3057+ A3F8 9D           	defb	%10011101
3058+ A3F9 9D           	defb	%10011101
3059+ A3FA 81           	defb	129
3060+ A3FB FF           	defb	255
3061+ A3FC 80           T_3	defb	128
3062+ A3FD 80           	defb	128
3063+ A3FE 80           	defb	128
3064+ A3FF 80           	defb	128
3065+ A400 80           	defb	128
3066+ A401 80           	defb	128
3067+ A402 80           	defb	128
3068+ A403 80           	defb	128
3069+ A404 81           T_4	defb	129
3070+ A405 81           	defb	129
3071+ A406 81           	defb	129
3072+ A407 81           	defb	129
3073+ A408 81           	defb	129
3074+ A409 81           	defb	129
3075+ A40A 81           	defb	129
3076+ A40B 81           	defb	129
3077+ A40C 80           T_5	defb	128
3078+ A40D 80           	defb	128
3079+ A40E 80           	defb	128
3080+ A40F 80           	defb	128
3081+ A410 80           	defb	128
3082+ A411 80           	defb	128
3083+ A412 80           	defb	128
3084+ A413 FF           	defb	255
3085+ A414 FF           T_6	defb	255
3086+ A415 81           	defb	129
3087+ A416 99           	defb	153
3088+ A417 BD           	defb	189
3089+ A418 99           	defb	153
3090+ A419 99           	defb	153
3091+ A41A 81           	defb	129
3092+ A41B FF           	defb	255
3093+ A41C FF           T_7	defb	255
3094+ A41D 81           	defb	129
3095+ A41E 99           	defb	153
3096+ A41F 99           	defb	153
3097+ A420 BD           	defb	189
3098+ A421 99           	defb	153
3099+ A422 81           	defb	129
3100+ A423 FF           	defb	255
3101+ A424 FF           T_8	defb	255
3102+ A425 81           	defb	129
3103+ A426 81           	defb	129
3104+ A427 99           	defb	153
3105+ A428 99           	defb	153
3106+ A429 81           	defb	129
3107+ A42A 81           	defb	129
3108+ A42B FF           	defb	255
3109+ A42C 00           T_9	defb	0
3110+ A42D 00           	defb	0
3111+ A42E 00           	defb	0
3112+ A42F 00           	defb	0
3113+ A430 00           	defb	0
3114+ A431 00           	defb	0
3115+ A432 00           	defb	0
3116+ A433 FF           	defb	255
3117+ A434 00           T_10	defb	0
3118+ A435 00           	defb	0
3119+ A436 00           	defb	0
3120+ A437 00           	defb	0
3121+ A438 00           	defb	0
3122+ A439 00           	defb	0
3123+ A43A 00           	defb	0
3124+ A43B 00           	defb	0
3125+ A43C              ;------------------------------
3126+ A43C              ;TISK CISLA BC-POZICE HL-HODNOT
3127+ A43C              ;TISKNE CISLO TYPU INTEGER
3128+ A43C              ;STAR-RUTINA TISKU 1 ZNAKU NA
3129+ A43C              ;POZICI BC (0,0)
3130+ A43C 11 F0 D8     NUMBER4	ld	de,-10000
3131+ A43F CD 5D A4     	call	NUM_JED
3132+ A442 11 18 FC     NUMBER3	ld	de,-1000
3133+ A445 CD 5D A4     	call	NUM_JED
3134+ A448 11 9C FF     NUMBER2	ld	de,-100
3135+ A44B CD 5D A4     	call	NUM_JED
3136+ A44E 11 F6 FF     NUMBER1	ld	de,-10
3137+ A451 CD 5D A4     	call	NUM_JED
3138+ A454 7D           NUMBER0	ld	a,l
3139+ A455 C6 30        	add	a,48
3140+ A457 C5           	push	bc		;new
3141+ A458 CD A9 A4     	call	T42
3142+ A45B C1           	pop	bc
3143+ A45C C9           	ret
3144+ A45D
3145+ A45D AF           NUM_JED	xor	a
3146+ A45E              NUM_JED1
3147+ A45E 19           	add	hl,de
3148+ A45F 30 03        	jr	nc,NUM_PRIC
3149+ A461 3C           	inc	a
3150+ A462 18 FA        	jr	NUM_JED1
3151+ A464              NUM_PRIC
3152+ A464 ED 52        	sbc	hl,de
3153+ A466 C6 30        	add	a,48
3154+ A468 C5           	push	bc
3155+ A469 E5           	push	hl
3156+ A46A CD A9 A4     	call	T42
3157+ A46D E1           	pop	hl
3158+ A46E C1           	pop	bc
3159+ A46F 0C           	inc	c
3160+ A470 C9           	ret
3161+ A471              ;/*
3162+ A471              ;T42_TEXT ld	a,(hl)
3163+ A471              ;	and	127
3164+ A471              ;	push	hl
3165+ A471              ;	push	bc
3166+ A471              ;	call	T42
3167+ A471              ;	pop	bc
3168+ A471              ;	pop	hl
3169+ A471              ;	inc	c
3170+ A471              ;	ld	a,(hl)
3171+ A471              ;	rla
3172+ A471              ;	inc	hl
3173+ A471              ;	jr	nc,T42_TEXT
3174+ A471              ;	ret
3175+ A471              ;*/
3176+ A471              ;Tisk textu 42 znaku na radek
3177+ A471              ;-umi tisknou v danych mezich urcenych promenymi t42_borb a t42_bore
3178+ A471              ;-posledni znak ma nastaveny bit7
3179+ A471              ;-podporuje enter 13
3180+ A471              ;-umi tiskout i barvy dle promene t42_att; pokud je nula neobarvuje
3181+ A471              ;-podporuje znemu barvy pres kod 16 nasledovany hodnotou attributu
3182+ A471              T42_TEXT
3183+ A471 7E           	ld	a,(hl)
3184+ A472 E6 7F        	and	127
3185+ A474 FE 0D        	cp	13
3186+ A476 28 19        	jr	z,T42_ZMEN
3187+ A478 FE 10        	cp	16
3188+ A47A 28 23        	jr	z,T42_ZMENCOLOR
3189+ A47C E5           	push	hl
3190+ A47D C5           	push	bc
3191+ A47E CD A9 A4     	call	T42
3192+ A481 C1           	pop	bc
3193+ A482 E1           	pop	hl
3194+ A483 3A A7 A4     	ld	a,(T42_BORE)
3195+ A486 3D           	dec	a
3196+ A487 B9           	cp	c
3197+ A488 38 07        	jr	c,T42_ZMEN
3198+ A48A 0C           	inc	c
3199+ A48B              T42_BACK
3200+ A48B 7E           	ld	a,(hl)
3201+ A48C 17           	rla
3202+ A48D D8           	ret	c
3203+ A48E 23           	inc	hl
3204+ A48F 18 E0        	jr	T42_TEXT
3205+ A491
3206+ A491              T42_ZMEN
3207+ A491 3A A6 A4     	ld	a,(T42_BORB)
3208+ A494 4F           	ld	c,a
3209+ A495 04           	inc	b
3210+ A496 78           	ld	a,b
3211+ A497 FE 18        	cp	24
3212+ A499 38 F0        	jr	c,T42_BACK
3213+ A49B 06 00        	ld	b,0
3214+ A49D 18 EC        	jr	T42_BACK
3215+ A49F              T42_ZMENCOLOR
3216+ A49F 23           	inc	hl
3217+ A4A0 7E           	ld	a,(hl)
3218+ A4A1 32 A8 A4     	ld	(T42_ATT),a
3219+ A4A4 18 E5        	jr	T42_BACK
3220+ A4A6
3221+ A4A6              T42_BORB
3222+ A4A6 01           	defb	1
3223+ A4A7              T42_BORE
3224+ A4A7 29           	defb	41
3225+ A4A8 00           T42_ATT	defb	0
3226+ A4A9
3227+ A4A9              ;Tisk 42 znaku na radek
3228+ A4A9              ;pocatek vlevo nahore (0,0)
3229+ A4A9
3230+ A4A9 11 6A A4     T42	ld	de,T42_SADA-256
3231+ A4AC 26 00        	ld	h,0
3232+ A4AE 6F           	ld	l,a
3233+ A4AF 29           	add	hl,hl
3234+ A4B0 29           	add	hl,hl
3235+ A4B1 29           	add	hl,hl
3236+ A4B2 19           	add	hl,de
3237+ A4B3 78           	ld	a,b
3238+ A4B4 0F           	rrca
3239+ A4B5 0F           	rrca
3240+ A4B6 0F           	rrca
3241+ A4B7 E6 E0        	and	%11100000
3242+ A4B9 5F           	ld	e,a
3243+ A4BA 78           	ld	a,b
3244+ A4BB E6 18        	and	%00011000
3245+ A4BD F6 40        	or	%01000000
3246+ A4BF 57           	ld	d,a
3247+ A4C0 79           	ld	a,c
3248+ A4C1 E6 3C        	and	%00111100
3249+ A4C3 0F           	rrca
3250+ A4C4 0F           	rrca
3251+ A4C5 47           	ld	b,a
3252+ A4C6 79           	ld	a,c
3253+ A4C7 E6 3C        	and	%00111100
3254+ A4C9 90           	sub	b
3255+ A4CA 83           	add	a,e
3256+ A4CB 5F           	ld	e,a
3257+ A4CC 79           	ld	a,c
3258+ A4CD E6 03        	and	%00000011
3259+ A4CF 06 08        	ld	b,8
3260+ A4D1 20 0B        	jr	nz,T42_T123
3261+ A4D3 1A           T42_T0	ld	a,(de)
3262+ A4D4 E6 03        	and	%00000011
3263+ A4D6 B6           	or	(hl)
3264+ A4D7 12           	ld	(de),a
3265+ A4D8 14           	inc	d
3266+ A4D9 23           	inc	hl
3267+ A4DA 10 F7        	djnz	T42_T0
3268+ A4DC 18 68        	jr	T42_COLOR
3269+ A4DE              ;	ret
3270+ A4DE
3271+ A4DE              T42_T123
3272+ A4DE FE 02        	cp	2
3273+ A4E0 38 13        	jr	c,T42_T1
3274+ A4E2 28 29        	jr	z,T42_T2
3275+ A4E4 1C           T42_T3	inc	e
3276+ A4E5 1C           	inc	e
3277+ A4E6 1A           T42_T31	ld	a,(de)
3278+ A4E7 E6 C0        	and	%11000000
3279+ A4E9 4F           	ld	c,a
3280+ A4EA 7E           	ld	a,(hl)
3281+ A4EB 0F           	rrca
3282+ A4EC 0F           	rrca
3283+ A4ED B1           	or	c
3284+ A4EE 12           	ld	(de),a
3285+ A4EF 14           	inc	d
3286+ A4F0 23           	inc	hl
3287+ A4F1 10 F3        	djnz	T42_T31
3288+ A4F3 18 51        	jr	T42_COLOR
3289+ A4F5
3290+ A4F5              ;	ret
3291+ A4F5
3292+ A4F5 AF           T42_T1	xor	a
3293+ A4F6 32 33 A5     	ld	(T42_P3),a
3294+ A4F9 32 34 A5     	ld	(T42_P4),a
3295+ A4FC 3E FC        	ld	a,%11111100
3296+ A4FE 32 2E A5     	ld	(T42_P1+1),a
3297+ A501 2F           	cpl
3298+ A502 CD 27 A5     	call	T42_P_A
3299+ A505 3E 0F        	ld	a,%00001111
3300+ A507 32 2E A5     	ld	(T42_P1+1),a
3301+ A50A 2F           	cpl
3302+ A50B 18 18        	jr	T42_P_B
3303+ A50D
3304+ A50D 1C           T42_T2	inc	e
3305+ A50E 3E 07        	ld	a,7
3306+ A510 32 33 A5     	ld	(T42_P3),a
3307+ A513 32 34 A5     	ld	(T42_P4),a
3308+ A516 3E F0        	ld	a,%11110000
3309+ A518 32 2E A5     	ld	(T42_P1+1),a
3310+ A51B 2F           	cpl
3311+ A51C CD 27 A5     	call	T42_P_A
3312+ A51F 3E 3F        	ld	a,%00111111
3313+ A521 32 2E A5     	ld	(T42_P1+1),a
3314+ A524 2F           	cpl
3315+ A525
3316+ A525 06 08        T42_P_B	ld	b,8
3317+ A527 32 36 A5     T42_P_A	ld	(T42_P2+1),a
3318+ A52A E5           	push	hl
3319+ A52B D5           	push	de
3320+ A52C 1A           T42_P0	ld	a,(de)
3321+ A52D E6 00        T42_P1	and	0
3322+ A52F 4F           	ld	c,a
3323+ A530 7E           	ld	a,(hl)
3324+ A531 07           	rlca
3325+ A532 07           	rlca
3326+ A533 00           T42_P3	nop
3327+ A534 00           T42_P4	nop
3328+ A535 E6 00        T42_P2	and	0
3329+ A537 B1           	or	c
3330+ A538 12           	ld	(de),a
3331+ A539 14           	inc	d
3332+ A53A 23           	inc	hl
3333+ A53B 10 EF        	djnz	T42_P0
3334+ A53D
3335+ A53D D5           	push	de
3336+ A53E CD 46 A5     	call	T42_COLOR
3337+ A541 D1           	pop	de
3338+ A542              ; podpora barev
3339+ A542 D1           	pop	de
3340+ A543 E1           	pop	hl
3341+ A544 1C           	inc	e
3342+ A545
3343+ A545 C9           	ret
3344+ A546
3345+ A546              T42_COLOR
3346+ A546 3A A8 A4     	ld	a,(T42_ATT)
3347+ A549 B7           	or	a
3348+ A54A C8           	ret	z
3349+ A54B              ; pokud je nula, tak se neobarvuje
3350+ A54B 15           	dec	d
3351+ A54C 7A           	ld	a,d
3352+ A54D 0F           	rrca
3353+ A54E 0F           	rrca
3354+ A54F 0F           	rrca
3355+ A550 E6 03        	and	3
3356+ A552 F6 58        	or	88
3357+ A554 57           	ld	d,a
3358+ A555 3A A8 A4     	ld	a,(T42_ATT)
3359+ A558 12           	ld	(de),a
3360+ A559 C9           	ret
3361+ A55A
3362+ A55A FC           	defb	%11111100
3363+ A55B 84           	defb	%10000100
3364+ A55C 84           	defb	%10000100
3365+ A55D 84           	defb	%10000100
3366+ A55E 84           	defb	%10000100
3367+ A55F 84           	defb	%10000100
3368+ A560 84           	defb	%10000100
3369+ A561 FC           	defb	%11111100
3370+ A562
3371+ A562 00           	defb	%00000000
3372+ A563 78           	defb	%01111000
3373+ A564 78           	defb	%01111000
3374+ A565 78           	defb	%01111000
3375+ A566 78           	defb	%01111000
3376+ A567 78           	defb	%01111000
3377+ A568 78           	defb	%01111000
3378+ A569 00           	defb	%00000000
3379+ A56A
3380+ A56A              T42_SADA
3381+ A56A 00 00 00 00  	defw	0,0,0,0
3381+ A56E 00 00 00 00
3382+ A572 F8 88 50 50  	defw	35064,20560
3383+ A576 20 00 20 00  	defw	32,32,53456,0,0,0
3383+ A57A D0 D0 00 00
3383+ A57E 00 00 00 00
3384+ A582 50 F8 50 50  	defw	63568,20560,63568
3384+ A586 50 F8
3385+ A588 50 00 20 F8  	defw	80,63520,63648
3385+ A58C A0 F8
3386+ A58E 28 F8 20 00  	defw	63528,32,51200
3386+ A592 00 C8
3387+ A594 D8 30 60 D8  	defw	12504,55392,152
3387+ A598 98 00
3388+ A59A 00 20 50 20  	defw	8192,8272,34896
3388+ A59E 50 88
3389+ A5A0 70 00 30 60  	defw	112,24624,0,0,0
3389+ A5A4 00 00 00 00
3389+ A5A8 00 00
3390+ A5AA 30 60        	defw	24624
3391+ A5AC 60 60        	defw	24672
3392+ A5AE 60 60        	defw	24672
3393+ A5B0 30 00        	defw	48
3394+ A5B2 60 30        	defw	12384
3395+ A5B4 30 30        	defw	12336
3396+ A5B6 30 30        	defw	12336
3397+ A5B8 60 00        	defw	96
3398+ A5BA 00 50        	defw	20480
3399+ A5BC 20 F8        	defw	63520
3400+ A5BE 20 50        	defw	20512
3401+ A5C0 00 00        	defw	0
3402+ A5C2 00 20        	defw	8192
3403+ A5C4 20 F8        	defw	63520
3404+ A5C6 20 20        	defw	8224
3405+ A5C8 00 00        	defw	0
3406+ A5CA 00 00        	defw	0
3407+ A5CC 00 00        	defw	0
3408+ A5CE 00 30        	defw	12288
3409+ A5D0 60 00        	defw	96
3410+ A5D2 00 00        	defw	0
3411+ A5D4 00 78        	defw	30720
3412+ A5D6 00 00        	defw	0
3413+ A5D8 00 00        	defw	0
3414+ A5DA 00 00        	defw	0
3415+ A5DC 00 00        	defw	0
3416+ A5DE 00 60        	defw	24576
3417+ A5E0 60 00        	defw	96
3418+ A5E2 00 08        	defw	2048
3419+ A5E4 18 30        	defw	12312
3420+ A5E6 60 C0        	defw	49248
3421+ A5E8 80 00        	defw	128
3422+ A5EA 70 D8        	defw	55408
3423+ A5EC E8 C8        	defw	51432
3424+ A5EE C8 C8        	defw	51400
3425+ A5F0 70 00        	defw	112
3426+ A5F2 20 60        	defw	24608
3427+ A5F4 E0 60        	defw	24800
3428+ A5F6 60 60        	defw	24672
3429+ A5F8 F0 00        	defw	240
3430+ A5FA 70 88        	defw	34928
3431+ A5FC 08 70        	defw	28680
3432+ A5FE C0 C0        	defw	49344
3433+ A600 F8 00        	defw	248
3434+ A602 70 C8        	defw	51312
3435+ A604 08 30        	defw	12296
3436+ A606 08 C8        	defw	51208
3437+ A608 70 00        	defw	112
3438+ A60A 10 20        	defw	8208
3439+ A60C 40 D0        	defw	53312
3440+ A60E F8 10        	defw	4344
3441+ A610 10 00        	defw	16
3442+ A612 F8 C0        	defw	49400
3443+ A614 C0 F0        	defw	61632
3444+ A616 08 C8        	defw	51208
3445+ A618 70 00        	defw	112
3446+ A61A 70 C8        	defw	51312
3447+ A61C C0 F0        	defw	61632
3448+ A61E C8 C8        	defw	51400
3449+ A620 70 00        	defw	112
3450+ A622 F8 18        	defw	6392
3451+ A624 18 30        	defw	12312
3452+ A626 60 C0        	defw	49248
3453+ A628 80 00        	defw	128
3454+ A62A 70 C8        	defw	51312
3455+ A62C C8 70        	defw	28872
3456+ A62E C8 C8        	defw	51400
3457+ A630 70 00        	defw	112
3458+ A632 70 C8        	defw	51312
3459+ A634 C8 78        	defw	30920
3460+ A636 08 C8        	defw	51208
3461+ A638 70 00        	defw	112
3462+ A63A 00 00        	defw	0
3463+ A63C 60 00        	defw	96
3464+ A63E 00 60        	defw	24576
3465+ A640 00 00        	defw	0
3466+ A642 00 00        	defw	0
3467+ A644 30 00        	defw	48
3468+ A646 00 30        	defw	12288
3469+ A648 60 00        	defw	96
3470+ A64A 00 18        	defw	6144
3471+ A64C 30 60        	defw	24624
3472+ A64E 30 18        	defw	6192
3473+ A650 00 00        	defw	0
3474+ A652 00 00        	defw	0
3475+ A654 78 00        	defw	120
3476+ A656 78 00        	defw	120
3477+ A658 00 00        	defw	0
3478+ A65A 00 60        	defw	24576
3479+ A65C 30 18        	defw	6192
3480+ A65E 30 60        	defw	24624
3481+ A660 00 00        	defw	0
3482+ A662 70 D8        	defw	55408
3483+ A664 18 30        	defw	12312
3484+ A666 20 00        	defw	32
3485+ A668 20 00        	defw	32
3486+ A66A 70 88        	defw	34928
3487+ A66C A8 D8        	defw	55464
3488+ A66E B0 80        	defw	32944
3489+ A670 70 00        	defw	112
3490+ A672 70 C8        	defw	51312
3491+ A674 C8 F8        	defw	63688
3492+ A676 C8 C8        	defw	51400
3493+ A678 C8 00        	defw	200
3494+ A67A F0 C8        	defw	51440
3495+ A67C C8 F0        	defw	61640
3496+ A67E C8 C8        	defw	51400
3497+ A680 F0 00        	defw	240
3498+ A682 70 C8        	defw	51312
3499+ A684 C0 C0        	defw	49344
3500+ A686 C0 C8        	defw	51392
3501+ A688 70 00        	defw	112
3502+ A68A F0 C8        	defw	51440
3503+ A68C C8 C8        	defw	51400
3504+ A68E C8 C8        	defw	51400
3505+ A690 F0 00        	defw	240
3506+ A692 F8 C0        	defw	49400
3507+ A694 C0 F0        	defw	61632
3508+ A696 C0 C0        	defw	49344
3509+ A698 F8 00        	defw	248
3510+ A69A F8 C0        	defw	49400
3511+ A69C C0 F0        	defw	61632
3512+ A69E C0 C0        	defw	49344
3513+ A6A0 C0 00        	defw	192
3514+ A6A2 70 C8        	defw	51312
3515+ A6A4 C0 D8        	defw	55488
3516+ A6A6 C8 C8        	defw	51400
3517+ A6A8 70 00        	defw	112
3518+ A6AA C8 C8        	defw	51400
3519+ A6AC C8 F8        	defw	63688
3520+ A6AE C8 C8        	defw	51400
3521+ A6B0 C8 00        	defw	200
3522+ A6B2 F8 60        	defw	24824
3523+ A6B4 60 60        	defw	24672
3524+ A6B6 60 60        	defw	24672
3525+ A6B8 F8 00        	defw	248
3526+ A6BA 08 08        	defw	2056
3527+ A6BC 08 08        	defw	2056
3528+ A6BE C8 C8        	defw	51400
3529+ A6C0 70 00        	defw	112
3530+ A6C2 C8 C8        	defw	51400
3531+ A6C4 D0 E0        	defw	57552
3532+ A6C6 D0 C8        	defw	51408
3533+ A6C8 C8 00        	defw	200
3534+ A6CA C0 C0        	defw	49344
3535+ A6CC C0 C0        	defw	49344
3536+ A6CE C0 C0        	defw	49344
3537+ A6D0 F8 00        	defw	248
3538+ A6D2 88 D8        	defw	55432
3539+ A6D4 E8 C8        	defw	51432
3540+ A6D6 C8 C8        	defw	51400
3541+ A6D8 C8 00        	defw	200
3542+ A6DA C8 C8        	defw	51400
3543+ A6DC C8 E8        	defw	59592
3544+ A6DE D8 C8        	defw	51416
3545+ A6E0 C8 00        	defw	200
3546+ A6E2 70 C8        	defw	51312
3547+ A6E4 C8 C8        	defw	51400
3548+ A6E6 C8 C8        	defw	51400
3549+ A6E8 70 00        	defw	112
3550+ A6EA F0 C8        	defw	51440
3551+ A6EC C8 F0        	defw	61640
3552+ A6EE C0 C0        	defw	49344
3553+ A6F0 C0 00        	defw	192
3554+ A6F2 70 C8        	defw	51312
3555+ A6F4 C8 C8        	defw	51400
3556+ A6F6 E8 D8        	defw	55528
3557+ A6F8 78 00        	defw	120
3558+ A6FA F0 C8        	defw	51440
3559+ A6FC C8 F0        	defw	61640
3560+ A6FE D0 C8        	defw	51408
3561+ A700 C8 00        	defw	200
3562+ A702 70 C8        	defw	51312
3563+ A704 C0 70        	defw	28864
3564+ A706 08 C8        	defw	51208
3565+ A708 70 00        	defw	112
3566+ A70A F8 60        	defw	24824
3567+ A70C 60 60        	defw	24672
3568+ A70E 60 60        	defw	24672
3569+ A710 60 00        	defw	96
3570+ A712 C8 C8        	defw	51400
3571+ A714 C8 C8        	defw	51400
3572+ A716 C8 C8        	defw	51400
3573+ A718 70 00        	defw	112
3574+ A71A C8 C8        	defw	51400
3575+ A71C C8 C8        	defw	51400
3576+ A71E C8 50        	defw	20680
3577+ A720 20 00        	defw	32
3578+ A722 C8 C8        	defw	51400
3579+ A724 C8 C8        	defw	51400
3580+ A726 C8 E8        	defw	59592
3581+ A728 50 00        	defw	80
3582+ A72A 88 D8        	defw	55432
3583+ A72C 70 60        	defw	24688
3584+ A72E 70 D8        	defw	55408
3585+ A730 88 00        	defw	136
3586+ A732 88 D0        	defw	53384
3587+ A734 60 60        	defw	24672
3588+ A736 60 60        	defw	24672
3589+ A738 60 00        	defw	96
3590+ A73A F8 18        	defw	6392
3591+ A73C 30 60        	defw	24624
3592+ A73E C0 C0        	defw	49344
3593+ A740 F8 00        	defw	248
3594+ A742 78 60        	defw	24696
3595+ A744 60 60        	defw	24672
3596+ A746 60 60        	defw	24672
3597+ A748 78 00        	defw	120
3598+ A74A 00 80        	defw	32768
3599+ A74C C0 60        	defw	24768
3600+ A74E 30 18        	defw	6192
3601+ A750 08 00        	defw	8
3602+ A752 78 18        	defw	6264
3603+ A754 18 18        	defw	6168
3604+ A756 18 18        	defw	6168
3605+ A758 78 00        	defw	120
3606+ A75A 20 70        	defw	28704
3607+ A75C A8 20        	defw	8360
3608+ A75E 20 20        	defw	8224
3609+ A760 20 00        	defw	32
3610+ A762 00 00        	defw	0
3611+ A764 00 00        	defw	0
3612+ A766 00 00        	defw	0
3613+ A768 FC 00        	defw	252
3614+ A76A 30 48        	defw	18480
3615+ A76C 48 E0        	defw	57416
3616+ A76E 40 40        	defw	16448
3617+ A770 F8 00        	defw	248
3618+ A772 00 00        	defw	0
3619+ A774 70 08        	defw	2160
3620+ A776 78 C8        	defw	51320
3621+ A778 78 00        	defw	120
3622+ A77A 00 C0        	defw	49152
3623+ A77C C0 F0        	defw	61632
3624+ A77E C8 C8        	defw	51400
3625+ A780 F0 00        	defw	240
3626+ A782 00 00        	defw	0
3627+ A784 70 C0        	defw	49264
3628+ A786 C0 C0        	defw	49344
3629+ A788 70 00        	defw	112
3630+ A78A 00 08        	defw	2048
3631+ A78C 08 78        	defw	30728
3632+ A78E C8 C8        	defw	51400
3633+ A790 78 00        	defw	120
3634+ A792 00 00        	defw	0
3635+ A794 70 C8        	defw	51312
3636+ A796 F0 C0        	defw	49392
3637+ A798 78 00        	defw	120
3638+ A79A 00 38        	defw	14336
3639+ A79C 60 70        	defw	28768
3640+ A79E 60 60        	defw	24672
3641+ A7A0 60 00        	defw	96
3642+ A7A2 00 00        	defw	0
3643+ A7A4 78 C8        	defw	51320
3644+ A7A6 C8 78        	defw	30920
3645+ A7A8 08 70        	defw	28680
3646+ A7AA 00 C0        	defw	49152
3647+ A7AC C0 F0        	defw	61632
3648+ A7AE C8 C8        	defw	51400
3649+ A7B0 C8 00        	defw	200
3650+ A7B2 00 60        	defw	24576
3651+ A7B4 00 E0        	defw	57344
3652+ A7B6 60 60        	defw	24672
3653+ A7B8 F0 00        	defw	240
3654+ A7BA 00 30        	defw	12288
3655+ A7BC 00 30        	defw	12288
3656+ A7BE 30 30        	defw	12336
3657+ A7C0 B0 60        	defw	24752
3658+ A7C2 00 C0        	defw	49152
3659+ A7C4 D0 E0        	defw	57552
3660+ A7C6 E0 D0        	defw	53472
3661+ A7C8 C8 00        	defw	200
3662+ A7CA 00 60        	defw	24576
3663+ A7CC 60 60        	defw	24672
3664+ A7CE 60 60        	defw	24672
3665+ A7D0 38 00        	defw	56
3666+ A7D2 00 00        	defw	0
3667+ A7D4 D0 E8        	defw	59600
3668+ A7D6 E8 E8        	defw	59624
3669+ A7D8 E8 00        	defw	232
3670+ A7DA 00 00        	defw	0
3671+ A7DC F0 C8        	defw	51440
3672+ A7DE C8 C8        	defw	51400
3673+ A7E0 C8 00        	defw	200
3674+ A7E2 00 00        	defw	0
3675+ A7E4 70 C8        	defw	51312
3676+ A7E6 C8 C8        	defw	51400
3677+ A7E8 70 00        	defw	112
3678+ A7EA 00 00        	defw	0
3679+ A7EC F0 C8        	defw	51440
3680+ A7EE C8 F0        	defw	61640
3681+ A7F0 C0 C0        	defw	49344
3682+ A7F2 00 00        	defw	0
3683+ A7F4 78 C8        	defw	51320
3684+ A7F6 C8 78        	defw	30920
3685+ A7F8 18 18        	defw	6168
3686+ A7FA 00 00        	defw	0
3687+ A7FC 78 C0        	defw	49272
3688+ A7FE C0 C0        	defw	49344
3689+ A800 C0 00        	defw	192
3690+ A802 00 00        	defw	0
3691+ A804 70 C0        	defw	49264
3692+ A806 70 08        	defw	2160
3693+ A808 F0 00        	defw	240
3694+ A80A 00 60        	defw	24576
3695+ A80C 70 60        	defw	24688
3696+ A80E 60 60        	defw	24672
3697+ A810 38 00        	defw	56
3698+ A812 00 00        	defw	0
3699+ A814 C8 C8        	defw	51400
3700+ A816 C8 C8        	defw	51400
3701+ A818 70 00        	defw	112
3702+ A81A 00 00        	defw	0
3703+ A81C C8 C8        	defw	51400
3704+ A81E 70 70        	defw	28784
3705+ A820 20 00        	defw	32
3706+ A822 00 00        	defw	0
3707+ A824 C8 E8        	defw	59592
3708+ A826 E8 E8        	defw	59624
3709+ A828 50 00        	defw	80
3710+ A82A 00 00        	defw	0
3711+ A82C 88 D8        	defw	55432
3712+ A82E 70 D8        	defw	55408
3713+ A830 88 00        	defw	136
3714+ A832 00 00        	defw	0
3715+ A834 C8 C8        	defw	51400
3716+ A836 C8 78        	defw	30920
3717+ A838 08 70        	defw	28680
3718+ A83A 00 00        	defw	0
3719+ A83C F8 30        	defw	12536
3720+ A83E 60 C0        	defw	49248
3721+ A840 F8 00        	defw	248
3722+ A842 78 60        	defw	24696
3723+ A844 60 C0        	defw	49248
3724+ A846 60 60        	defw	24672
3725+ A848 78 00        	defw	120
3726+ A84A 60 60        	defw	24672
3727+ A84C 60 60        	defw	24672
3728+ A84E 60 60        	defw	24672
3729+ A850 60 00        	defw	96
3730+ A852 F0 30        	defw	12528
3731+ A854 30 18        	defw	6192
3732+ A856 30 30        	defw	12336
3733+ A858 F0 00        	defw	240
3734+ A85A 34 68        	defw	26676
3735+ A85C 00 00        	defw	0
3736+ A85E 00 00        	defw	0
3737+ A860 00 00        	defw	0
3738+ A862 70 88        	defw	34928
3739+ A864 A8 C8        	defw	51368
3740+ A866 A8 88        	defw	34984
3741+ A868 70 00        	defw	112
3742+ A86A
3743+ A86A CD 74 A8     ANYKEY	call	KEYSCAN
3744+ A86D 28 FB        	jr	z,ANYKEY
3745+ A86F C9           	ret
3746+ A870
3747+ A870              	include	inkey.a80
# file opened: inkey.a80
   1++A870              ;/* update 21:18 2.10.2016
   2++A870              ;
   3++A870              ;Busy's inkey routine taken from MRS
   4++A870              ;
   5++A870              ;
   6++A870              ;"# inkey 03"
   7++A870              ;Rutina INKEY na zacitanie prave stlacenej klavesy
   8++A870              ;...pracuje presne tak ako funkcia INKEY$ v basicu
   9++A870              ;Vracia:ASCII-kod prave stlacenej klavesy v registri A
  10++A870              ;ak nie je nic stlacene tak vrati nulu
  11++A870              ;prizrak ZERO sa nastavi podla nulovosti registra A
  12++A870              ;*/
  13++A870
  14++A870 00           lastkey     db 0
  15++A871 00           otherkey    db 0
  16++A872 00           keysound    db 0
  17++A873 00           BORDER      db 0
  18++A874
  19++A874              ;pro volani klavesnice pouzivame call KEYSCAN
  20++A874              KEYSCAN
  21++A874              return_key			;first press, returns NZ, next presses Z, no return if no key pressed
  22++A874
  23++A874 CD CF A8     keyboard	call inkey	;Busy's MRS solution- the best:))
  24++A877 B7           		or a
  25++A878 20 04        		jr nz,keyb1
  26++A87A 32 70 A8     		ld (lastkey),a
  27++A87D C9           		ret		;if no key pressed, RETurn with A=0 and Z flag
  28++A87E              ;		jr keyboard
  29++A87E ~            /*alternativa, zpomaleni klavesnice pro rychlejsi CPU
  30++A87E ~            keyb1		ei
  31++A87E ~            		halt
  32++A87E ~            		halt
  33++A87E ~            		di
  34++A87E ~            key_cont	ld c,a
  35++A87E ~            */
  36++A87E 01 00 04     keyb1		ld bc,$400
  37++A881
  38++A881
  39++A881 0D           keyb2		dec c
  40++A882 20 FD        		jr nz,keyb2
  41++A884 10 FB        		djnz keyb2
  42++A886 4F           		ld c,a
  43++A887 CD CF A8     		call inkey
  44++A88A B9           		cp c
  45++A88B 20 E7        		jr nz,keyboard
  46++A88D 3A 70 A8     		ld a,(lastkey)
  47++A890 B9           		cp c
  48++A891 28 04        		jr z,keyb3
  49++A893 3E 80        		ld a,$80
  50++A895 18 12        		jr keyb4
  51++A897 3A 71 A8     keyb3		ld a,(otherkey)
  52++A89A 47           		ld b,a
  53++A89B AF           keyb7		xor a
  54++A89C 3D           keyb5		dec a
  55++A89D 20 FD        		jr nz,keyb5
  56++A89F CD CF A8     		call inkey
  57++A8A2 B9           		cp c
  58++A8A3 20 CF        		jr nz,keyboard
  59++A8A5 10 F4        		djnz keyb7
  60++A8A7 3E 01        		ld a,1
  61++A8A9 32 71 A8     keyb4		ld (otherkey),a
  62++A8AC 79           		ld a,c
  63++A8AD 32 70 A8     		ld (lastkey),a
  64++A8B0 F5           beep		push af
  65++A8B1              ;		or a			;tento or je pro rutinu MRS dulezity, jinak rutina kvici
  66++A8B1 CD B6 A8     		call beepk		;beep
  67++A8B4 F1           		pop af
  68++A8B5 C9           		ret		;end of Busy's solution
  69++A8B6
  70++A8B6 3A 72 A8     beepk		ld a,(keysound)		;Busyho nahradni rutina,kratsi
  71++A8B9 B7           		or a
  72++A8BA C0           		ret nz
  73++A8BB 3A 73 A8     		ld a,(BORDER)
  74++A8BE AF           		xor	a		;black border
  75++A8BF 5F           		ld e,a
  76++A8C0 06 10        		ld b,$10
  77++A8C2 80           		add a,b
  78++A8C3              ;		ld a,$10+border
  79++A8C3 D3 FE        		out ($fe),a
  80++A8C5 06 1C        		ld b,$1c
  81++A8C7 10 FE        beepk1		djnz beepk1
  82++A8C9 3E 08        		ld a,$08
  83++A8CB 83           		add a,e
  84++A8CC              ;		ld a,$08+border
  85++A8CC D3 FE        		out ($fe),a
  86++A8CE C9           		ret
  87++A8CF
  88++A8CF
  89++A8CF
  90++A8CF
  91++A8CF              za
  92++A8CF E5           inkey	push hl                  ;Odlozenie
  93++A8D0 D5           	push de                  ;povodneho
  94++A8D1 C5           	push bc                  ;obsahu registrov
  95++A8D2 01 FE 7F     	ld   bc,$7ffe            ;adresa portu prvej polrady
  96++A8D5 26 00        	ld   h,$00               ;h=pocitadlo klaves
  97++A8D7 54           	ld   d,h                 ;d,e=pomocny buffer pre
  98++A8D8 5C           	ld   e,h                 ;dve stlacene klavesy
  99++A8D9 2E 05        ii1	ld   l,$05               ;v kazdej polrade je 5 klaves
 100++A8DB ED 78        	in   a,(c)               ;nacitanie polrady klavesnice
 101++A8DD 24           ii2	inc  h                   ;pre kazdy test sa pripocita +1
 102++A8DE 0F           	rrca                     ;test jednej klavesy z polrady
 103++A8DF 38 02        	jr   c,ii3               ;nestlacena - skok
 104++A8E1 53           	ld   d,e                 ;stlacena: zapise sa do pomocneho
 105++A8E2 5C           	ld   e,h                 ;buffera (tvoreneho registrom de)
 106++A8E3 2D           ii3	dec  l                   ;A toto vsetko opakuj
 107++A8E4 20 F7        	jr   nz,ii2              ;pre vsetky klavesy z polrady
 108++A8E6 CB 08        	rrc  b                   ;A toto vsetko opakuj
 109++A8E8 38 EF        	jr   c,ii1               ;pre vsetky polrady klavesnice
 110++A8EA 7B           	ld   a,e                 ;\
 111++A8EB
 112++A8EB FE 24        	cp   $24                 ;Prehodenie poradia klaves tak
 113++A8ED 20 03        	jr   nz,ii5              ;aby shifty boli v registri D
 114++A8EF 5A           	ld   e,d                 ;a vyznamne klavesy v E
 115++A8F0 16 24        	ld   d,$24               ; |
 116++A8F2 FE 02        ii5	cp   $02                 ; |
 117++A8F4 20 03        	jr   nz,ii6              ; |
 118++A8F6 5A           	ld   e,d                 ; |
 119++A8F7 16 02        	ld   d,$02               ;/
 120++A8F9 21 1B A9     ii6	ld   hl,iinn             ;Z tabulky pre neshiftove
 121++A8FC AF           	xor  a                   ;klavesy sa bude citat
 122++A8FD AA           	xor  d                   ;ak nebol stlaceny ziadny shift
 123++A8FE 28 12        	jr   z,ii7               ;- vtedy skoc
 124++A900 21 6D A9     	ld   hl,iiss             ;Ak bol stlaceny symbol shift
 125++A903 FE 02        	cp   $02                 ;tak sa bude citat z tejto
 126++A905 28 0B        	jr   z,ii7               ;tabulky - vtedy skoc
 127++A907 21 44 A9     	ld   hl,iics             ;A na koniec je tu tabulka
 128++A90A FE 24        	cp   $24                 ;pre caps shift
 129++A90C 28 04        	jr   z,ii7               ;- vtedy skoc
 130++A90E 3E 01        	ld   a,$01               ;Ak su stlacene dve vyznamne
 131++A910 18 04        	jr   ii8                 ;klavesy - vtedy sa vrati kod #01
 132++A912 16 00        ii7	ld   d,$00               ;Prekodovanie kodovania klaves
 133++A914 19           	add  hl,de               ;podla pocitadla na kod ASCII
 134++A915 7E           	ld   a,(hl)              ;Ak nie je nic stlacene,
 135++A916 A7           ii8	and  a                   ;bude a=#00 a teda aj zero.
 136++A917 C1           	pop  bc                  ;Obnovenie
 137++A918 D1           	pop  de                  ;povodneho
 138++A919 E1           	pop  hl                  ;obsahu registrov
 139++A91A C9           	ret                      ;a koniec rutinky.
 140++A91B
 141++A91B 00 20 1C 6D  iinn	db   $00," ",$1c,"mnb"   ;Tabulka klaves
 141++A91F 6E 62
 142++A921 0D 6C 6B 6A          db   13,"lkjh"           ;pre neshiftove klavesy
 142++A925 68
 143++A926 70 6F 69 75          db   "poiuy"
 143++A92A 79
 144++A92B 30 39 38 37          db   "09876"
 144++A92F 36
 145++A930 31 32 33 34          db   "12345"
 145++A934 35
 146++A935 71 77 65 72          db   "qwert"
 146++A939 74
 147++A93A 61 73 64 66          db   "asdfg"
 147++A93E 67
 148++A93F 00 7A 78 63          db   $00,"zxcv"
 148++A943 76
 149++A944 00 01 0E 4D  iics	db   $00,1,$0e,"MNB"   ;Tabulka klaves
 149++A948 4E 42
 150++A94A 02 4C 4B 4A          db   $02,"LKJH"          ;pre caps shift
 150++A94E 48
 151++A94F 50 4F 49 55          db   "POIUY"
 151++A953 59
 152++A954 0C 0F 09 0B          db   $0c,$0f,$09,$0b,$0a
 152++A958 0A
 153++A959 07 06 04 05          db   $07,$06,$04,$05,$08
 153++A95D 08
 154++A95E 51 57 45 52          db   "QWERT"
 154++A962 54
 155++A963 41 53 44 46          db   "ASDFG"
 155++A967 47
 156++A968 1F 5A 58 43          db   $1f,"ZXCV"
 156++A96C 56
 157++A96D              ;Tabulka klaves pre symbol shift, bohuzel pro MBC nutno prekopat
 158++A96D 00 10 1E 2E  iiss	db   $00,$10,$1e,".,*"  ;SPC,SS,mnb
 158++A971 2C 2A
 159++A973 03 3D 2B 2D          db   $03,"=+-^"         ;ENT,lkjh
 159++A977 5E
 160++A978 22 3B 7F 5D  	db   $22,";]["		;poiuy
 160++A97C 5B
 161++A97D 5F 29 28 27          db   "_)(","'","&"	;09876
 161++A981 26
 162++A982 21 40 23 24  	db   "!@#$%"		;12345
 162++A986 25
 163++A987 C7 13 14 3C  	db   199,$13,$14,"<>"	;qwert	    misto 199 bylo #12
 163++A98B 3E
 164++A98C 7E 7C 5C 7B          db   "~|",$5C,$7B,$7D	;asdfg	    \{}
 164++A990 7D
 165++A991 1D 3A 60 3F          db   $1d,":`?/"		;CS,zxcv
 165++A995 2F
 166++A996              ko
 167++A996              le      =    ko-za
 168++A996
# file closed: inkey.a80
3748+ A996
3749+ A996 ~            /*LMNho rutinu davame pryc, neumi autorepeat, bude nahrazena tou od Busyho
3750+ A996 ~            ;------------------------------
3751+ A996 ~            ANYKEY	call	IINKEY
3752+ A996 ~            	jr	z,ANYKEY
3753+ A996 ~            	push	af
3754+ A996 ~            ANYKEY_0
3755+ A996 ~            	call	IINKEY
3756+ A996 ~            	jr	nz,ANYKEY_0
3757+ A996 ~            	pop	af
3758+ A996 ~            	ret
3759+ A996 ~            ;------------------------------
3760+ A996 ~            IINKEY	push	hl
3761+ A996 ~            	push	de
3762+ A996 ~            	push	bc
3763+ A996 ~            	ld	bc,#7FFE
3764+ A996 ~            	ld	h,0
3765+ A996 ~            	ld	d,h
3766+ A996 ~            	ld	e,h
3767+ A996 ~            II1	ld	l,5
3768+ A996 ~            	in	a,(c)
3769+ A996 ~            II2	inc	h
3770+ A996 ~            	rrca
3771+ A996 ~            	jr	c,II3
3772+ A996 ~            	ld	d,e
3773+ A996 ~            	ld	e,h
3774+ A996 ~            II3	dec	l
3775+ A996 ~            	jr	nz,II2
3776+ A996 ~            	rrc	b
3777+ A996 ~            	jr	c,II1
3778+ A996 ~            	ld	a,e
3779+ A996 ~            	cp	#24
3780+ A996 ~            	jr	nz,II5
3781+ A996 ~            	ld	e,d
3782+ A996 ~            	ld	d,#24
3783+ A996 ~            II5	cp	2
3784+ A996 ~            	jr	nz,II6
3785+ A996 ~            	ld	e,d
3786+ A996 ~            	ld	d,2
3787+ A996 ~            II6	ld	hl,IINN
3788+ A996 ~            	xor	a
3789+ A996 ~            	xor	d
3790+ A996 ~            	jr	z,II7
3791+ A996 ~            	ld	hl,IISS
3792+ A996 ~            	cp	2
3793+ A996 ~            	jr	z,II7
3794+ A996 ~            	ld	hl,IICS
3795+ A996 ~            	cp	#24
3796+ A996 ~            	jr	z,II7
3797+ A996 ~            	ld	a,1
3798+ A996 ~            	jr	II8
3799+ A996 ~
3800+ A996 ~            II7	ld	d,0
3801+ A996 ~            	add	hl,de
3802+ A996 ~            	ld	a,(hl)
3803+ A996 ~            II8	and	a
3804+ A996 ~            	pop	bc
3805+ A996 ~            	pop	de
3806+ A996 ~            	pop	hl
3807+ A996 ~            	ret
3808+ A996 ~
3809+ A996 ~            IINN	defb	0," ",#1C
3810+ A996 ~            	defb	"mnb"
3811+ A996 ~            	defb	13
3812+ A996 ~            	defb	"lkjh"
3813+ A996 ~            	defb	"poiuy"
3814+ A996 ~            	defb	"09876"
3815+ A996 ~            	defb	"12345"
3816+ A996 ~            	defb	"qwert"
3817+ A996 ~            	defb	"asdfg"
3818+ A996 ~            	defb	0
3819+ A996 ~            	defb	"zxcv"
3820+ A996 ~
3821+ A996 ~            IICS	defb	0,#11,#0E
3822+ A996 ~            	defb	"MNB"
3823+ A996 ~            	defb	2
3824+ A996 ~            	defb	"LKJH"
3825+ A996 ~            	defb	"POIUY"
3826+ A996 ~            	defb	#0C,#0F,9,#0B,#0A
3827+ A996 ~            	defb	7,6,4,5,8
3828+ A996 ~            	defb	"QWERT"
3829+ A996 ~            	defb	"ASDFG"
3830+ A996 ~            	defb	#1F
3831+ A996 ~            	defb	"ZXCV"
3832+ A996 ~
3833+ A996 ~            IISS	defb	0,16,#1E
3834+ A996 ~            	defb	".,*"
3835+ A996 ~            	defb	3
3836+ A996 ~            	defb	"=+-^"
3837+ A996 ~            	defb	34 ;"
3838+ A996 ~            	defb	";}{"
3839+ A996 ~            	defb	"_)('&"
3840+ A996 ~            	defb	"!@#$%"
3841+ A996 ~            	defb	#12,#13,#14
3842+ A996 ~            	defb	"<>"
3843+ A996 ~            	defb	"~|"
3845+ A996 ~            	defb	92 ;	defb	123 ;{
3846+ A996 ~            	defb	125 ;}
3847+ A996 ~            	defb	#1D
3848+ A996 ~            	defb	":`?/"
3849+ A996 ~            */
3850+ A996
3851+ A996              ;------------------------------
3852+ A996              ; ATA IDENTIFY DEVICE pro jedinou podporovanou CF kartu MASTER.
3853+ A996              ; Vstup: IX=512B buffer. Vystup: Z=OK, NZ=kod chyby.
3854+ A996              IDENTIFY
3855+ A996 CD F8 A9     	call	TST_BSY
3856+ A999 C0           	ret	nz
3857+ A99A 3E E0        	ld	a,#E0			;MASTER + LBA mode
3858+ A99C D3 DB        	out	(P_HEA),a
3859+ A99E AF           	xor	a
3860+ A99F D3 CB        	out	(P_HSE),a
3861+ A9A1 D3 AF        	out	(P_NSE),a
3862+ A9A3 D3 D3        	out	(P_CYL),a
3863+ A9A5 D3 B7        	out	(P_CYH),a
3864+ A9A7 3E EC        	ld	a,#EC			;ATA IDENTIFY DEVICE
3865+ A9A9 D3 BF        	out	(P_COM),a
3866+ A9AB CD 12 AA     	call	TST_DR
3867+ A9AE C0           	ret	nz
3868+ A9AF CD 2C AA     	call	RD_512
3869+ A9B2 CD F8 A9     	call	TST_BSY
3870+ A9B5 C0           	ret	nz
3871+ A9B6 CB 47        	bit	0,a
3872+ A9B8 20 38        	jr	nz,ATA_GUI_STATUS_ERROR
3873+ A9BA AF           	xor	a
3874+ A9BB C9           	ret
3875+ A9BC
3876+ A9BC              ; Fyzicke cteni jednoho 512B ATA sektoru.
3877+ A9BC              ; Vstup: HL=horni 16 bitu LBA, DE=dolni 16 bitu LBA, IX=buffer.
3878+ A9BC              ATA_READ
3879+ A9BC CD F8 A9     	call	TST_BSY
3880+ A9BF C0           	ret	nz
3881+ A9C0 7C           	ld	a,h
3882+ A9C1 E6 F0        	and	#F0
3883+ A9C3 20 29        	jr	nz,ATA_GUI_LBA_RANGE
3884+ A9C5 7C           	ld	a,h
3885+ A9C6 E6 0F        	and	#0F
3886+ A9C8 F6 E0        	or	#E0			;MASTER + LBA mode + LBA 27..24
3887+ A9CA D3 DB        	out	(P_HEA),a
3888+ A9CC 3E 01        	ld	a,1
3889+ A9CE D3 CB        	out	(P_HSE),a
3890+ A9D0 7B           	ld	a,e
3891+ A9D1 D3 AF        	out	(P_NSE),a		;LBA 7..0
3892+ A9D3 7A           	ld	a,d
3893+ A9D4 D3 D3        	out	(P_CYL),a		;LBA 15..8
3894+ A9D6 7D           	ld	a,l
3895+ A9D7 D3 B7        	out	(P_CYH),a		;LBA 23..16
3896+ A9D9 3E 20        	ld	a,#20			;ATA READ SECTORS
3897+ A9DB D3 BF        	out	(P_COM),a
3898+ A9DD CD 12 AA     	call	TST_DR
3899+ A9E0 C0           	ret	nz
3900+ A9E1 CD 2C AA     	call	RD_512
3901+ A9E4 CD F8 A9     	call	TST_BSY
3902+ A9E7 C0           	ret	nz
3903+ A9E8 CB 47        	bit	0,a
3904+ A9EA 20 06        	jr	nz,ATA_GUI_STATUS_ERROR
3905+ A9EC AF           	xor	a
3906+ A9ED C9           	ret
3907+ A9EE
3908+ A9EE              ATA_GUI_LBA_RANGE
3909+ A9EE 3E 10        	ld	a,%00010000
3910+ A9F0 B7           	or	a
3911+ A9F1 C9           	ret
3912+ A9F2
3913+ A9F2              ATA_GUI_STATUS_ERROR
3914+ A9F2 DB A7        	in	a,(P_ERR)
3915+ A9F4 B7           	or	a
3916+ A9F5 C0           	ret	nz
3917+ A9F6 3C           	inc	a			;ERR byl nastaven, nevracej falesne Z
3918+ A9F7 C9           	ret
3919+ A9F8
3920+ A9F8              ; Ceka na konec BSY. #FF znamena, ze zarizeni/port neodpovida.
3921+ A9F8              TST_BSY
3922+ A9F8 E5           	push	hl
3923+ A9F9 21 00 00     	ld	hl,0
3924+ A9FC              .ata_bsy_loop
3925+ A9FC 2B           	dec	hl
3926+ A9FD 7D           	ld	a,l
3927+ A9FE B4           	or	h
3928+ A9FF 28 0C        	jr	z,.ata_timeout
3929+ AA01 DB BF        	in	a,(P_COM)
3930+ AA03 FE FF        	cp	#FF
3931+ AA05 28 F5        	jr	z,.ata_bsy_loop
3932+ AA07 CB 7F        	bit	7,a
3933+ AA09 20 F1        	jr	nz,.ata_bsy_loop
3934+ AA0B E1           	pop	hl
3935+ AA0C C9           	ret
3936+ AA0D              .ata_timeout
3937+ AA0D 3E FF        	ld	a,#FF
3938+ AA0F B7           	or	a
3939+ AA10 E1           	pop	hl
3940+ AA11 C9           	ret
3941+ AA12
3942+ AA12              ; Test BSY, DRDY, DRQ a ERR po ATA prikazu.
3943+ AA12              TST_DR
3944+ AA12 CD F8 A9     	call	TST_BSY
3945+ AA15 C0           	ret	nz
3946+ AA16 CB 77        	bit	6,a
3947+ AA18 28 0A        	jr	z,.ata_not_ready
3948+ AA1A CB 5F        	bit	3,a
3949+ AA1C 28 0A        	jr	z,.ata_no_drq
3950+ AA1E CB 47        	bit	0,a
3951+ AA20 20 D0        	jr	nz,ATA_GUI_STATUS_ERROR
3952+ AA22 AF           	xor	a
3953+ AA23 C9           	ret
3954+ AA24              .ata_not_ready
3955+ AA24 3E 06        	ld	a,6
3956+ AA26 B7           	or	a
3957+ AA27 C9           	ret
3958+ AA28              .ata_no_drq
3959+ AA28 3E 03        	ld	a,3
3960+ AA2A B7           	or	a
3961+ AA2B C9           	ret
3962+ AA2C
3963+ AA2C              ; DMA prenos 512 bajtu z ATA datoveho portu do adresy v IX.
3964+ AA2C              RD_512
3965+ AA2C DD 22 47 AA  	ld	(DMADR1),ix
3966+ AA30 21 3D AA     	ld	hl,RD1S
3967+ AA33 01 0B 0F     	ld	bc,((RD1END-RD1S)*256)+DMA
3968+ AA36 ED B3        	otir
3969+ AA38 06 87        	ld	b,#87			;WR6 enable DMA
3970+ AA3A ED 41        	out	(c),b
3971+ AA3C C9           	ret
3972+ AA3D
3973+ AA3D              RD1S
3974+ AA3D C3           	db	#C3			;WR6 reset
3975+ AA3E 7D           	db	%01111101		;WR0 A->B, transfer
3976+ AA3F C3 00        	dw	P_DAT			;source port
3977+ AA41 FF 01        	dw	511			;block length - 1
3978+ AA43 6C           	db	%01101100		;WR1 A fixed I/O, variable cycle
3979+ AA44 CD           	db	%11001101		;3T, no early cycle end
3980+ AA45 10           	db	%00010000		;WR2 B memory, increment
3981+ AA46 AD           	db	%10101101		;WR4 continuous
3982+ AA47 00 00        DMADR1	dw	0			;destination
3983+ AA49 92           	db	%10010010		;WR5 ready low, stop on end
3984+ AA4A CF           	db	#CF			;WR6 load
3985+ AA4B B3           	db	#B3			;WR6 force ready
3986+ AA4C              RD1END
3987+ AA4C
3988+ AA4C              ;------------------------------
3989+ AA4C ~            /* also not needed for SD cards
3990+ AA4C ~            ;IDENTIFY:ix-adresa, a-mas/slv
3991+ AA4C ~            IDENTIFY
3992+ AA4C ~            	or	%11100000
3993+ AA4C ~            	ld	(ACCMODE0+1),a
3994+ AA4C ~            	call	TST_BSY
3995+ AA4C ~            	ret	nz
3996+ AA4C ~
3997+ AA4C ~            ACCMODE0
3998+ AA4C ~            	ld	a,0
3999+ AA4C ~            	out	(P_HEA),a
4000+ AA4C ~            	ld	a,#EC
4001+ AA4C ~            	out	(P_COM),a
4002+ AA4C ~            	call	TST_DR
4003+ AA4C ~            	ret	nz
4004+ AA4C ~
4005+ AA4C ~            	call	RD_512
4006+ AA4C ~
4007+ AA4C ~            	call	TST_BSY
4008+ AA4C ~            ;
4009+ AA4C ~            	ret
4010+ AA4C ~            */
4011+ AA4C
4012+ AA4C              ; Fyzicke cteni LBA sektoru se nyni vola primo pres SD_READ.
4013+ AA4C              ; Vstup SD_READ: HL = horni 16 bitu LBA, DE = dolni 16 bitu LBA, IX = buffer.
4014+ AA4C
4015+ AA4C ~            /* old IDE (CF card) part, replaced by SD card routines
4016+ AA4C ~            	or	%11100000
4017+ AA4C ~            ;natvrdo LBA  bit6 urcuje, ze se pouzije LBA pristup
4018+ AA4C ~            	ld	(HEA_REG+1),a
4019+ AA4C ~            	call	TST_BSY
4020+ AA4C ~            	ret	nz
4021+ AA4C ~
4022+ AA4C ~            HEA_REG	ld	a,%11100000
4023+ AA4C ~            	or	b
4024+ AA4C ~            ; prictou se nejvyssi ctyri bity LBA
4025+ AA4C ~            	out	(P_HEA),a
4026+ AA4C ~            ;cislo hlavicky
4027+ AA4C ~
4028+ AA4C ~            	ld	a,1
4029+ AA4C ~            	out	(P_HSE),a
4030+ AA4C ~            ;pocet sektoru 1*512B
4031+ AA4C ~
4032+ AA4C ~            	ld	a,c
4033+ AA4C ~            	out	(P_NSE),a
4034+ AA4C ~            ;cislo sektoru od 1
4035+ AA4C ~
4036+ AA4C ~            	ld	a,e
4037+ AA4C ~            	out	(P_CYL),a
4038+ AA4C ~            	ld	a,d
4039+ AA4C ~            	out	(P_CYH),a
4040+ AA4C ~            ;cislo cylindru
4041+ AA4C ~
4042+ AA4C ~            	ld	a,#21
4043+ AA4C ~            	out	(P_COM),a
4044+ AA4C ~
4045+ AA4C ~
4046+ AA4C ~            	call	TST_DR
4047+ AA4C ~            	ret	nz
4048+ AA4C ~
4049+ AA4C ~            	call	RD_512
4050+ AA4C ~            	call	TST_BSY
4051+ AA4C ~            ;	ret	nz
4052+ AA4C ~
4053+ AA4C ~            	ret
4054+ AA4C ~
4055+ AA4C ~
4056+ AA4C ~            TST_BSY
4057+ AA4C ~            	push	hl
4058+ AA4C ~            	ld	hl,0
4059+ AA4C ~            TST1
4060+ AA4C ~            	dec	hl
4061+ AA4C ~            	ld	a,l
4062+ AA4C ~            	or	h
4063+ AA4C ~            	jr	z,TOUT1
4064+ AA4C ~            P84	in	a,(P_COM)
4065+ AA4C ~            	cp	255
4066+ AA4C ~            	jr	z,TST1
4067+ AA4C ~            	bit	7,a
4068+ AA4C ~            	jr	nz,TST1
4069+ AA4C ~            	pop	hl
4070+ AA4C ~            	ret
4071+ AA4C ~            TOUT1
4072+ AA4C ~            	ld	a,255
4073+ AA4C ~            	or	a
4074+ AA4C ~            	pop	hl
4075+ AA4C ~            	ret
4076+ AA4C ~            ;------------------------------
4077+ AA4C ~            ;test BSY,DRDY,DRQ,ERR statusu
4078+ AA4C ~            TST_DR
4079+ AA4C ~            	call	TST_BSY
4080+ AA4C ~            	ret	nz
4081+ AA4C ~            	bit	6,a
4082+ AA4C ~            	jr	z,ER6
4083+ AA4C ~            	bit	3,a
4084+ AA4C ~            	jr	z,ER3
4085+ AA4C ~            	bit	0,a
4086+ AA4C ~            	jr	nz,ER1
4087+ AA4C ~            	ret
4088+ AA4C ~            ER6	ld	a,7
4089+ AA4C ~            	dec	a
4090+ AA4C ~            	ret
4091+ AA4C ~            ER3	ld	a,4
4092+ AA4C ~            	dec	a
4093+ AA4C ~            	ret
4094+ AA4C ~            ER1	ld	a,1
4095+ AA4C ~            	ret
4096+ AA4C ~            ;------------------------------
4097+ AA4C ~            RD_512
4098+ AA4C ~            	ld	(DMADR1),ix
4099+ AA4C ~            	push	hl
4100+ AA4C ~            	ld	hl,RD1S
4101+ AA4C ~            	ld	bc,RD1L*256+DMA
4102+ AA4C ~            RDWR1	otir
4103+ AA4C ~            	ld	b,#87			;WR6 enable dma
4104+ AA4C ~            	out	(c),b
4105+ AA4C ~            	pop	hl
4106+ AA4C ~            	ld	bc,512
4107+ AA4C ~            	add	hl,bc
4108+ AA4C ~            	ret
4109+ AA4C ~
4110+ AA4C ~
4111+ AA4C ~            ;------------------------------
4112+ AA4C ~            WR_512					;not use
4113+ AA4C ~            	ld	(DMADR2),ix
4114+ AA4C ~            	push	hl
4115+ AA4C ~            	ld	hl,WR1S
4116+ AA4C ~            	ld	bc,WR1L*256+DMA
4117+ AA4C ~            	jr	RDWR1
4118+ AA4C ~
4119+ AA4C ~            ;---<DMA_IN>-------------------
4120+ AA4C ~            RD1S
4121+ AA4C ~            	defb	195			;WR6 #C3 reset
4122+ AA4C ~            	defb	%01111101		;WR0 A->B, transfer
4123+ AA4C ~            	defw	P_DAT			;source port
4124+ AA4C ~            	defw	511			;lenght
4125+ AA4C ~            	defb	%00101100		;WR1 A-port,A-fixed
4126+ AA4C ~            	defb	%00010000		;WR2 B-memory, B-increment
4127+ AA4C ~            	defb	%10101101		;WR4 continuous,
4128+ AA4C ~            DMADR1	defw	0			;destination
4129+ AA4C ~            	defb	%10010010		;WR5 ready low,CE/WAIT,stop on end of block
4130+ AA4C ~            	defb	#CF			;WR6 load
4131+ AA4C ~            	defb	#B3			;WR6 force ready
4132+ AA4C ~            RD1L	equ	$-RD1S
4133+ AA4C ~            ;---<DMA_OUT>------------------
4134+ AA4C ~
4135+ AA4C ~            WR1S	defb	195
4136+ AA4C ~            	defb	%01111101
4137+ AA4C ~            DMADR2	defw	0
4138+ AA4C ~            	defw	511
4139+ AA4C ~            	defb	%00010100
4140+ AA4C ~            	defb	%00101000
4141+ AA4C ~            	defb	%10101101
4142+ AA4C ~            	defw	P_DAT
4143+ AA4C ~            	defb	%10010010
4144+ AA4C ~            	defb	#CF
4145+ AA4C ~            	defb	#B3
4146+ AA4C ~            WR1L	equ	$-WR1S
4147+ AA4C ~            */
4148+ AA4C
4149+ AA4C              ;------------------------------
4150+ AA4C              ;prohazuje vyssi a nizsi byte
4151+ AA4C              ;zkurveny system
4152+ AA4C              PROHOD
4153+ AA4C              ;HL adresa
4154+ AA4C              ;B kolik bytu
4155+ AA4C              ;MENI: A
4156+ AA4C E5           	push	hl
4157+ AA4D C5           	push	bc
4158+ AA4E CB 08        	rrc	b
4159+ AA50              PROHOD1
4160+ AA50 7E           	ld	a,(hl)
4161+ AA51 23           	inc	hl
4162+ AA52 4E           	ld	c,(hl)
4163+ AA53 2B           	dec	hl
4164+ AA54 71           	ld	(hl),c
4165+ AA55 23           	inc	hl
4166+ AA56 77           	ld	(hl),a
4167+ AA57 23           	inc	hl
4168+ AA58 10 F6        	djnz	PROHOD1
4169+ AA5A C1           	pop	bc
4170+ AA5B E1           	pop	hl
4171+ AA5C C9           	ret
4172+ AA5D
4173+ AA5D              ;------------------------------
4174+ AA5D 00 00 00 00  D1LBA	defw	0,0,0
4174+ AA61 00 00
4175+ AA63 00 00 00 00  D2LBA	defw	0,0,0
4175+ AA67 00 00
4176+ AA69              LEN	equ	$-32768
4177+ AA69
4178+ AA69 00 00 00 00  FirstDataLBA	dw	0,0		;absolutni LBA zacatku datove oblasti
4179+ AA6D
4180+ AA6D              ;pracovni data pro FAT32 root-chain hledani fyzicky prvniho MBD/MBH
4181+ AA6D 00 00 00 00  FAT32_FirstFATLBA	dw	0,0
4182+ AA71 00 00 00 00  FAT32_CurCluster	dw	0,0
4183+ AA75 00 00 00 00  FAT32_DirLBA		dw	0,0
4184+ AA79 FF FF FF FF  FAT32_BestCluster	dw	#FFFF,#FFFF
4185+ AA7D 00           FAT32_SecPerClus	db	0
4186+ AA7E 00           FAT32_SectorsLeft	db	0
4187+ AA7F 00           FAT32_Found		db	0
4188+ AA80 00 00 00...  FAT32_BestEntry		block	32
4189+ AAA0
4190+ AAA0              ; POZOR: fat_type MUSI zustat bezprostredne pred BUFFER.
4191+ AAA0              ; Stavajici kod testuje FAT typ take pres (ix-1), kdyz IX=BUFFER.
4192+ AAA0 55           fat_type	db	#55		;bit 0=Z=FAT16, bit 0=NZ=FAT32
4193+ AAA1              BUFFER	;equ	25000
4194+ AAA1 00 00 00...  	block	512
4195+ ACA1              BUFFER2	;equ	38000
4196+ ACA1 00 00 00...  	block	512
4197+ AEA1              zvukplay
4198+ AEA1 4F           	ld	c,a
4199+ AEA2 3A 0F 80     	ld	a,(@playnoise)
4200+ AEA5 B7           	or	a
4201+ AEA6 C8           	ret	z
4202+ AEA7 79           	ld	a,c
4203+ AEA8              ;	ld	a,1
4204+ AEA8 32 64 EA     	ld	(zvukcmp+4),a
4205+ AEAB C5           	push	bc
4206+ AEAC CD 60 EA     	call	zvukcmp
4207+ AEAF C1           	pop	bc
4208+ AEB0              zvukloop
4209+ AEB0 C5           	push	bc
4210+ AEB1 CD A9 EA     	call	zvukcmp+73
4211+ AEB4 01 C4 09     	ld	bc,2500
4212+ AEB7              zvukpause
4213+ AEB7 0B           	dec	bc
4214+ AEB8 78           	ld	a,b
4215+ AEB9 B1           	or	c
4216+ AEBA 20 FB        	jr	nz,zvukpause
4217+ AEBC C1           	pop	bc
4218+ AEBD 10 F1        	djnz	zvukloop
4219+ AEBF C9           	ret
4220+ AEC0
4221+ AEC0              ;------------------------------------------------------------------------------
4222+ AEC0              ; Matematicke rutiny - fyzicka kopie pro GUI (MODULE GUI)
4223+ AEC0              ;------------------------------------------------------------------------------
4224+ AEC0              MUL32x8:
4225+ AEC0              	MATH_MUL32x8
4225+ AEC0 DD E5       >        push    ix
4225+ AEC2             >
4225+ AEC2 22 F7 AE    >        ld      (.value),hl
4225+ AEC5 ED 53 F9 AE >        ld      (.value+2),de
4225+ AEC9             >
4225+ AEC9 47          >        ld      b,a
4225+ AECA DD 2E 08    >        ld      ixl,8
4225+ AECD             >
4225+ AECD 11 00 00    >        ld      de,0
4225+ AED0 21 00 00    >        ld      hl,0
4225+ AED3             >
4225+ AED3             >.loop:
4225+ AED3 29          >        add     hl,hl
4225+ AED4 CB 13       >        rl      e
4225+ AED6 CB 12       >        rl      d
4225+ AED8             >
4225+ AED8 CB 20       >        sla     b
4225+ AEDA 30 14       >        jr      nc,.next
4225+ AEDC             >
4225+ AEDC 3A F7 AE    >        ld      a,(.value)
4225+ AEDF 85          >        add     a,l
4225+ AEE0 6F          >        ld      l,a
4225+ AEE1             >
4225+ AEE1 3A F8 AE    >        ld      a,(.value+1)
4225+ AEE4 8C          >        adc     a,h
4225+ AEE5 67          >        ld      h,a
4225+ AEE6             >
4225+ AEE6 3A F9 AE    >        ld      a,(.value+2)
4225+ AEE9 8B          >        adc     a,e
4225+ AEEA 5F          >        ld      e,a
4225+ AEEB             >
4225+ AEEB 3A FA AE    >        ld      a,(.value+3)
4225+ AEEE 8A          >        adc     a,d
4225+ AEEF 57          >        ld      d,a
4225+ AEF0             >
4225+ AEF0             >.next:
4225+ AEF0 DD 2D       >        dec     ixl
4225+ AEF2 20 DF       >        jr      nz,.loop
4225+ AEF4             >
4225+ AEF4 DD E1       >        pop     ix
4225+ AEF6 C9          >        ret
4225+ AEF7             >
4225+ AEF7             >.value:
4225+ AEF7 00 00 00 00 >        ds      4
4226+ AEFB
4227+ AEFB              ADD32_16:
4228+ AEFB              	MATH_ADD32_16
4228+ AEFB 09          >        add     hl,bc
4228+ AEFC D0          >        ret     nc
4228+ AEFD             >
4228+ AEFD 13          >        inc     de
4228+ AEFE C9          >        ret
4229+ AEFF
4230+ AEFF              SUB32_8:
4231+ AEFF              	MATH_SUB32_8
4231+ AEFF 47          >        ld      b,a
4231+ AF00             >
4231+ AF00 7D          >        ld      a,l
4231+ AF01 90          >        sub     b
4231+ AF02 6F          >        ld      l,a
4231+ AF03             >
4231+ AF03 7C          >        ld      a,h
4231+ AF04 DE 00       >        sbc     a,0
4231+ AF06 67          >        ld      h,a
4231+ AF07             >
4231+ AF07 7B          >        ld      a,e
4231+ AF08 DE 00       >        sbc     a,0
4231+ AF0A 5F          >        ld      e,a
4231+ AF0B             >
4231+ AF0B 7A          >        ld      a,d
4231+ AF0C DE 00       >        sbc     a,0
4231+ AF0E 57          >        ld      d,a
4231+ AF0F             >
4231+ AF0F C9          >        ret
4232+ AF10
4233+ AF10              ADD32_32:
4234+ AF10              	MATH_ADD32_32
4234+ AF10 D9          >        exx
4234+ AF11             >
4234+ AF11 D5          >        push    de
4234+ AF12 E5          >        push    hl
4234+ AF13             >
4234+ AF13 D9          >        exx
4234+ AF14             >
4234+ AF14 C1          >        pop     bc
4234+ AF15 09          >        add     hl,bc
4234+ AF16             >
4234+ AF16 C1          >        pop     bc
4234+ AF17             >
4234+ AF17 EB          >        ex      de,hl
4234+ AF18 ED 4A       >        adc     hl,bc
4234+ AF1A EB          >        ex      de,hl
4234+ AF1B C9          >        ret
4235+ AF1C
4236+ AF1C
4237+ AF1C              	endmodule
4238+ AF1C
# file closed: GUI.a80
2039  AF1C
2040  AF1C
2041  AF1C 00 00 00...  	ALIGN	256
2042  B000 00 00 00...  VDT		ds	256,0			;VDT tabulka bude 256 bajtu (8 zaznamu po 32 bajtech)
2043  B100
2044  B100              endfile
2045  B100
2046  B100              patchLEN	equ 	$-START
2047  B100
2048  B100              		savesna "EasyCF.sna",START
2049  B100              ;		savebin "EasyCF.bin",START,patchLEN	;binarky se resi v ramci compile.bat od AI
2050  B100
# file closed: easyhdd.a80
