# file opened: easyhdd.a80
   1  0000              ;"osetreni stavu karty (neni MBR, partition je prazdny, oddil neni FAT, atd....implementace nove VDT tabulky, jeji format je ve zdroji GUI.a80- a eji vyplneni. Zbyva vybrat user defined partisnu, tj dodat kurzor, a taky doladit degault byte, jaka tabulka se ma sama vybrat ajko auto, aby uzivatel nemusel porad jezdit kurzorem"
   2  0000
   3  0000              ;doma pushujeme
   4  0000              ;piseme: podpora 4 partisen. FAT16/FAT32
   5  0000
   6  0000              ;LMN Patch (EasyHDD) build on Dron's HDDpatch 1.62
   7  0000              ;public version for GIT
   8  0000              ;20200830 - zmena rychlosti portu z 2T na 3T. Pro CPU vetsi nez 7MHz uz CF nestiha
   9  0000              ;version 2.07
  10  0000              ;change driver identification text "HddDrive" to "HddEH207"
  11  0000              ;change/speed up splash screen, removed anykey
  12  0000              ;version 2.06
  13  0000              ; update ATA command, some was obsolete
  14  0000              ;verze 2.05
  15  0000              ; vylepseni detekce prvniho datoveho souboru, nyni se prohledava root a vypocte datovy sektor podle prvniho nalezeneho souboru mbd nebo mbh
  16  0000              ; http://www.tavi.co.uk/phobos/fat.html
  17  0000              ; detekce zda-li se jedna o disk s MBR nebo bez
  18  0000              ; oprava vypisu kapacity velkych disku
  19  0000              ;verze 2.04
  20  0000              ;-uprava pro jenom master, zato muzou byt jednotky 3-255
  21  0000              ;verze 2.03
  22  0000              ;-porty HOOD
  23  0000              ;verze 2.02
  24  0000              ;- zruseni detekce slave
  25  0000              ;- vypis rychlosti DMA prenosu
  26  0000              ;- zmena rychlosti DMA na 3T memory a 2T port
  27  0000              ;verze 2.01
  28  0000              ;- deaktivace zapisu na port #0F kvuli kolizi s SounDrive
  29  0000              ;- update 8BC logo
  30  0000              ;verze 2.00
  31  0000              ;- only for MB03+ Ultimate
  32  0000              ;- deaktivace cteni portu #0F (FDC statusu)
  33  0000              ;verze 1.06
  34  0000              ;- oprava aplikace zmeny DMA portu, navesti se projevilo jen GUI a ne v rutinach prenosu patche
  35  0000              ;- kosmeticke upravy zdrojoveho kodu
  36  0000              ;- zmena barvy copyright na fialovou
  37  0000              ;verze 1.05
  38  0000              ;- nova DMA sekvence umoznujici pouziti i originalniho Z80-DMA chipu
  39  0000              ;- oprava chyby ve zvukovem efektu
  40  0000              ;- oprava detekce jednotky @127
  41  0000              ;- upravena DMAOUT sekvence pro pouziti s originalnim Z80DMA obvodem
  42  0000              ;verze 1.04
  43  0000              ;- do VDT pridano General setting
  44  0000              ;- pri autoconfiguraci se do VDT (CHS udaje) zapisuji zjistene udaje
  45  0000              ;- vypocet prvniho datoveho sectoru
  46  0000              ;- pridany zvukove efekty (diky pro Factor6)
  47  0000              ;verze 1.03
  48  0000              ;- pridano GUI
  49  0000              ;- zobrazovani CHS a kapacity disku
  50  0000              ;- graficka uprava
  51  0000              ;-vsechny loga prevedeny do formatu SpriteEditoru typ 2
  52  0000              ;verze 1.02
  53  0000              ;- odstranen nadbytecny kod ze zdrojaku
  54  0000              ;- opraveny chyby
  55  0000              ;- prvni funkcni verze
  56  0000              ;- pridana obsluha WriteProtect a master/slave
  57  0000              ;- kontrola DMA prog. sekvence, orig. Z80DMA ready (nutno vyzkouset)
  58  0000              ;verze 1.01
  59  0000              ;- zruseny vsechny rezimy krome LBA, podpora zatim pouze master disku a wp disable
  60  0000              ;- nova VDT tabulka
  61  0000              ;verze 1.00
  62  0000              ;- upraveno pro preklad SjASM
  63  0000              ;- zrusena modifikace portu, nyni jsou porty natvrdo, pro jine je treba nova kompilace
  64  0000
  65  0000
  66  0000              ;poznamky
  67  0000              ;-pri formatovani pres ff17, se disk formatuje presto ze je WP. Chyba se projevi az na konci. Delal to i hddpatch 162.
  68  0000
  69  0000              ;pouziva dma prenosy
  70  0000              ;kapacita diskimage - 2MB
  71  0000              ;diskimage format   - 128x8x2
  72  0000              ;slave/master, write protect
  73  0000              ;------------------------------
  74  0000
  75  0000              	DEVICE ZXSPECTRUM48
  76  0000
  77  0000              		include "math_macros.a80"
# file opened: math_macros.a80
   1+ 0000              ;==============================================================================
   2+ 0000              ; EasySD - matematicka makra
   3+ 0000              ; SjASMPlus 1.20.3
   4+ 0000              ;
   5+ 0000              ; Tento soubor pouze DEFINUJE makra. Sam o sobe negeneruje zadny kod.
   6+ 0000              ; Makra obsahuji pouze telo rutiny. Navesti rutiny se uvede pri instanci:
   7+ 0000              ;
   8+ 0000              ;   MUL32x8:
   9+ 0000              ;           MATH_MUL32x8
  10+ 0000              ;
  11+ 0000              ; Lokalni navesti zacinajici teckou jsou pro kazdou expanzi makra samostatna.
  12+ 0000              ;==============================================================================
  13+ 0000              ;seznam rutin:
  14+ 0000              ;1) MUL32x8	nasobeni DEHL x A ->DEHL
  15+ 0000              ;2) ADD32_16	přičtení 16 bitoveho cisla, DEHL=DEHL+BC
  16+ 0000              ;3) SUB32_8	odečtení 8 bitoveho cisla, DEHL=DEHL-A
  17+ 0000              ;4) ADD32_32	sečtení dvou 32 bitových čísel, DEHL=první číslo, DE'HL'=druhé číslo
  18+ 0000              ;*************************************************************************************
  19+ 0000                      MACRO MATH_MUL32x8
  20+ 0000 ~                    push    ix
  21+ 0000 ~
  22+ 0000 ~                    ld      (.value),hl
  23+ 0000 ~                    ld      (.value+2),de
  24+ 0000 ~
  25+ 0000 ~                    ld      b,a
  26+ 0000 ~                    ld      ixl,8
  27+ 0000 ~
  28+ 0000 ~                    ld      de,0
  29+ 0000 ~                    ld      hl,0
  30+ 0000 ~
  31+ 0000 ~            .loop:
  32+ 0000 ~                    add     hl,hl
  33+ 0000 ~                    rl      e
  34+ 0000 ~                    rl      d
  35+ 0000 ~
  36+ 0000 ~                    sla     b
  37+ 0000 ~                    jr      nc,.next
  38+ 0000 ~
  39+ 0000 ~                    ld      a,(.value)
  40+ 0000 ~                    add     a,l
  41+ 0000 ~                    ld      l,a
  42+ 0000 ~
  43+ 0000 ~                    ld      a,(.value+1)
  44+ 0000 ~                    adc     a,h
  45+ 0000 ~                    ld      h,a
  46+ 0000 ~
  47+ 0000 ~                    ld      a,(.value+2)
  48+ 0000 ~                    adc     a,e
  49+ 0000 ~                    ld      e,a
  50+ 0000 ~
  51+ 0000 ~                    ld      a,(.value+3)
  52+ 0000 ~                    adc     a,d
  53+ 0000 ~                    ld      d,a
  54+ 0000 ~
  55+ 0000 ~            .next:
  56+ 0000 ~                    dec     ixl
  57+ 0000 ~                    jr      nz,.loop
  58+ 0000 ~
  59+ 0000 ~                    pop     ix
  60+ 0000 ~                    ret
  61+ 0000 ~
  62+ 0000 ~            .value:
  63+ 0000 ~                    ds      4
  64+ 0000                      ENDM
  65+ 0000
  66+ 0000
  67+ 0000                      MACRO MATH_ADD32_16
  68+ 0000 ~                    add     hl,bc
  69+ 0000 ~                    ret     nc
  70+ 0000 ~
  71+ 0000 ~                    inc     de
  72+ 0000 ~                    ret
  73+ 0000                      ENDM
  74+ 0000
  75+ 0000
  76+ 0000                      MACRO MATH_SUB32_8
  77+ 0000 ~                    ld      b,a
  78+ 0000 ~
  79+ 0000 ~                    ld      a,l
  80+ 0000 ~                    sub     b
  81+ 0000 ~                    ld      l,a
  82+ 0000 ~
  83+ 0000 ~                    ld      a,h
  84+ 0000 ~                    sbc     a,0
  85+ 0000 ~                    ld      h,a
  86+ 0000 ~
  87+ 0000 ~                    ld      a,e
  88+ 0000 ~                    sbc     a,0
  89+ 0000 ~                    ld      e,a
  90+ 0000 ~
  91+ 0000 ~                    ld      a,d
  92+ 0000 ~                    sbc     a,0
  93+ 0000 ~                    ld      d,a
  94+ 0000 ~
  95+ 0000 ~                    ret
  96+ 0000                      ENDM
  97+ 0000
  98+ 0000
  99+ 0000                      MACRO MATH_ADD32_32
 100+ 0000 ~                    exx
 101+ 0000 ~
 102+ 0000 ~                    push    de
 103+ 0000 ~                    push    hl
 104+ 0000 ~
 105+ 0000 ~                    exx
 106+ 0000 ~
 107+ 0000 ~                    pop     bc
 108+ 0000 ~                    add     hl,bc
 109+ 0000 ~
 110+ 0000 ~                    pop     bc
 111+ 0000 ~
 112+ 0000 ~                    ex      de,hl
 113+ 0000 ~                    adc     hl,bc
 114+ 0000 ~                    ex      de,hl
 115+ 0000 ~                    ret
 116+ 0000                      ENDM
 117+ 0000
# file closed: math_macros.a80
  78  0000
  79  0000
  80  0000              		org	32768
  81  8000              START
  82  8000              	; EasyCF 1.1: GUI.a80 zustava z 1.0/1.0.1 beze zmeny.
  83  8000              	; Viditelnou verzi v titulku prepneme pred vstupem do GUI.
  84  8000              	; TEXT1 zacina dvema ridicimi bajty a znak verze je na offsetu +11.
  85  8000 3E 31        	ld	a,'1'
  86  8002 32 46 A0     	ld	(GUI.TEXT1+11),a
  87  8005
  88  8005              	IFDEF ELEMENT
  89  8005              		; Vyber externi MB03+ a prepni jej do MB02+/BSDOS rezimu
  90  8005              		; jeste pred prvnim ATA/IDENTIFY pristupem.
  91  8005 CD 0E 80     		call	EL_MB02_INIT
  92  8008              	ENDIF
  93  8008 CD E5 95     		call	GUI.gui
  94  800B C3 53 80     		jp	MAIN.INSTALL
  95  800E
  96  800E
  97  800E              	IFDEF ELEMENT
  98  800E              ;------------------------------------------------------------
  99  800E              ; eLeMeNt ZX + external MB03+: route ZXi accesses to the external
 100  800E              ; MB03+ and switch that interface to MB02+/BSDOS mode.
 101  800E              ;
 102  800E              ; First verify that this really is an eLeMeNt family machine.
 103  800E              ; e_zxi_0FF: upper nibble #E identifies the eLeMeNt family.
 104  800E              ; Lower nibble may change on future eLeMeNt revisions.
 105  800E              ;
 106  800E              ; g_zxi_000 = #00  -> external device (MB03+)
 107  800E              ; m_zxi_000 = #01  -> MB02+ / BSDOS mode
 108  800E              ;
 109  800E              ; m_zxi_002 = #03 -> Hood/EasyCF IDE mapping, verified on real MB03+ hardware.
 110  800E              EL_MB02_INIT
 111  800E F5           		push	af
 112  800F C5           		push	bc
 113  8010
 114  8010 01 3B 78     		ld	bc,#783B
 115  8013 3E FF        		ld	a,#FF
 116  8015 ED 79        		out	(c),a
 117  8017 01 3B 79     		ld	bc,#793B
 118  801A ED 78        		in	a,(c)
 119  801C E6 F0        		and	#F0
 120  801E FE E0        		cp	#E0
 121  8020 20 26        		jr	nz,.done
 122  8022
 123  8022              		; Select external MB03+ in the general ZXi device selector.
 124  8022 01 3B 7C     		ld	bc,#7C3B
 125  8025 AF           		xor	a
 126  8026 ED 79        		out	(c),a
 127  8028 01 3B 7D     		ld	bc,#7D3B
 128  802B ED 79        		out	(c),a
 129  802D
 130  802D              		; Switch the external MB03+ to MB02+/BSDOS mode.
 131  802D 01 3B 70     		ld	bc,#703B
 132  8030 AF           		xor	a
 133  8031 ED 79        		out	(c),a
 134  8033 01 3B 71     		ld	bc,#713B
 135  8036 3E 01        		ld	a,#01
 136  8038 ED 79        		out	(c),a
 137  803A
 138  803A              		; Enable the Hood/EasyCF IDE mapping required by the ATA routines.
 139  803A              		; Value #03 was verified on real MB03+ hardware with working BSDOS+CF.
 140  803A 01 3B 70     		ld	bc,#703B
 141  803D 3E 02        		ld	a,#02
 142  803F ED 79        		out	(c),a
 143  8041 01 3B 71     		ld	bc,#713B
 144  8044 3E 03        		ld	a,#03
 145  8046 ED 79        		out	(c),a
 146  8048
 147  8048 C1           .done		pop	bc
 148  8049 F1           		pop	af
 149  804A C9           		ret
 150  804B
 151  804B              	ENDIF
 152  804B
 153  804B              ;virtual (floppy)disk table
 154  804B              ;General settings
 155  804B 00           @autoinstall	db	0		;auto install (/wait for any key)
 156  804C 01           @autoconfig	db	1		;1=auto configure (automatic search for first sector & set hdd parameters to VDT)
 157  804D              ;new parameter for EasyCF. If set to 0, selection will be done manually.
 158  804D 04           @partition	db	4		;if @autoconfig=1, use partition 1-4. If not usable, use the first available from start
 159  804E 00           @showsplash	db	0		;show splash screen
 160  804F 00           @playnoise	db	0		;playnoise
 161  8050 01           		db	1		;show gui
 162  8051 00           @noverify 	db	0		;disable write verify
 163  8052 01           @dmar3		db	1		;install dma patch (oprava hodnoty dma registru R3)
 164  8053
 165  8053 ~            /* presouvame na konec RAMky
 166  8053 ~            ;master disk
 167  8053 ~            VDT		db	32,16		;Sectors/Heads
 168  8053 ~            		dw	980		;Cylinders
 169  8053 ~            		db	0		;Write protect
 170  8053 ~            		dw	128		;first LBA sector of first file on disk
 171  8053 ~
 172  8053 ~            ;slave disk
 173  8053 ~            		db	32,16		;Sectors/Heads
 174  8053 ~            		dw	980		;Cylinders
 175  8053 ~            		db	0		; Write protect
 176  8053 ~            		dw	128		; first LBA sector of first file on disk
 177  8053 ~
 178  8053 ~            VDTLEN		equ 	$-VDT
 179  8053 ~            */
 180  8053              VDTLEN		equ	256
 181  8053              ;		org	align		; "align" neni definovane navesti - puvodni radek docasne vypnut
 182  8053
 183  8053              HDD_MAIN_START		equ	#0090		;zacatek hlavniho EasyCF driveru v HDD bance
 184  8053              PIT_START		equ	#0383		;odtud zacina oblast prepisovana PIT patchem
 185  8053              CF_ROUTINES_START	equ	#F00		;ATA rutiny mimo oblast prepisovanou PIT patchem
 186  8053              WP_CATALOG_ROUTER_ADDR	equ	#22F6		;10B router pro zamek za cislem disku
 187  8053
 188  8053              ;porty HOOD
 189  8053              P_DAT		equ	195		;8'b110xx011
 190  8053              P_ERR		equ	167		;8'b101xx111
 191  8053              P_HSE		equ	203		;8'b110xx011
 192  8053              P_NSE		equ	175		;8'b101xx111
 193  8053              P_CYL		equ	211		;8'b110xx011
 194  8053              P_CYH		equ	183		;8'b101xx111
 195  8053              P_HEA		equ	219		;8'b110xx011
 196  8053              P_COM		equ	191		;8'b101xx111
 197  8053
 198  8053              ;porty hdd interface DRON
 199  8053              ;P_DAT		equ	195
 200  8053              ;P_ERR		equ	199
 201  8053              ;P_HSE		equ	203
 202  8053              ;P_NSE		equ	207
 203  8053              ;P_CYL		equ	211
 204  8053              ;P_CYH		equ	215
 205  8053              ;P_HEA		equ	219
 206  8053              ;P_COM		equ	223
 207  8053
 208  8053              ;porty hdd interface PVL
 209  8053              ;P_DAT		equ	163
 210  8053              ;P_ERR		equ	167
 211  8053              ;P_HSE		equ	171
 212  8053              ;P_NSE		equ	175
 213  8053              ;P_CYL		equ	179
 214  8053              ;P_CYH		equ	183
 215  8053              ;P_HEA		equ	187
 216  8053              ;P_COM		equ	191
 217  8053
 218  8053              ;MB02 porty
 219  8053              DMA		equ	11
 220  8053
 221  8053              ;;;;;;;;;;;;;;;;;;;;;
 222  8053              ; Instalace driveru ;
 223  8053              ;;;;;;;;;;;;;;;;;;;;;
 224  8053              	module	MAIN
 225  8053
 226  8053              ; VDT kopie pro bezici BSDOS bude fyzicky za ATA rutinami, zarovnana na xx00.
 227  8053              TAB		equ	CFroutines.BSDOS_VDT
 228  8053              TAB_DRV		equ	CFroutines.BSDOS_VDT
 229  8053
 230  8053 F3           INSTALL		di
 231  8054              	IFDEF ELEMENT
 232  8054 CD 0E 80     		call	EL_MB02_INIT
 233  8057              	ENDIF
 234  8057
 235  8057              ; EasyCF 1.1: pred prepsanim CF stranky zachovej uzivatelske VDT nazvy.
 236  8057              ; Prenesou se pouze pro platny stary i novy zaznam se shodnym 4B LBA.
 237  8057 CD C1 81     		call	PRESERVE_CF_VDT_NAMES
 238  805A
 239  805A              ;;presun fontu do HDD banky
 240  805A 21 00 3D     		ld	hl,15616
 241  805D 11 00 B1     		ld	de,endfile
 242  8060 01 00 03     		ld	bc,768
 243  8063 ED B0        		ldir
 244  8065
 245  8065              ; VDT se sem uz NEkopiruje.
 246  8065              ; Cilem je adresa v HDD/patch bance, ktera bude pripojena az pozdeji.
 247  8065 CD 9C 3C     	call #3c9c
 248  8068 21 79 81     	ld hl,zamek	;ver 1.18
 249  806B 11 E8 3C     	ld de,#3cE8
 250  806E 01 08 00     	ld bc,8
 251  8071 E5           	push hl
 252  8072 D5           	push de
 253  8073 C5           	push bc
 254  8074 ED B0        	ldir		;end ver 1.18
 255  8076
 256  8076 3E 61        	ld a,97
 257  8078 D3 17        	out (23),a
 258  807A
 259  807A C1           	pop bc		;ver 1.18
 260  807B D1           	pop de
 261  807C E1           	pop hl
 262  807D ED B0        	ldir
 263  807F 3E 1D        	ld a,#1d	;rozsir bsdos o jeden znak, a to zamek
 264  8081 32 A1 21     	ld (#21a1),a	;end 1.18
 265  8084
 266  8084
 267  8084              ; ███████████████ MB03+ only ███████████████████████████████████████
 268  8084              		; by BusySoft
 269  8084              		; disable cteni portu #0F pro vyblokovani detekce WP z FDC
 270  8084              		; nahrada instrukce in a,(#0F) za ld a,0
 271  8084 21 0E 02     		ld	hl,#020E 	;adresa v bsdosram
 272  8087 36 3E        		ld	(hl),62		;ld a,
 273  8089 23           		inc	hl
 274  808A 36 00        		ld	(hl),0		;0
 275  808C              		; disable sending data to fdc port #0F
 276  808C              		; prepsani instrukce out(#0F),a dvema nopy
 277  808C 21 00 00     		ld	hl,0
 278  808F 22 9F 01     		ld	(#019F),hl
 279  8092 22 33 02     		ld	(#0233),hl
 280  8095              ; ███████████████ end - MB03+ only ███████████████████████████████████████
 281  8095
 282  8095 21 13 84     		ld	hl,ADR20
 283  8098 11 14 00     		ld	de,20
 284  809B 01 0C 00     		ld	bc,12
 285  809E ED B0        		ldir
 286  80A0
 287  80A0 21 1F 84     		ld	hl,ADR35
 288  80A3 11 23 00     		ld	de,35
 289  80A6 0E 05        		ld	c,5
 290  80A8 ED B0        		ldir
 291  80AA
 292  80AA 21 24 84              ld   hl,ADR43		;ver 1.07, Hood
 293  80AD 11 2B 00              ld   de,#2B
 294  80B0 0E 03                 ld   c,3
 295  80B2 ED B0                 ldir			;end 1.07
 296  80B4
 297  80B4              ;		ld	hl,ADR43
 298  80B4              ;		ld	de,43
 299  80B4              ;		ld	c,5
 300  80B4              ;		ldir
 301  80B4
 302  80B4 21 08 84     		ld	hl,ADR62
 303  80B7 11 3E 00     		ld	de,62
 304  80BA 0E 0B        		ld	c,11
 305  80BC ED B0        		ldir
 306  80BE
 307  80BE 21 4A 81     	ld hl,qform	;ver. 1.13
 308  80C1 11 3A 12     	ld de,#123A
 309  80C4 01 07 00     	ld bc,#7
 310  80C7 ED B0        	ldir		;end 1.13
 311  80C9
 312  80C9
 313  80C9 21 EA 1C     	ld hl,#1CEA	;ver. 1.12, nejdrive vycistime vsech 38 bajtu
 314  80CC 11 EB 1C     	ld de,#1CEB
 315  80CF 01 39 00     	ld bc,#39
 316  80D2 2A 00 00     	ld hl,(0)
 317  80D5 ED B0        	ldir
 318  80D7
 319  80D7 21 19 81     	ld hl,new_r	;preneseme novou rutinu
 320  80DA 11 EA 1C     	ld de,#1CEA
 321  80DD 01 31 00     	ld bc,newlen
 322  80E0 ED B0        	ldir
 323  80E2 ED 53 C8 82  	ld (fspldir1+1),de
 324  80E6 ED 53 57 84  	ld (FREE_JP+1),de
 325  80EA
 326  80EA              	; EasyCF 1.1: WP/lock patch shodny s odladenym EasySD 1.1.
 327  80EA              	; Zamek se tiskne primo za cislo BSDOS disku, nikoli do hlavicky katalogu.
 328  80EA 21 51 81     	ld	hl,wp_status_call
 329  80ED 11 C3 17     	ld	de,#17C3
 330  80F0 01 08 00     	ld	bc,8
 331  80F3 ED B0        	ldir
 332  80F5 21 59 81     	ld	hl,wp_catalog_call
 333  80F8 11 F8 0D     	ld	de,#0DF8
 334  80FB 01 03 00     	ld	bc,3
 335  80FE ED B0        	ldir
 336  8100 21 5C 81     	ld	hl,wp_catalog_body
 337  8103 11 58 03     	ld	de,#0358
 338  8106 01 13 00     	ld	bc,WP_CATALOG_BODY_SIZE
 339  8109 ED B0        	ldir
 340  810B 21 6F 81     	ld	hl,wp_catalog_router
 341  810E 11 F6 22     	ld	de,WP_CATALOG_ROUTER_ADDR
 342  8111 01 0A 00     	ld	bc,WP_CATALOG_ROUTER_SIZE
 343  8114 ED B0        	ldir
 344  8116
 345  8116 C3 BC 82     	jp fspldir
 346  8119              new_r
 347  8119              	disp #1cea
 348  1CEA 1E 01        nr	ld e,#01
 349  1CEC CD 2D 1D     	call #1d2d	;bootrd
 350  1CEF B7           	or a
 351  1CF0 C8           	ret z
 352  1CF1 1E 00        	ld e,#00
 353  1CF3 CD 2D 1D     	call #1d2d	;bootrd
 354  1CF6 B7           	or a
 355  1CF7 C8           	ret z
 356  1CF8 CD FA 1E     cant	call #1EFA	;error
 357  1CFB 43 61 6E 27  	db	"Can",39,"t "			;39 = ´
 357  1CFF 74 20
 358  1D01 72 65 61 64  	db	"read the ",2,0
 358  1D05 20 74 68 65
 358  1D09 20 02 00
 359  1D0C
 360  1D0C              adr144_cont		;ver 1.16- zde je zbytek rutiny AAA, v miste dosu #90-#FF uz nebylo misto
 361  1D0C DA BA 00     	jp c,RDWRSEC
 362  1D0F FE 12        	cp 18
 363  1D11 CA BA 00     	jp z,RDWRSEC
 364  1D14 FE 08        	cp 8		;ver. 1.11- pri volani cteni a zapisu stopy se vrat s chybou
 365  1D16 3E 80        	ld a,#80
 366  1D18 D8           	ret c
 367  1D19              ;LOOP12   cp   7
 368  1D19              ;         jr   z,RDWRSEC
 369  1D19              ;         xor  a
 370  1D19 AF           LOOP12	xor a
 371  1D1A C9           LO11      ret		;end 1.11
 372  1D1B
 373  1D1B              newrend
 374  1D1B              newlen equ newrend-nr		;end 1.12
 375  1D1B              	ent
 376  814A
 377  814A 00           qform	nop		;ver 1.13
 378  814B 03           form3	inc bc
 379  814C CB 58        	bit 3,b
 380  814E 00           	nop
 381  814F 28 ED        	db #28,#ed ;jr z,form2	;end 1.13
 382  8151
 383  8151              ; EasyCF 1.1 - write-protect lock in BSDOS catalog.
 384  8151              ; Cela puvodni sekvence #17C3-#17CA zustava pohromade.
 385  8151              wp_status_call
 386  8151 F5           	push	af
 387  8152 AF           	xor	a
 388  8153 DF           	rst	#18
 389  8154 E6 40        	and	#40
 390  8156 C2 CB 1D     	jp	nz,#1DCB
 391  8159
 392  8159              ; Nahrada puvodniho CALL #219E (SPACE) na #0DF8.
 393  8159              wp_catalog_call
 394  8159 CD F6 22     	call	WP_CATALOG_ROUTER_ADDR
 395  815C
 396  815C              ; 19B rutina na #0358 vytiskne mezeru nebo znak zamku primo za cislo disku.
 397  815C              wp_catalog_body
 398  815C E5           	push	hl
 399  815D C5           	push	bc
 400  815E AF           	xor	a
 401  815F DF           	rst	#18
 402  8160 CB 77        	bit	6,a
 403  8162 3E 20        	ld	a,#20
 404  8164 28 02        	jr	z,.print
 405  8166 3E 1D        	ld	a,#1D
 406  8168 C1           .print	pop	bc
 407  8169 E1           	pop	hl
 408  816A C3 A0 21     	jp	#21A0
 409  816D 00 00        	block	19-($-wp_catalog_body),0
 410  816F              WP_CATALOG_BODY_SIZE	equ $-wp_catalog_body
 411  816F              	ASSERT	WP_CATALOG_BODY_SIZE = 19
 412  816F
 413  816F              ; #0DF8 se pouziva i pri tisku cisla adresare. Rozliseni podle IXH zabrani,
 414  816F              ; aby se WP rutina volala mimo tisk cisla disku. Rutina je v #22F6-#22FF.
 415  816F              wp_catalog_router
 416  816F DD 7C        	ld	a,ixh
 417  8171 FE 23        	cp	#23
 418  8173 C2 9E 21     	jp	nz,#219E
 419  8176 C3 58 03     	jp	#0358
 420  8179              WP_CATALOG_ROUTER_SIZE	equ $-wp_catalog_router
 421  8179              	ASSERT	WP_CATALOG_ROUTER_ADDR+WP_CATALOG_ROUTER_SIZE = #2300
 422  8179
 423  8179              ;definice znaku zamek
 424  8179 00 3C 24 7E  zamek	defb 0,60,36,126,110,102,126,0		;end 1.18
 424  817D 6E 66 7E 00
 425  8181              ; EasyCF 1.1 katalog: zarizeni vlevo, partition vpravo.
 426  8181              ; Prostredni text se obnovi do puvodniho tvaru podle BSDOS 308 / 308b.
 427  8181              new_cat_text_308
 428  8181 43 46 20 42          defb    "CF BS-DOS 308 ** BUSY SOFT'96 P0"
 428  8185 53 2D 44 4F
 428  8189 53 20 33 30
 428  818D 38 20 2A 2A
 428  8191 20 42 55 53
 428  8195 59 20 53 4F
 428  8199 46 54 27 39
 428  819D 36 20 50 30
 429  81A1              new_cat_text_308b
 430  81A1 43 46 20 42          defb    "CF BS-DOS 308b * BUSY SOFT'19 P0"
 430  81A5 53 2D 44 4F
 430  81A9 53 20 33 30
 430  81AD 38 62 20 2A
 430  81B1 20 42 55 53
 430  81B5 59 20 53 4F
 430  81B9 46 54 27 31
 430  81BD 39 20 50 30
 431  81C1
 432  81C1              ; -----------------------------------------------------------------------------
 433  81C1              ; EasyCF 1.1 - zachovani 26znakovych uzivatelskych nazvu VDT pri reinstalaci
 434  81C1              ; -----------------------------------------------------------------------------
 435  81C1              ; Stary driver muze byt EasyCF 1.0/1.0.1 (EasyCF10) nebo EasyCF 1.1
 436  81C1              ; (EasyCF11). Pro kazdy ze 4 CF zaznamu se jmeno prenese pouze kdyz:
 437  81C1              ;   - stary zaznam je platny (INFO bit 1 = 1),
 438  81C1              ;   - novy zaznam je platny (INFO bit 1 = 1),
 439  81C1              ;   - vsechny 4 bajty LBA na +1..+4 jsou shodne.
 440  81C1              ; Kopiruje se presne 26 bajtu nazvu z +6..+31.
 441  81C1              PRESERVE_CF_VDT_NAMES
 442  81C1 DD E5        	push	ix
 443  81C3 FD E5        	push	iy
 444  81C5
 445  81C5 3E 62        	ld	a,98			; EasyCF je vzdy ve fyzicke SRAM page 2
 446  81C7 D3 17        	out	(23),a
 447  81C9
 448  81C9              	; Zachovavej pouze z rozpoznane instalace EasyCF.
 449  81C9 21 08 00     	ld	hl,#0008
 450  81CC 11 54 82     	ld	de,PRESERVE_EASYCF11_ID
 451  81CF 06 08        	ld	b,8
 452  81D1 CD 44 82     	call	.compare
 453  81D4 28 0D        	jr	z,.compatible
 454  81D6 21 08 00     	ld	hl,#0008
 455  81D9 11 4C 82     	ld	de,PRESERVE_EASYCF10_ID
 456  81DC 06 08        	ld	b,8
 457  81DE CD 44 82     	call	.compare
 458  81E1 20 58        	jr	nz,.done
 459  81E3
 460  81E3              .compatible
 461  81E3 DD 21 00 10  	ld	ix,CFroutines.BSDOS_VDT	; stara VDT v aktualne pripojene CF page
 462  81E7 FD 21 00 B0  	ld	iy,VDT			; nova VDT pripravena GUI
 463  81EB 3E 04        	ld	a,4			; CF ma P1-P4
 464  81ED              .record_loop
 465  81ED F5           	push	af
 466  81EE
 467  81EE DD CB 00 4E  	bit	1,(ix+0)		; stary zaznam musi byt pouzitelny
 468  81F2 28 3C        	jr	z,.next_record
 469  81F4 FD CB 00 4E  	bit	1,(iy+0)		; i novy zaznam musi byt pouzitelny
 470  81F8 28 36        	jr	z,.next_record
 471  81FA
 472  81FA DD 7E 01     	ld	a,(ix+1)
 473  81FD FD BE 01     	cp	(iy+1)
 474  8200 20 2E        	jr	nz,.next_record
 475  8202 DD 7E 02     	ld	a,(ix+2)
 476  8205 FD BE 02     	cp	(iy+2)
 477  8208 20 26        	jr	nz,.next_record
 478  820A DD 7E 03     	ld	a,(ix+3)
 479  820D FD BE 03     	cp	(iy+3)
 480  8210 20 1E        	jr	nz,.next_record
 481  8212 DD 7E 04     	ld	a,(ix+4)
 482  8215 FD BE 04     	cp	(iy+4)
 483  8218 20 16        	jr	nz,.next_record
 484  821A
 485  821A              	; HL = old + 6, DE = new + 6, BC = 26
 486  821A DD E5        	push	ix
 487  821C E1           	pop	hl
 488  821D 01 06 00     	ld	bc,6
 489  8220 09           	add	hl,bc
 490  8221
 491  8221 FD E5        	push	iy
 492  8223 D1           	pop	de
 493  8224 E5           	push	hl
 494  8225 21 06 00     	ld	hl,6
 495  8228 19           	add	hl,de
 496  8229 EB           	ex	de,hl
 497  822A E1           	pop	hl
 498  822B
 499  822B 01 1A 00     	ld	bc,26
 500  822E ED B0        	ldir
 501  8230
 502  8230              .next_record
 503  8230 01 20 00     	ld	bc,32
 504  8233 DD 09        	add	ix,bc
 505  8235 FD 09        	add	iy,bc
 506  8237 F1           	pop	af
 507  8238 3D           	dec	a
 508  8239 20 B2        	jr	nz,.record_loop
 509  823B
 510  823B              .done
 511  823B 3E 40        	ld	a,#40			; normalni mapovani
 512  823D D3 17        	out	(23),a
 513  823F FD E1        	pop	iy
 514  8241 DD E1        	pop	ix
 515  8243 C9           	ret
 516  8244
 517  8244              .compare
 518  8244 1A           	ld	a,(de)
 519  8245 BE           	cp	(hl)
 520  8246 C0           	ret	nz
 521  8247 23           	inc	hl
 522  8248 13           	inc	de
 523  8249 10 F9        	djnz	.compare
 524  824B C9           	ret
 525  824C
 526  824C 45 61 73 79  PRESERVE_EASYCF10_ID	db	"EasyCF10"
 526  8250 43 46 31 30
 527  8254 45 61 73 79  PRESERVE_EASYCF11_ID	db	"EasyCF11"
 527  8258 43 46 31 31
 528  825C 45 53 31 31  ES11_SIGNATURE		db	"ES11"
 529  8260 45 4D 50 54  EMPTY_ENTRY_CATALOG	db	"EMPTY ENTRY               "
 529  8264 59 20 45 4E
 529  8268 54 52 59 20
 529  826C 20 20 20 20
 529  8270 20 20 20 20
 529  8274 20 20 20 20
 529  8278 20 20
 530  827A
 531  827A              ; -----------------------------------------------------------------------------
 532  827A              ; EasyCF 1.1 - prenes jmeno aktualne vybrane CF partition do BSDOS katalogu
 533  827A              ; -----------------------------------------------------------------------------
 534  827A              ; Predpoklad: BSDOS page 97 je pripojena.
 535  827A              ; @partition = 1..4. VDT zaznam ma 32 B, text je na +6..+31 (26 B).
 536  827A              ; Nulove padding bajty se meni na mezery. Zcela prazdny text se zobrazi
 537  827A              ; stejne jako ve Full Switcheru: "EMPTY ENTRY".
 538  827A              INSTALL_CF_CATALOG_NAME
 539  827A F5           	push	af
 540  827B C5           	push	bc
 541  827C D5           	push	de
 542  827D E5           	push	hl
 543  827E
 544  827E 3A 4D 80     	ld	a,(@partition)
 545  8281 3D           	dec	a
 546  8282 6F           	ld	l,a
 547  8283 26 00        	ld	h,0
 548  8285 29           	add	hl,hl			; *2
 549  8286 29           	add	hl,hl			; *4
 550  8287 29           	add	hl,hl			; *8
 551  8288 29           	add	hl,hl			; *16
 552  8289 29           	add	hl,hl			; *32
 553  828A 11 06 B0     	ld	de,VDT+6
 554  828D 19           	add	hl,de			; HL = text aktivniho VDT zaznamu
 555  828E
 556  828E              	; Nejprve zjisti, zda je vsech 26 bajtu nulovych.
 557  828E E5           	push	hl
 558  828F 06 1A        	ld	b,26
 559  8291              .icn_check
 560  8291 7E           	ld	a,(hl)
 561  8292 B7           	or	a
 562  8293 20 11        	jr	nz,.icn_nonempty
 563  8295 23           	inc	hl
 564  8296 10 F9        	djnz	.icn_check
 565  8298 E1           	pop	hl
 566  8299 21 60 82     	ld	hl,EMPTY_ENTRY_CATALOG
 567  829C 11 C4 0D     	ld	de,#0DC4
 568  829F 01 1A 00     	ld	bc,26
 569  82A2 ED B0        	ldir
 570  82A4 18 11        	jr	.icn_done
 571  82A6
 572  82A6              .icn_nonempty
 573  82A6 E1           	pop	hl
 574  82A7 11 C4 0D     	ld	de,#0DC4
 575  82AA 06 1A        	ld	b,26
 576  82AC              .icn_copy
 577  82AC 7E           	ld	a,(hl)
 578  82AD B7           	or	a
 579  82AE 20 02        	jr	nz,.icn_store
 580  82B0 3E 20        	ld	a,' '
 581  82B2              .icn_store
 582  82B2 12           	ld	(de),a
 583  82B3 23           	inc	hl
 584  82B4 13           	inc	de
 585  82B5 10 F5        	djnz	.icn_copy
 586  82B7
 587  82B7              .icn_done
 588  82B7 E1           	pop	hl
 589  82B8 D1           	pop	de
 590  82B9 C1           	pop	bc
 591  82BA F1           	pop	af
 592  82BB C9           	ret
 593  82BC
 594  82BC
 595  82BC 21 56 84     fspldir	LD HL,FREE_JP	;ver. 1.09, ldir patche na opravu volného místa v BSDOSu 308, tento usek ponechavame i ve verzi 1.10
 596  82BF 11 7A 1B     	 ld DE,FREE2
 597  82C2 01 03 00     	 ld BC,3
 598  82C5 ED B0                 LDIR
 599  82C7              ;         LD HL,FRE2
 600  82C7 11 55 00     fspldir1 ld de,#55
 601  82CA              ;	 ld DE,FREEDOS	;ver. 1.12
 602  82CA 01 11 00              LD BC,FREE_SPLEN
 603  82CD ED B0                 LDIR		;end 1.09
 604  82CF
 605  82CF
 606  82CF              ;set no_verify patch
 607  82CF 3A 51 80     		ld	a,(@noverify)
 608  82D2 B7           		or	a
 609  82D3 28 18        		jr	z,verifyyes
 610  82D5
 611  82D5 3A CA 13     		ld	a,(#13CA)
 612  82D8 FE CD        		cp	205
 613  82DA 20 11        		jr	nz,verifyyes	;alespon nejaka kontrola, jesli se upravuje spravne misto
 614  82DC
 615  82DC              ;uprava dle BUSYho
 616  82DC 3E 21        		ld	a,#21
 617  82DE 32 CA 13     		ld	(#13CA),a	;patch ROM obsluhy #04C6
 618  82E1 3A 47 14     		ld	a,(#1447)
 619  82E4 FE CD        		cp	205
 620  82E6 20 05        		jr	nz,verifyyes	;alespon nejaka kontrola, jesli se upravuje spravne misto
 621  82E8 3E C3        		ld	a,#C3
 622  82EA 32 47 14     		ld	(#1447),a	;patch sluzby #25 SAVEX
 623  82ED
 624  82ED              ;noverify podle drona ; proc se skace na adresu 62?
 625  82ED              ;(lebo je tam test, ktory pre drajvy @1-@4 povoli verify a pre drajvy @5 a vyssie ho zakaze)
 626  82ED              ;		ld	a,205
 627  82ED              ;		ld	(#13CA),a
 628  82ED              ;		ld	hl,62
 629  82ED              ;		ld	(#13CA+1),hl
 630  82ED
 631  82ED              verifyyes
 632  82ED              ;dmapatch; uprava cele DMA sekvence pro pouziti i originalniho Z80-DMA chipu
 633  82ED 3A 52 80     		ld	a,(@dmar3)
 634  82F0 B7           		or	a
 635  82F1 28 2E        		jr	z,dmano
 636  82F3
 637  82F3 3A BA 01     		ld	a,(#1BA)
 638  82F6 FE C3        		cp	#C3
 639  82F8 20 27        		jr	nz,dmano 	;alespon nejaka kontrola, jesli se upravuje spravne misto
 640  82FA 3A BB 01     		ld	a,(#1BB)
 641  82FD FE C7        		cp	#C7
 642  82FF 20 20        		jr	nz,dmano 	;alespon nejaka kontrola, jesli se upravuje spravne misto
 643  8301
 644  8301              ;prepsani sekvence
 645  8301 21 F7 83     		ld	hl,ADR442
 646  8304 11 BA 01     		ld	de,#1BA		;442
 647  8307 01 11 00     		ld	bc,17
 648  830A ED B0        		ldir
 649  830C
 650  830C              ;prepsani odkazu do nove sekvence
 651  830C              ;		ld	a,#1c8
 652  830C 3E C8        		ld	a,#C8
 653  830E 32 48 01     		ld	(#148),a
 654  8311 32 66 01     		ld	(#166),a
 655  8314              ;		ld	a,#1bc
 656  8314 3E BC        		ld	a,#BC
 657  8316 32 44 01     		ld	(#144),a
 658  8319 32 62 01     		ld	(#162),a
 659  831C              ;		ld	a,#1BE
 660  831C 3E BE        		ld	a,#BE
 661  831E 32 B7 01     		ld	(#1B7),a
 662  8321              dmano
 663  8321 21 6A 84     		ld	hl,SEM
 664  8324 11 90 00     		ld	de,HDD_MAIN_START
 665  8327 01 70 00     		ld	bc,112
 666  832A ED B0        		ldir
 667  832C
 668  832C              ; EasyCF 1.1: udaje v rozich katalogu, stejne jako ve spolecnem 1.1 systemu.
 669  832C              ; #DC1-#DC2 = "CF", #DDF-#DE0 = "P1".."P4".
 670  832C              ; Pri prechodu primo ze stareho EasyCF 1.0 muze byt znak verze BSDOS
 671  832C              ; (mezera / 'b') presunut na #DD1; proto kontrolujeme obe pozice.
 672  832C 3A CE 0D             ld      a,(#DCE)
 673  832F FE 62                cp      'b'
 674  8331 CA 47 83             jp      z,CATALOG_USE_308B
 675  8334 FE 20                cp      ' '
 676  8336 CA 41 83             jp      z,CATALOG_USE_308
 677  8339 3A D1 0D             ld      a,(#DD1)
 678  833C FE 62                cp      'b'
 679  833E CA 47 83             jp      z,CATALOG_USE_308B
 680  8341
 681  8341              CATALOG_USE_308
 682  8341 21 81 81             ld      hl,new_cat_text_308
 683  8344 C3 4A 83             jp      CATALOG_COPY_HEADER
 684  8347
 685  8347              CATALOG_USE_308B
 686  8347 21 A1 81             ld      hl,new_cat_text_308b
 687  834A
 688  834A              CATALOG_COPY_HEADER
 689  834A 11 C1 0D             ld      de,#DC1
 690  834D 01 20 00             ld      bc,32
 691  8350 ED B0                ldir
 692  8352
 693  8352 3A 4D 80             ld      a,(@partition)
 694  8355 C6 30                add     a,'0'
 695  8357 32 E0 0D             ld      (#DE0),a               ; pravy roh P1-P4
 696  835A
 697  835A 3E 62        		ld	a,98
 698  835C D3 17        		out	(23),a
 699  835E
 700  835E 21 27 84     		ld	hl,ADR16
 701  8361 11 00 00     		ld	de,0
 702  8364 01 2F 00     		ld	bc,33+8+6	;ver 1.07, end 1.07
 703  8367              ;bez inir
 704  8367 ED B0        		ldir
 705  8369
 706  8369 21 FB C9     		ld	hl,201*256+251
 707  836C 22 38 00     		ld	(56),hl
 708  836F
 709  836F 21 DA 84     		ld	hl,SEM1
 710  8372 11 90 00     		ld	de,144
 711  8375              ;		ld	bc,LEN
 712  8375 01 49 02     		ld	bc,LEN_MAIN
 713  8378 ED B0        		ldir
 714  837A
 715  837A 11 00 0F     		ld	de,CF_ROUTINES_START
 716  837D 01 A0 00     		ld	bc,LEN_CF
 717  8380 ED B0        		ldir
 718  8382
 719  8382              ; Ted je stale pripojena HDD/patch banka (98).
 720  8382              ; Preneseme pracovni VDT na zarovnanou adresu za ATA rutinami.
 721  8382 21 00 B0     		ld	hl,VDT
 722  8385 11 00 10     		ld	de,CFroutines.BSDOS_VDT
 723  8388 D5           		push	de
 724  8389 01 00 01     		ld	bc,VDTLEN
 725  838C ED B0        		ldir
 726  838E
 727  838E
 728  838E 3A 4D 80     		ld	a,(@partition)		;umistime vybrany 1. sektor do rutiny TST_DRV
 729  8391 3D           		dec	a			;zatim jen podle zaznamu v autoconfigu, ale chce to inteligentnejsi vyber
 730  8392
 731  8392 6F           		ld	l,a
 732  8393 26 00        		ld	h,0
 733  8395
 734  8395 29               		add     hl,hl            ; *2
 735  8396 29                   	add     hl,hl            ; *4
 736  8397 29           	        add     hl,hl            ; *8
 737  8398 29                   	add     hl,hl            ; *16
 738  8399 29           	        add     hl,hl            ; *32
 739  839A
 740  839A D1           		pop	de
 741  839B 19                   	add     hl,de            ; HL = adresa vybraneho 32B zaznamu
 742  839C 23           		inc	hl		;jsme na LBA sektoru
 743  839D
 744  839D 4E                   ld      c,(hl)          ; LBA byte 0
 745  839E 23                   inc     hl
 746  839F 46                   ld      b,(hl)          ; LBA byte 1
 747  83A0 23                   inc     hl
 748  83A1
 749  83A1 ED 43 6B 02          ld      (current_1st_sector+1),bc
 750  83A5
 751  83A5 4E                   ld      c,(hl)          ; LBA byte 2
 752  83A6 23                   inc     hl
 753  83A7 46                   ld      b,(hl)          ; LBA byte 3
 754  83A8
 755  83A8 ED 43 6E 02          ld      (current_1st_sector+4),bc	;ulozili jsme vybrane LBA primo do rutiny TST_DRV
 756  83AC
 757  83AC
 758  83AC              ;mezera na PIT103
 759  83AC
 760  83AC              ;presun fontu do HDD banky
 761  83AC 21 00 B1     		ld	hl,endfile
 762  83AF 11 00 3D     		ld	de,15616
 763  83B2 01 00 03     		ld	bc,768
 764  83B5 ED B0        		ldir
 765  83B7
 766  83B7              ;------------------------------------------------------------
 767  83B7              ; EasyCF 1.1 - rezidentni stav spolecneho systemu pro hotovy Switcher 1.1.
 768  83B7              ; Full Switcher rozlisuje legacy samostatne EasyCF od systemu 1.1 podpisem
 769  83B7              ; "ES11" v BSDOS page 97. EasyCF 1.1 proto po uspesne instalaci ulozi:
 770  83B7              ;   ACTIVE_PAGE = 98 (CF), ACTIVE_DEVICE = 0 (CF),
 771  83B7              ;   SD page/partition = 0, CF partition = 1..4, podpis = "ES11".
 772  83B7              ; Bankovni most na #001B-#0020 uz EasyCF obsahuje a zustava beze zmeny.
 773  83B7 3E 61        		ld	a,97
 774  83B9 D3 17        		out	(23),a
 775  83BB 3E 62        		ld	a,98
 776  83BD 32 1C 00     		ld	(#001C),a		; operand LD A,n v dispatcheru = CF page
 777  83C0 AF           		xor	a
 778  83C1 32 32 00     		ld	(#0032),a		; ACTIVE_DEVICE = CF
 779  83C4 32 33 00     		ld	(#0033),a		; PAGE_SD = zatim neni nainstalovana
 780  83C7 32 34 00     		ld	(#0034),a		; SD1 partition = none
 781  83CA 32 35 00     		ld	(#0035),a		; SD2 partition = none
 782  83CD 3A 4D 80     		ld	a,(@partition)
 783  83D0 32 90 3C     		ld	(#3C90),a		; CF partition P1-P4
 784  83D3
 785  83D3              ; EasyCF 1.1: hned po instalaci zobraz v BSDOS katalogu jmeno aktivni
 786  83D3              ; CF partition z VDT. Full Switcher pak vidi stejne jmeno jeste pred prvni
 787  83D3              ; editaci. Zdroj VDT je v hlavni RAM, cil #0DC4..#0DDD v BSDOS page 97.
 788  83D3 CD 7A 82     		call	INSTALL_CF_CATALOG_NAME
 789  83D6
 790  83D6 21 5C 82     		ld	hl,ES11_SIGNATURE
 791  83D9 11 91 3C     		ld	de,#3C91
 792  83DC 01 04 00     		ld	bc,4
 793  83DF ED B0        		ldir
 794  83E1
 795  83E1              ;------------------------------------------------------------
 796  83E1              ; Vystup z EasyCF
 797  83E1              ; ELEMENT: korektni start BSDOSu pres systemovou sluzbu #30.
 798  83E1              ;          Pokud AUTOSYS neni nalezen / vrati se, provedeme
 799  83E1              ;          velky 128K reset pres BSROM (BusySoft).
 800  83E1              ; MB03+:   puvodni zpusob ukonceni zustava beze zmeny.
 801  83E1              ;
 802  83E1              ; Pri buildu pro eLeMeNt definuj symbol ELEMENT.
 803  83E1              	IFDEF ELEMENT
 804  83E1 3E 61        		ld	a,97		; BSDOS banka 1, zapis povolen
 805  83E3 D3 17        		out	(23),a
 806  83E5 3E 01        		ld	a,1		; aktualni BSDOS disk @1
 807  83E7 32 EE 03     		ld	(#03EE),a
 808  83EA 3E 30        		ld	a,#30		; BSDOS service #30 START
 809  83EC E7           		rst	#20		; pokud se AUTOSYS nenajde, sluzba se vrati
 810  83ED CD 58 9F     		call	GUI.AUTOSYS_NOT_FOUND
 811  83F0 CD 98 3C     		call	#3C98		; prepne na BSROM + zakaz zapisu
 812  83F3 AF           		xor	a
 813  83F4 C3 78 39     		jp	#3978		; velky 128K reset (BSROM 1.18/1.40)
 814  83F7              	ELSE
 815  83F7 ~            		ld	a,%01000000
 816  83F7 ~            		out	(23),a
 817  83F7 ~            		ei
 818  83F7 ~            		ret
 819  83F7              	ENDIF
 820  83F7
 821  83F7              ;------------------------------
 822  83F7              ;------------------------------
 823  83F7              ADR442
 824  83F7 C3           		db	$c3		;stop DMA
 825  83F8 79           		db	$79		;r0 must be temporary B->A for Zilog DMA
 826  83F9 55 55        		dw	$5555		;rd:kam
 827  83FB FF FF        		dw	$ffff		;dlzka
 828  83FD 14           		db	$14		;r1
 829  83FE 28           		db	$28		;r2
 830  83FF 80           		db	$80		;r3
 831  8400 8D           		db	$8d		;r4
 832  8401 6F 00        		dw	$006f		;rd:odkud (fdd)
 833  8403 92           		db	$92		;r5 Zmena:Enable wait state
 834  8404 CF           		db	$cf		;zapis udajov do kanalu B
 835  8405 01           		db	$01		;r0 rd:B->A wr:A->B
 836  8406 CF 87        		db	$cf,$87		;zapis udajov,start
 837  8408
 838  8408              ;------------------------------
 839  8408              ;------------------------------
 840  8408              ;adresa 62 v dos_bnk
 841  8408              ADR62
 842  8408 4F           		ld	c,a		;test, jestli je treba verify
 843  8409 3A EF 03     		ld	a,(#03EF)	;to pujde do dosu urcite
 844  840C FE 05        		cp	5
 845  840E 79           		ld	a,c
 846  840F D0           		ret	nc
 847  8410 C3 63 14     		jp	#1463
 848  8413
 849  8413              ;------------------------------
 850  8413              ;------------------------------
 851  8413
 852  8413              ;adresa 20 v dos_bnk
 853  8413              ;hdd_bnk musi byt dos_bnk+1
 854  8413
 855  8413              ADR20
 856  8413 70           		ld	(hl),b		;zapis bajtu do dos_bnk
 857  8414 3C           		inc	a		;to by se melo taky hodit jinam
 858  8415 D3 17        		out	(23),a
 859  8417 C3 90 00     		jp	144
 860  841A
 861  841A              ;adresa 27
 862  841A 3E 62        		ld	a,98		;prestrankovani do patch_bnk
 863  841C D3 17        		out	(23),a
 864  841E C9           		ret
 865  841F
 866  841F              ;------------------------------
 867  841F              ;------------------------------
 868  841F
 869  841F              ;adresa 35 v dos_bnk
 870  841F
 871  841F              ADR35
 872  841F ED 41        		out	(c),b		;start dma prenosu a prestrankovani z5
 873  8421 3C           		inc	a
 874  8422 D3 17        		out	(23),a
 875  8424
 876  8424              ADR43			;ver.1.07, vycteni bajtu z DOSu z adresy HL do B, Hood
 877  8424 46           	ld b,(hl)
 878  8425 18 F7        	db 24, 247	;jr #25, bajt mas v B, skoc zpet do hdd banky na ADR35, instrukci inc a, end 1.07
 879  8427
 880  8427              ;------------------------------
 881  8427              ;------------------------------
 882  8427
 883  8427              ;adresa 43 v dos_bnk
 884  8427
 885  8427              ;ADR43
 886  8427              ;		inir			;puvodni non-dma prenos
 887  8427              ;		inc	a
 888  8427              ;		out	(23),a
 889  8427
 890  8427              ;------------------------------
 891  8427              ;------------------------------
 892  8427
 893  8427              ;------------------------------
 894  8427              ;------------------------------
 895  8427
 896  8427              ;adresa 16 v hdd_bnk
 897  8427
 898  8427              ;INIR		equ	41
 899  8427              OTIR		equ	33
 900  8427
 901  8427              ADR16
 902  8427 F3           		di
 903  8428 AF           		xor	a
 904  8429 11 FF FF     		ld	de,65535
 905  842C C3 05 00     		jp	5
 906  842F 45 61 73 79  		db	"EasyCF10"		; EasyCF 1.1: kompatibilitni interni ID pro hotovy Full Switcher 1.1
 906  8433 43 46 31 30
 907  8437              ;		db	"EasySD10"
 908  8437              ;		db	"HddEH207"
 909  8437
 910  8437 3E 61        		ld	a,97
 911  8439 D3 17        		out	(23),a
 912  843B 70           		ld	(hl),b
 913  843C 3C           		inc	a
 914  843D D3 17        		out	(23),a
 915  843F C9           		ret
 916  8440 00           		nop
 917  8441 00           		nop
 918  8442
 919  8442              ;adr27 - route to hdd_bnk
 920  8442 3E 61        		ld	a,97
 921  8444 D3 17        		out	(23),a
 922  8446 18 6F        		db	24,111		;jr	144
 923  8448
 924  8448              ;adr33 - route to otir
 925  8448              ;musi byt ld  a,97
 926  8448              ;a taky ld bc,data_port
 927  8448 D3 17        		out	(23),a
 928  844A ED 79        		out	(c),a
 929  844C 3C           		inc	a
 930  844D D3 17        		out	(23),a
 931  844F C9           		ret
 932  8450
 933  8450 D3 17        v1      out (23),a	;ver 1.07, vycteni bajtu z DOSu z adresy v HL do B, Hood
 934  8452 3E 61        vycti   ld a,97		;ADR43rutina bude vypadat: ld hl,adresa:call vycti: B=vycteny bajt
 935  8454 18 FA                 db 24, 250	;jr v1;skok na v1;end 1.07
 936  8456
 937  8456
 938  8456              ;adr41
 939  8456              ;musi byt ld  a,97
 940  8456              ;a taky ld bc,data_port
 941  8456              ;		out	(23),a
 942  8456              ;		inir
 943  8456              ;		inc	a
 944  8456              ;		out	(23),a
 945  8456              ;		ret
 946  8456
 947  8456              ;------------------------------
 948  8456              ;------------------------------
 949  8456              			;ver. 1.09, patch na opravu vypoctu volneho mista, v pripade ze formatujeme maximalni mozny format pro BSDOS308, t.j. 128x8x2
 950  8456              ;adr856 (#358)		;ver. 1.10
 951  8456              ;FREEDOS EQU #358	;ver. 1.12, ver. 1.10,here we place the patch
 952  8456              FREE2   EQU #1B7A	;routine that will be repaired
 953  8456
 954  8456 C3 55 00     FREE_JP JP #55		;to be placed on #1B7A(FREE2)
 955  8459              ;FR2
 956  8459              ;	PHASE FREEDOS	;ver. 1.12
 957  8459 23           FRE2 INC HL		;to be placed at free space on #1CFB
 958  845A F5                   PUSH AF
 959  845B 7C                   LD A,H
 960  845C FE 34                CP #34
 961  845E 30 06                JR NC,YES
 962  8460 F1                   POP AF
 963  8461 A3                   AND E
 964  8462 3C                   INC A
 965  8463 C3 7D 1B             JP #1B7D
 966  8466 F1           YES     POP AF
 967  8467 C3 7F 1B             JP #1B7F
 968  846A              FREE_SPEND
 969  846A              FREE_SPLEN=FREE_SPEND-FRE2
 970  846A              ;	DEPHASE		;ver. 1.12
 971  846A              PATCHEND		;end ver. 1.09
 972  846A
 973  846A              ;------------------------------
 974  846A              ;------------------------------
 975  846A
 976  846A              ;adresa 144 v dos_bnk
 977  846A
 978  846A
 979  846A              SEM
 980  846A              		DISP	144
 981  0090              ;;		DISP	SEM
 982  0090              ;;		put	SEM
 983  0090
 984  0090
 985  0090              ADR144D
 986  0090 E5           		push	hl
 987  0091 21 FF 00     		ld	hl,255
 988  0094 77           		ld	(hl),a
 989  0095 2B           		dec	hl
 990  0096 E3           		ex	(sp),hl
 991  0097
 992  0097 FE 0C        		cp	12
 993  0099              ;		jr	z,PRYC
 994  0099 38 04        		jr	c,SKIP1
 995  009B FE 0F        		cp	15
 996  009D 38 3E        		jr	c,SLUZ1214
 997  009F              SKIP1
 998  009F FE 12        		cp 18		;ver. 1.16, WRENA probehne pouze pokud byla predtim volana sluzba AKTIVE, vraci v a=0 pokud probehne, pokud ne, vraci 18
 999  00A1 28 08        		jr z,ACT	;end 1.16
1000  00A3
1001  00A3 FE 10        		cp	16
1002  00A5 28 2B        		jr	z,SETMLT
1003  00A7 FE 0F        		cp	15
1004  00A9 D0           		ret	nc
1005  00AA B7           		or	a
1006  00AB C9           ACT		ret
1007  00AC
1008  00AC 33           		inc	sp
1009  00AD 33           		inc	sp
1010  00AE              AAA
1011  00AE 28 0A        		jr	z,RDWRSEC
1012  00B0 FE 04        		cp	4
1013  00B2 DA 19 1D     		jp	c,LOOP12
1014  00B5 FE 06        		cp	6
1015  00B7 C3 0C 1D     		jp	adr144_cont	;ver 1.16, skok na #1DOC, zbytek rutiny umistujeme za patch volneho mista v dosu
1016  00BA              ;	cp 8		;ver. 1.11- pri volani cteni a zapisu stopy se vrat s chybou
1017  00BA              ;	ld a,#80
1018  00BA              ;	jr c,LO11
1019  00BA              ;LOOP12   cp   7
1020  00BA              ;         jr   z,RDWRSEC
1021  00BA              ;         xor  a
1022  00BA              ;LOOP12	xor a
1023  00BA              ;LO11      ret		;end 1.11
1024  00BA
1025  00BA
1026  00BA E5           RDWRSEC		push	hl
1027  00BB D5           		push	de
1028  00BC 47           		ld	b,a
1029  00BD ED 73 C8 00  		ld	(SP_ST+1),sp
1030  00C1 31 80 00     		ld	sp,128		;!!!
1031  00C4 CD 1B 00     		call	27		;rutina v im2 by radeji nemela strankovat rom...
1032  00C7 31 00 00     SP_ST		ld	sp,0		;im1 fpohode, nmi nevim
1033  00CA C5           		push	bc
1034  00CB CD D1 00     RUT		call	NIC
1035  00CE F1           		pop	af
1036  00CF D1           		pop	de
1037  00D0 E1           		pop	hl
1038  00D1 C9           NIC		ret
1039  00D2
1040  00D2
1041  00D2 7C           SETMLT		ld	a,h
1042  00D3 B5           		or	l
1043  00D4 20 03        		jr	nz,LOOP14
1044  00D6 21 D1 00     		ld	hl,NIC
1045  00D9 22 CC 00     LOOP14		ld	(RUT+1),hl
1046  00DC C9           		ret
1047  00DD
1048  00DD
1049  00DD              SLUZ1214
1050  00DD D5           		push	de
1051  00DE E5           		push	hl
1052  00DF 47           		ld	b,a
1053  00E0 ED 73 C8 00  		ld	(SP_ST+1),sp
1054  00E4 31 80 00     		ld	sp,128
1055  00E7 CD 1B 00     		call	27
1056  00EA ED 7B C8 00  		ld	sp,(SP_ST+1)
1057  00EE 78           		ld	a,b
1058  00EF E1           		pop	hl
1059  00F0 B7           		or	a
1060  00F1 20 03        		jr	nz,NO_NFO
1061  00F3 33           		inc	sp
1062  00F4 33           		inc	sp
1063  00F5 D5           		push	de
1064  00F6              NO_NFO
1065  00F6 D1           		pop	de
1066  00F7 FE FF        		cp	255
1067  00F9 C8           		ret	z
1068  00FA              ;nz=hned se vrat
1069  00FA              ;z=predej dal
1070  00FA              PRYC
1071  00FA 33           		inc	sp
1072  00FB 33           		inc	sp
1073  00FC C9           		ret
1074  00FD
1075  00FD              ;         nop		;oba nopy vyhodit, zvetsila se nam rutina AAA
1076  00FD 00                    nop		;ver 1.18
1077  00FE
1078  00FE              A1_254
1079  00FE 3E 55        		ld	a,85
1080  0100              ;tady je uz adresa 256
1081  0100
1082  0100
1083  0100              ;------------------------------
1084  0100              ; HDD banka
1085  0100              ;------------------------------
1086  0100              					ent
1087  84DA
1088  84DA
1089  84DA              SEM1     	;equ	$-ADR144D+SEM
1090  84DA              		disp	144
1091  0090              ;;		DISP	SEM1
1092  0090              ;;		put	SEM1
1093  0090
1094  0090              ;adresa 144 v hdd_bnk
1095  0090
1096  0090              ;tabulku musime presouvat jinam, protoze leze do kodu PITa
1097  0090 ~            /*
1098  0090 ~            KKK
1099  0090 ~            		jp	PRESKOC
1100  0090 ~
1101  0090 ~            TAB		equ	$-KKK+SEM1
1102  0090 ~            TAB_DRV
1103  0090 ~            		block	VDTLEN
1104  0090 ~            */
1105  0090              ;; obsluha sluzeb bsdosu
1106  0090              PRESKOC
1107  0090 E5           		push	hl
1108  0091 21 B5 00     		ld	hl,RET
1109  0094 E3           		ex	(sp),hl
1110  0095
1111  0095 78           		ld	a,b
1112  0096
1113  0096 FE 0C        		cp	12
1114  0098 28 35        		jr	z,AKTIVE1
1115  009A FE 0D        		cp	13
1116  009C 28 27        		jr	z,PASIVE1
1117  009E FE 0E        		cp	14
1118  00A0 28 17        		jr	z,INFO1
1119  00A2
1120  00A2 FE 04        		cp	4
1121  00A4              ; zmena, nyni se skace pouze na rutiny LBA
1122  00A4              ;SET_RDM
1123  00A4 CA 8E 01     		jp	z,RD_SEC2
1124  00A7 FE 05        		cp	5
1125  00A9              ; zmena, nyni se skace pouze na rutiny LBA
1126  00A9
1127  00A9              ;SET_WRM1
1128  00A9 CA C5 01     		jp	z,WR_SEC2
1129  00AC              ;        cp   7			;ver. 1.11
1130  00AC              ;        jp   z,WR_TRK		;end 1.11
1131  00AC FE 12        	cp 18			;ver 1.16
1132  00AE 28 73        	jr z,WRENA		;end 1.16
1133  00B0 B7           	or a		;ver 1.18
1134  00B1 28 78        	jr z,bios_reset
1135  00B3 AF                    xor  a
1136  00B4
1137  00B4 C9                    ret
1138  00B5
1139  00B5
1140  00B5              RET
1141  00B5 47           		ld	b,a
1142  00B6 C3 1B 00     		jp	27
1143  00B9
1144  00B9
1145  00B9              ;---------
1146  00B9
1147  00B9 7B           INFO1		ld	a,e
1148  00BA CD 5B 02     		call	TST_DRV
1149  00BD 3E FF        		ld	a,255
1150  00BF C8           		ret	z
1151  00C0 11 09 FF      	        ld de,#FF09	        ;ver. 1.08, vracime v D pocet stop a v E do bitu 3 davame BS-DOSu info, ze se jedna o IDE zarizeni
1152  00C3              ;      		ld   de,128*256+3	;end 1.08, puv. hodnota ve verzi 1.05
1153  00C3 AF           		xor	a
1154  00C4 C9           		ret
1155  00C5
1156  00C5              ;---------
1157  00C5
1158  00C5 3E C9        PASIVE1		ld	a,201
1159  00C7 21 AB 00     		ld	hl,ACT
1160  00CA 47           		ld	b,a
1161  00CB D7           		rst	16
1162  00CC 3E FF        		ld	a,255
1163  00CE C9           		ret
1164  00CF
1165  00CF              ;---------
1166  00CF
1167  00CF CD C5 00     AKTIVE1		call	PASIVE1
1168  00D2 7B           		ld	a,e
1169  00D3 32 E5 00     		ld (curd+1),a		;ver 1.16, end 1.16
1170  00D6
1171  00D6 CD 5B 02     		call	TST_DRV
1172  00D9 3E FF        		ld	a,255
1173  00DB C8           		ret	z
1174  00DC AF           		xor	a
1175  00DD 21 AB 00     		ld	hl,ACT
1176  00E0 47           		ld	b,a
1177  00E1 D7           		rst	16
1178  00E2              ;sem umistit vycteni boot sektoru	;ver 1.14
1179  00E2              ;	ld hl,rd512_1			;pro tento ucel treba patchnout rutinu RD512, aby nacitala sektor boot do stranky EH, nasledujici pouky pouzit tehdy, kdyz potrebuju cist do stranky EH
1180  00E2              ;	ld a,#ed
1181  00E2              ;	ld (hl),a
1182  00E2              ;	inc hl
1183  00E2              ;	ld a,#41
1184  00E2              ;	ld (hl),a
1185  00E2              ;	ld hl,mbbootsec		;adresa kam vycist boot sektor
1186  00E2
1187  00E2 3E 00        lastd	ld a,0			;ver 1.16, tady je cislo disku, se kterym se naposledy pracovalo. Pokud je AKTIVE volan se stale jednim a tim samym diskem, pak se nebude dit vycitani boot sektoru na #3800. Je to proto, protoze bsdos si na #3800 kesuje napr. DIRs sektor, a pocita s tim, ze disk nebyl vymenen a ze ten DIRs sektor na #3800 stale ma. No a pokud mu ho pokazde premazeme boot sektorem, tak pri SEARCH vyhodi chybu.
1188  00E4 1E 55        curd	ld e,#55		;je porovnavan posledni disk a soucasny disk. Pokud pracujeme s diskem poprve, vykonej sluzbu komplet (tzn. vycti boot sektor na #3800 a vycti z nej oba udaje) a zapamatuj si cislo disku. Pokud pracujeme s diskem, se kterym jsme uz pracovali, nic nedelej a vrat se s a=2.
1189  00E6 BB           	cp e
1190  00E7 7B           	ld a,e
1191  00E8 28 36        	jr z,akret
1192  00EA 32 E3 00     	ld (lastd+1),a		;end 1.16
1193  00ED
1194  00ED 3E C9        	ld a,#C9
1195  00EF 32 B3 01     	ld (rds2),a		;v RD_SEC2 nebudeme nic menit, jde jen o nacteni bootu
1196  00F2 21 00 38     	ld hl,#3800		;ctu do bufferu pro jeden sektor v bsdosu
1197  00F5 11 01 00     	ld de,1			;boot sektor
1198  00F8 CD 8E 01     	call RD_SEC2
1199  00FB              ;	ld a,(mbbootsec+6)
1200  00FB F5           	push af
1201  00FC 3E C0        	ld a,#C0		;nastav RD_SEC2 aby pri nacteni boot sektoru na jakoukoliv adresu opravila bit write protectu, aby bsdos umel s timto diskem pracovat a nehazel chybu
1202  00FE 32 B3 01     	ld (rds2),a		;end 1.15
1203  0101 F1           	pop af
1204  0102 B7           	or a
1205  0103 3E 01        	ld a,1
1206  0105 C0           	ret nz			;vrat se ze sluzby AKTIVE s priznakem DISK NOT READY, pokud pri cteni sektoru nastala jakakoliv chyba
1207  0106 21 06 38     	ld hl,#3806		;vyctu pocet sektoru z boot sektoru z dosu
1208  0109 CD 2B 00     	call 43
1209  010C 78           	ld a,b
1210  010D 32 52 01     	ld (sctrk+1),a
1211  0110
1212  0110 21 0A 38     	ld hl,#380A		;ver 1.15, vyctu info o writeprotectu. 7.bit=0= zapis povolen, 1= zapis zakazan
1213  0113 CD 2B 00     	call 43
1214  0116 CB 78        	bit 7,b
1215  0118 3E 40        	ld a,%01000000		;ver 1.18, rovnou nastavime status WP pro BSDOS
1216  011A 20 01        	jr nz,ak1
1217  011C AF           	xor a			;nastavime WP interne pro EH
1218  011D              ;ak1	ld (TAB_DRV+4),a
1219  011D              ;	ld (TAB_DRV+4+(VDTLEN/2)),a
1220  011D 32 C6 01     ak1	ld (WR_PROT+1),a
1221  0120              ;	ld hl,rd512_1		;vrat puvodni hodnoty
1222  0120              ;	ld a,#cd
1223  0120              ;	ld (hl),a
1224  0120              ;	inc hl
1225  0120              ;	ld a,#21
1226  0120              ;	ld (hl),a	;end ver 1.14
1227  0120 3E 02        akret	ld   a,2
1228  0122 C9                    ret
1229  0123
1230  0123              ;--------------------
1231  0123
1232  0123 AF           WRENA xor a			;ver 1.16, sluzba WRENA nastavi interne EH na prepis boot sektoru, i kdyz ma na offsetu #A, zakazany zapis, slouzi pro vypnuti write protectu
1233  0124 32 C6 01     	ld (WR_PROT+1),a
1234  0127 32 E3 00     	ld (lastd+1),a
1235  012A C9           	ret			;end 1.16
1236  012B              ;------------------------------
1237  012B
1238  012B              bios_reset		;ver 1.18
1239  012B 21 22 02     	ld hl,#222
1240  012E CD 2B 00     	call 43
1241  0131 48           	ld c,b
1242  0132 2B           	dec hl
1243  0133 CD 2B 00     	call 43
1244  0136 3A C6 01     	ld a,(WR_PROT+1)	;v A nam sluzba AKTIVE primo nastavuje hotovy status pro BSDOS
1245  0139 C9           	ret		;end ver 1.18
1246  013A              ;------------------------------
1247  013A
1248  013A
1249  013A
1250  013A              ;------------------------------
1251  013A              ;vypocita log.cislo sektoru
1252  013A              ;z udaju pro disketu
1253  013A              ;hl se nezmeni, udaj je vlozen
1254  013A              ;primo do rutiny prepoc
1255  013A              ;SECT_NUM
1256  013A              ;
1257  013A              ;         push hl
1258  013A              ;         ld   l,d
1259  013A              ;         ld   h,0
1260  013A              ;         add  hl,hl
1261  013A              ;         add  hl,hl
1262  013A              ;         add  hl,hl
1263  013A              ;         add  hl,hl
1264  013A              ;*16
1265  013A              ;         ld   a,e
1266  013A              ;         dec  a
1267  013A              ;         and  %00000111
1268  013A              ;         bit  7,e
1269  013A              ;         jr   z,RDS1
1270  013A              ;         or   %00001000
1271  013A              ;RDS1
1272  013A              ;         or   l
1273  013A              ;         ld   l,a
1274  013A
1275  013A              ;hl = log. cislo sectoru
1276  013A              ;     pocita se od 0
1277  013A
1278  013A              ;ver 1.07, radne pocitani cisla sektoru, napsal Busy
1279  013A              SECT_NUM           ;Vstup: DE = fyzicke cislo sektora z BSDOSu
1280  013A E5                   push hl
1281  013B 21 06 23             ld hl,#2306
1282  013E CD 2B 00             call 43       ;skok na rutinu vycti
1283  0141 78                   ld a,b
1284  0142 32 52 01             ld (sctrk+1),a
1285  0145 AF                   xor a
1286  0146 47                   ld b,a
1287  0147 4A                   ld c,d
1288  0148 68                   ld l,b
1289  0149 60                   ld h,b
1290  014A 50                   ld d,b
1291  014B 7B                   ld a,e
1292  014C 83                   add a,e
1293  014D CB 11                rl c
1294  014F CB 10                rl b         ;BC=2*stopa+strana
1295  0151 3E 55        sctrk ld a,#55 ;A=sectrk
1296  0153 09           nasob   add hl,bc
1297  0154 3D                   dec a
1298  0155 20 FC                jr nz,nasob  ;hl=sectrk*(2*stopa+strana)
1299  0157 CB BB                res 7,e
1300  0159 1D                   dec e        ;e=sektor-1
1301  015A 19                   add hl,de    ;hl=sectrk*(2*stopa+strana)+(sektor-1)
1302  015B 29                   add hl,hl    ;hl=2*(sectrk*(2*stopa+strana)+(sektor-1))	;end 1.07
1303  015C
1304  015C              ;jeste se vynasobi dvema
1305  015C              ;harddisk ma sektor 512 bajtu
1306  015C              ;musime precist dva sektory
1307  015C
1308  015C 22 69 01     		ld	(PREPOC+1),hl
1309  015F 7C           		ld	a,h
1310  0160 E1           		pop	hl
1311  0161 E6 F0        		and	%11110000
1312  0163 C8           		ret	z
1313  0164
1314  0164 3E 10        		ld	a,%00010000
1315  0166 B7           		or	a
1316  0167 C9           		ret
1317  0168              ;seek error (zapis za hranici)
1318  0168              ;------------------------------
1319  0168
1320  0168              ;;;;;;;;;;;;;;;;;;;;;;;;;;;;;;;
1321  0168              ;pricte sector vyzadovany bsdosem k prvnimu LBA sectoru dane disk. jednotku
1322  0168              ;;;;;;;;;;;;;;;;;;;;;;;;;;;;;;;
1323  0168              PREP_LBA
1324  0168 21 00 00     PREPOC		ld	hl,0
1325  016B 11 00 00     LOW24		ld	de,0
1326  016E 19           		add	hl,de
1327  016F 11 00 00     HIG24		ld	de,0
1328  0172 30 01        		jr	nc,PREP2
1329  0174 13           		inc	de
1330  0175              ;b - hlavicka 219
1331  0175              ;c - sektor 207
1332  0175              ;de - cyl  e - 211, d -215
1333  0175              PREP2
1334  0175 EB           		ex	de,hl
1335  0176              ; vystup pro ATA rutiny:
1336  0176              ; HL = horni 16 bitu LBA, DE = dolni 16 bitu LBA
1337  0176 C9           		ret
1338  0177
1339  0177              ; fyzicke cteni sectoru
1340  0177              READ1				;cteni jednoho 1024B sektoru BSDOSu z CF
1341  0177              ; vstup: IX=buffer, HL=horni 16 bitu LBA, DE=dolni 16 bitu LBA
1342  0177 C3 00 0F     	jp	@CFroutines.READ1
1343  017A
1344  017A
1345  017A ~            /*
1346  017A ~            READ1
1347  017A ~            		call	TST_BSY
1348  017A ~            		jp	nz,ERROR
1349  017A ~            		ld	a,b
1350  017A ~            ; nyni je navrdo LBA nastavuje se v rut. TST_DRV
1351  017A ~            HEA_RD1		or	%11100000
1352  017A ~            		out	(P_HEA),a
1353  017A ~            ;cislo hlavicky
1354  017A ~
1355  017A ~            		ld	a,2
1356  017A ~            		out	(P_HSE),a
1357  017A ~            ;pocet sektoru
1358  017A ~
1359  017A ~            		ld	a,c
1360  017A ~            		out	(P_NSE),a
1361  017A ~            ;cislo sektoru od 1
1362  017A ~
1363  017A ~            		ld	a,e
1364  017A ~            		out	(P_CYL),a
1365  017A ~            		ld	a,d
1366  017A ~            		out	(P_CYH),a
1367  017A ~            ;cislo cylindru
1368  017A ~
1369  017A ~            		ld	a,#20
1370  017A ~            ;		ld	a,#21		;LMN - #21 obsolete command
1371  017A ~            		out	(P_COM),a
1372  017A ~            ;read with retries
1373  017A ~
1374  017A ~            		call	TST_BSY
1375  017A ~            		jr	nz,ERROR
1376  017A ~
1377  017A ~            		call	RD_512
1378  017A ~
1379  017A ~            		call	TST_ERR
1380  017A ~            		jr	nz,ERROR
1381  017A ~
1382  017A ~            		call	TST_BSY
1383  017A ~            		jr	nz,ERROR
1384  017A ~
1385  017A ~            		call	RD_512
1386  017A ~
1387  017A ~            		call	TST_ERR
1388  017A ~            		jr	nz,ERROR
1389  017A ~
1390  017A ~            		xor	a
1391  017A ~            		ret
1392  017A ~            */
1393  017A              ;------------------------------
1394  017A              ; fyzicky zapis sectoru
1395  017A              WRITE1
1396  017A              ; vstup: IX=buffer, HL=horni 16 bitu LBA, DE=dolni 16 bitu LBA
1397  017A C3 35 0F     	jp	@CFroutines.WRITE1
1398  017D
1399  017D
1400  017D ~            /*
1401  017D ~            WRITE1
1402  017D ~
1403  017D ~            		call	TST_BSY
1404  017D ~            		jr	nz,ERROR
1405  017D ~
1406  017D ~            		ld	a,b
1407  017D ~            ; nyni je navrdo LBA nastavuje se v rut. TST_DRV
1408  017D ~            HEA_WR1		or	%11100000
1409  017D ~            		out	(P_HEA),a
1410  017D ~            ;hlavicka
1411  017D ~
1412  017D ~            		ld	a,2
1413  017D ~            		out	(P_HSE),a
1414  017D ~            ;pocet sektoru
1415  017D ~            		ld	a,c
1416  017D ~            		out	(P_NSE),a
1417  017D ~            ;cislo sektoru od 1
1418  017D ~            		ld	a,e
1419  017D ~            		out	(P_CYL),a
1420  017D ~            		ld	a,d
1421  017D ~            		out	(P_CYH),a
1422  017D ~            ;cislo cylindru
1423  017D ~            		ld	a,#30
1424  017D ~            ;		ld	a,#31		;LMN - #31 obsolete command
1425  017D ~            		out	(P_COM),a
1426  017D ~            ;write with retries
1427  017D ~
1428  017D ~            		call	TST_BSY
1429  017D ~            		jr	nz,ERROR
1430  017D ~
1431  017D ~            		call	WR_512
1432  017D ~
1433  017D ~            		call	TST_BSY
1434  017D ~            		jr	nz,ERROR
1435  017D ~            		call	TST_ERR
1436  017D ~            		jr	nz,ERROR
1437  017D ~
1438  017D ~            		call	WR_512
1439  017D ~
1440  017D ~            		call	TST_BSY
1441  017D ~            		jr	nz,ERROR
1442  017D ~            		call	TST_ERR
1443  017D ~            		jr	nz,ERROR
1444  017D ~
1445  017D ~
1446  017D ~            		xor	a
1447  017D ~            		ret
1448  017D ~            */
1449  017D              ;------------------------------
1450  017D              ; fyzicky zapis tracku		;ver 1.11- vyhozen pryc, v praci s hdd netreba
1451  017D              ;
1452  017D              ;WR_TRK
1453  017D              ;		ld	a,e
1454  017D              ;		and	128
1455  017D              ;		ld	e,a
1456  017D              ;		xor	a
1457  017D              ;WTRK1
1458  017D              ;		inc	e
1459  017D              ;		push	de
1460  017D              ;		push	hl
1461  017D              ;		push	af
1462  017D              ; zmena, nyni se skace pouze na rutiny LBA
1463  017D              ;SET_WRM2
1464  017D              ;		call	WR_SEC2
1465  017D              ;		pop	af
1466  017D              ;		pop	hl
1467  017D              ;		ld	de,1024
1468  017D              ;		add	hl,de
1469  017D              ;		pop	de
1470  017D              ;		inc	a
1471  017D              ;		cp	9
1472  017D              ;pocet sektoru -1
1473  017D              ;		jr	nz,WTRK1
1474  017D              ;
1475  017D              ;		ret		;end 1.11
1476  017D
1477  017D              ERROR
1478  017D FE FF        		cp	255
1479  017F 20 03        		jr	nz,ERR1
1480  0181 3E 01        		ld	a,1
1481  0183 C9           		ret
1482  0184              ERR1
1483  0184 E6 53        		and	%01010011
1484  0186 28 03        		jr	z,ERR2
1485  0188 3E 08        		ld	a,8
1486  018A C9           		ret
1487  018B              ERR2
1488  018B 3E 80        		ld	a,128
1489  018D C9           		ret
1490  018E
1491  018E              ;------------------------------
1492  018E              ;-------- LBA MODE 010 --------
1493  018E              ;------------------------------
1494  018E
1495  018E              RD_SEC2
1496  018E              ; prepocita log. cislo BSDOS diskety na log. cislo hdd
1497  018E 22 A9 01     	ld (rdadr+1),hl			;ver 1.15- opatreni write protectu, oprava a nahrada verzi 1.16
1498  0191 ED 53 AC 01  	ld (rds1+1),de
1499  0195
1500  0195 CD 3A 01     		call	SECT_NUM
1501  0198 C0           		ret	nz
1502  0199
1503  0199              ; pricte pozadovany pocet LBA sektoru
1504  0199              ; HL je adresa bufferu, proto ji dame rovnou do IX.
1505  0199              ; PREP_LBA pak vrati LBA primo jako HLDE pro ATA rutiny.
1506  0199 DD E5        		push	ix
1507  019B E5           		push	hl
1508  019C DD E1        		pop	ix
1509  019E CD 68 01     		call	PREP_LBA
1510  01A1              ; cte
1511  01A1 CD 77 01     		call	READ1
1512  01A4 DD E1        		pop	ix
1513  01A6 B7           	or a		;ver 1.17
1514  01A7 C0           	ret nz		;vrat se, doslo-li pri cteni k chybe
1515  01A8 21 55 55     rdadr	ld hl,#5555	;nove ver 1.16, oprava push/popu. V HL a DE budou adresa pameti a fyzicky sektor posledniho cteni.
1516  01AB 11 55 55     rds1	ld de,#5555
1517  01AE 1B           	dec de
1518  01AF 7A           	ld a,d
1519  01B0 B3           	or e
1520  01B1 3E 00        	ld a,0		;signalizace cteni bez chyby
1521  01B3 C0           rds2	ret nz		;ret nz=#C0, ret=#C9. Ver 1.17 default je #C0=RET NZ
1522  01B4 7C           	ld a,h		;ver 1.17
1523  01B5 FE 40        	cp #40
1524  01B7 30 0A        	jr nc,rds3	;nahravame do RAM>#4000, takze nic v boot sektoru menit nebudeme
1525  01B9              			;nahravame boot sektor do dosu, a tam menit info o WP budeme, end 1.17
1526  01B9 11 0A 00     	ld de,#A
1527  01BC 19           	add hl,de
1528  01BD CD 2B 00     	call 43
1529  01C0 CB B8        	res 7,b
1530  01C2 D7           	rst 16
1531  01C3 AF           rds3	xor a
1532  01C4
1533  01C4 C9           		ret
1534  01C5
1535  01C5              ;------------------------------
1536  01C5
1537  01C5              WR_SEC2
1538  01C5              ;		ld	a,(WR_PROT+1)
1539  01C5              ;zde se testoval write protect, musi se dodelat
1540  01C5 3E 00        WR_PROT 	ld	a,0
1541  01C7 B7           		or	a
1542  01C8 3E 40        		ld	a,%01000000 ; status pro Bsdos - writeprotect
1543  01CA C0           		ret	nz
1544  01CB
1545  01CB CD 3A 01     		call	SECT_NUM
1546  01CE C0           		ret	nz
1547  01CF
1548  01CF              ; HL je adresa bufferu -> IX, PREP_LBA vrati LBA primo jako HLDE
1549  01CF DD E5        		push	ix
1550  01D1 E5           		push	hl
1551  01D2 DD E1        		pop	ix
1552  01D4 CD 68 01     		call	PREP_LBA
1553  01D7
1554  01D7 CD 7A 01     		call	WRITE1
1555  01DA DD E1        		pop	ix
1556  01DC
1557  01DC C9           		ret
1558  01DD
1559  01DD
1560  01DD              ;------------------------------
1561  01DD              ;---- END OF LBA MODE 010 -----
1562  01DD              ;------------------------------
1563  01DD
1564  01DD              ;------------------------------
1565  01DD
1566  01DD              TST_BSY
1567  01DD E5           		push	hl
1568  01DE C5           		push	bc
1569  01DF 21 00 00     		ld	hl,0
1570  01E2
1571  01E2              TST1
1572  01E2 2B           		dec	hl
1573  01E3 7D           		ld	a,l
1574  01E4 B4           		or	h
1575  01E5 28 0D        		jr	z,TOUT1
1576  01E7 DB BF        P84		in	a,(P_COM)
1577  01E9 3C           		inc	a
1578  01EA 28 FB        		jr	z,P84
1579  01EC 3D           		dec	a
1580  01ED CB 7F        		bit	7,a
1581  01EF 20 F1        		jr	nz,TST1
1582  01F1 C1           		pop	bc
1583  01F2 E1           		pop	hl
1584  01F3 C9           		ret
1585  01F4              TOUT1
1586  01F4 3E FF        		ld	a,255
1587  01F6 B7           		or	a
1588  01F7 C1           		pop	bc
1589  01F8 E1           		pop	hl
1590  01F9 C9           		ret
1591  01FA
1592  01FA              ;------------------------------
1593  01FA
1594  01FA              TST_ERR
1595  01FA DB BF        P85		in	a,(P_COM)
1596  01FC 3C           		inc	a
1597  01FD 28 FB        		jr	z,P85
1598  01FF 3D           		dec	a
1599  0200 E6 01        		and	1
1600  0202 C8           		ret	z
1601  0203 DB A7        		in	a,(P_ERR)
1602  0205 C9           		ret
1603  0206
1604  0206              ;------------------------------
1605  0206
1606  0206              ;------------------------------
1607  0206
1608  0206
1609  0206              RD_512
1610  0206 22 29 02     		ld	(DMA_ADR1),hl
1611  0209 E5           		push	hl
1612  020A 21 1F 02     		ld	hl,DMA_IN
1613  020D              ;		ld	bc,14*256+DMA
1614  020D 01 0B 0F     		ld	bc,((DMA_INEND-DMA_IN)*256)+DMA
1615  0210 ED B3        		otir
1616  0212 3E 61        		ld	a,97
1617  0214 06 87        		ld	b,#87
1618  0216 CD 21 00     		call	OTIR
1619  0219              ; start DMA transfer
1620  0219 E1           		pop	hl
1621  021A 01 00 02     		ld	bc,512
1622  021D 09           		add	hl,bc
1623  021E C9           		ret
1624  021F
1625  021F C3           DMA_IN		db	195		;WR6-reset
1626  0220 7D           		db	%01111101	;WR0 A->B, transfer
1627  0221 C3 00        		dw	P_DAT		;source port
1628  0223 FF 01        		dw	511		;lenght
1629  0225
1630  0225              ;		db	%00101100	;WR1 A-port,A-fixed
1631  0225 6C           		db	%01101100	;WR1 A-port,A-fixed,variable cycle
1632  0226              ;		db	%11001110 	;2T no early cycle ends
1633  0226 CD           		db	%11001101 	;3T no early cycle ends
1634  0227
1635  0227 10           		db	%00010000	;WR2 B-memory, B-increment - standard cycle
1636  0228              ;		db	%01010000	;WR2 B-memory, B-increment,variable cycle
1637  0228              ;		db	%11001110	;2T no early cycle ends
1638  0228
1639  0228 AD           		db	%10101101	;WR4 continuous,
1640  0229 00 00        DMA_ADR1	dw	0		;destination
1641  022B 92           		db	%10010010	;WR5 ready low,CE/WAIT,stop on end of block
1642  022C CF           		db	#CF		;WR6 load
1643  022D B3           		db	#B3		;WR6 force ready
1644  022E              DMA_INEND
1645  022E              ;-------------
1646  022E
1647  022E              WR_512
1648  022E 22 54 02     		ld	(DMA_ADR2),hl
1649  0231 E5           		push	hl
1650  0232 21 49 02     		ld	hl,DMA_OUT
1651  0235 01 0B 12     		ld	bc,((DMA_OUTEND-DMA_OUT)*256)+DMA
1652  0238 3E 61        		ld	a,97
1653  023A ED B3        		otir
1654  023C 3E 61        		ld	a,97
1655  023E 06 87        		ld	b,#87
1656  0240 CD 21 00     		call	OTIR
1657  0243 E1           		pop	hl
1658  0244 01 00 02     		ld	bc,512
1659  0247 09           		add	hl,bc
1660  0248 C9           		ret
1661  0249              ; nova sekvence o pro DMAOUT kompatibilni s orig. Z80DMA
1662  0249              DMA_OUT
1663  0249 C3           		db	#C3		;WR6-reset
1664  024A 01           		db	%00000001	;WR0-Temporarily declare Port B as source in WR0 (bit 2 = 0)
1665  024B
1666  024B 14           		db	%00010100	;WR1-PA memory,increment, - standard cycle
1667  024C              ;		db	%01010100	;WR1-PA memory,increment,variable cycle
1668  024C              ;		db	%11001110	;2T no early cycle ends
1669  024C
1670  024C              ;		db	%00101000	;WR2-PB io, fixed,
1671  024C 68           		db	%01101000	;WR2-PB io, fixed, variable cycle
1672  024D              ;		db	%11001110	;2T no early cycle ends
1673  024D CD           	    db	%11001101 	;3T no early cycle ends
1674  024E
1675  024E 80           		db	%10000000	;WR3
1676  024F AD           		db	%10101101	;WR4-Write Port B (fixed destination) address to WR4.
1677  0250 C3 00        		dw	P_DAT
1678  0252 CF           		db	#CF		;WR6-load
1679  0253 7D           		db	%01111101	;WR0-transfer,portAtoB,block length
1680  0254 00 00        DMA_ADR2	dw	0
1681  0256 FF 01        		dw	511
1682  0258 92           		db	%10010010	;WR5-stop on end,/CE/WAIT,Ready low
1683  0259 CF           		db	#CF		;WR6-load
1684  025A B3           		db	#B3		;WR6-force ready
1685  025B              DMA_OUTEND
1686  025B
1687  025B              ;DMA_out	db	195
1688  025B              ; reset
1689  025B
1690  025B              ;		db	#C7
1691  025B              ; reset PA timing
1692  025B              ;		db	#CB
1693  025B              ; reset PB timing
1694  025B
1695  025B              ;		db	%01111101	;WR0 transfer,portA,block length
1696  025B              ;DMA_ADR2	dw	0
1697  025B              ;		dw	511
1698  025B              ; transfer,PA->PB
1699  025B              ; start adr
1700  025B              ; block length
1701  025B              ;		db	%00010100	;WR1
1702  025B              ; PA is memory,inc
1703  025B              ;		db	%00101000	;WR2
1704  025B              ; PB is IO,fixed
1705  025B
1706  025B              ;		db	%11000100
1707  025B              ; ?
1708  025B
1709  025B              ;		db	%10101101	;WR4
1710  025B              ;		dw	P_DAT
1711  025B              ; continuous
1712  025B              ; starting address
1713  025B              ;		db	%10010010	;WR5
1714  025B              ; stop on end,/CE/WAIT,Ready lo
1715  025B              ;		db	#CF		;WR6
1716  025B              ; load
1717  025B              ;		db	#B3
1718  025B              ; force ready
1719  025B
1720  025B              ;------------------------------
1721  025B
1722  025B              ; tady se musi podle cisla disk. jednotky (napr. @4) urcit master/slave a cislo LBA sectoru
1723  025B              ; 3-127 master
1724  025B              ; 131-255 slave
1725  025B              ; 0,1,2,128,129,130 ret z a mozna a=0 jako nepouzite jednotky
1726  025B              ;;uprava pro pouziti na MB03+ kde je jenom master, zato muzou byt jednotky 3-255
1727  025B              TST_DRV
1728  025B
1729  025B 57           		ld	d,a		;schovam a
1730  025C B7           		or	a		;disk 0 je neplatny, ostatni jsou ok
1731  025D              ;		inc	a
1732  025D              ;;		jr	z,slave		;@255 je OK a je slave
1733  025D              ;;		jr	master		;zatim natvrdo, pak vyresit, aby disky 0,1,2 fungovaly
1734  025D              ;;;		jr	z,master	;@255 je OK
1735  025D              ;;					and %01111111
1736  025D              ;;					jr z,master ;@127 je OK
1737  025D              ;;					and %01111100
1738  025D              ;;		and	%11111100
1739  025D              ;;		ret	z		;test jednotek 0,1,2,128,129,130 ret z
1740  025D C8           		ret	z		;; jednotky 0,1,2
1741  025E              ;;		bit	7,d		;test master/slave
1742  025E              ;;		jr	nz,slave
1743  025E
1744  025E
1745  025E ~            /*
1746  025E ~            ;master		ld	hl,TAB_DRV+1	;VDT tabulka
1747  025E ~            		ld	a,(hl)
1748  025E ~            		or	a
1749  025E ~            		ret	z		;master disk neexistuje, testuje se pocest sectoru disku uvedeneho v VDT
1750  025E ~            		push	hl		;VDT tabulka
1751  025E ~            */
1752  025E              ;		ld	a,%11100000
1753  025E              ;		ld	(HEA_RD1+1),a	;davame pryc zatim, pro SD verzi
1754  025E              ;		ld	(HEA_WR1+1),a	;nastaveni master	;davame pryc zatim, pro SD verzi
1755  025E
1756  025E              ;		ld a,(TAB_DRV+4)	;ver 1.16- zruseno, obsluha WP byla presunuta do rutiny AKTIVE
1757  025E              ;		ld (WR_PROT+1),a ; nastaveni WriteProtect, end 1.16
1758  025E
1759  025E 7A           		ld	a,d
1760  025F 3D           		dec	a		;snizime, abychom se dostali na spravny disk. Zaciname diskem 1.
1761  0260
1762  0260 11 00 00     		ld	de,0
1763  0263 21 00 10     		ld	hl,4096		;4096x512=delka jednoho MBD image
1764  0266 CD 7D 02     		call	MUL32x8
1765  0269              					;DEHL= vysledek
1766  0269 D9           		exx
1767  026A ~            /*
1768  026A ~            ;		ld	hl,VDT+1	;zatim to bereme z prvni partisny, vyresit
1769  026A ~            ;		inc	hl
1770  026A ~            		pop	hl
1771  026A ~            		ld	c,(hl)
1772  026A ~            		inc	hl
1773  026A ~            		ld	b,(hl)
1774  026A ~            		inc	hl
1775  026A ~            		ld	e,(hl)
1776  026A ~            		inc	hl
1777  026A ~            		ld	d,(hl)
1778  026A ~            		ld	l,c
1779  026A ~            		ld	h,b
1780  026A ~            */
1781  026A              current_1st_sector			;dulezite, tady je aktualne vybrana partisna/1 datovy sektor
1782  026A 21 55 55     		ld	hl,#5555	;nizsi LBA
1783  026D 11 55 55     		ld	de,#5555	;vyssi LBA
1784  0270
1785  0270 CD CD 02     		call	ADD32_32
1786  0273 22 6C 01     		ld	(LOW24+1),hl
1787  0276 ED 53 70 01  		ld	(HIG24+1),de
1788  027A AF           		xor	a		;set NZ
1789  027B 3C           		inc	a
1790  027C C9           		ret
1791  027D
1792  027D ~            /*piseme pro EasySD- pro 32 bajtove pocitani
1793  027D ~            ;		dec	a		;dulezite, temito dvema dec a snizujeme disky od 1
1794  027D ~            ;		dec	a
1795  027D ~            		dec	a		;odecteme 3 protoze HDD jednotky zacinaji az od 3
1796  027D ~            ; A je cislo jednotky uz od nuly napr. 1 (odpovida jednotce @4)
1797  027D ~
1798  027D ~            		ld	l,a
1799  027D ~            		ld	h,0
1800  027D ~            		ld	d,h
1801  027D ~            		add	hl,hl
1802  027D ~            		add	hl,hl
1803  027D ~            		add	hl,hl
1804  027D ~            		add	hl,hl
1805  027D ~            ; A je vynasobeno 16 a ulozeno do HL (16*256=4096 LBA sertoru= 2MB na jednotku)
1806  027D ~
1807  027D ~            		ld	a,(TAB_DRV+6)
1808  027D ~            		ld	e,a
1809  027D ~            ; vytahneme z VDT vyssi byte adresy prvniho sectoru prvni jednotky, mel by to byt zaroven prvni sector prvniho souboru na HDD
1810  027D ~
1811  027D ~            		add	hl,de
1812  027D ~            ; pricteme k L
1813  027D ~            		ld	a,(TAB_DRV+5)
1814  027D ~            		ld	e,a
1815  027D ~            ; vytahneme z VDT nizsi byte adresy
1816  027D ~
1817  027D ~            		ld	d,l
1818  027D ~            		ld	l,h
1819  027D ~            		ld	h,0
1820  027D ~            ; spravne usporadame pro LBA24 (registry lde)
1821  027D ~            		ld	(LOW24+1),de
1822  027D ~            		ld	(HIG24+1),hl
1823  027D ~
1824  027D ~            		ld	a,e
1825  027D ~            		or	d
1826  027D ~            		or	l
1827  027D ~            ; jeste test jestli lde<>0, je v podstate zbytecny, ale musi byt nz
1828  027D ~            		ret
1829  027D ~            */
1830  027D
1831  027D ~            /*
1832  027D ~            ;slave rusime, bude jen 1 karta, zatim
1833  027D ~            ; ted to same pro slave
1834  027D ~            slave		ld	hl,TAB_DRV+(VDTLEN/2)
1835  027D ~            		ld	a,(hl)
1836  027D ~            		or	a
1837  027D ~            		ret	z		;slave disk neexistuje
1838  027D ~
1839  027D ~            		ld	a,%11110000
1840  027D ~            ;;;		ld	(HEA_RD1+1),a	;davame pryc zatim, pro SD verzi
1841  027D ~            ;;;		ld	(HEA_WR1+1),a	;nastaveni slave	;davame pryc zatim, pro SD verzi
1842  027D ~
1843  027D ~            ;		ld a,(TAB_DRV+4+(VDTLEN/2))	;ver 1.16- zruseno, obsluha WP byla presunuta do rutiny AKTIVE
1844  027D ~            ;		ld (WR_PROT+1),a ; nastaveni WriteProtect, end 1.16
1845  027D ~
1846  027D ~            		res	7,d		;slave nutno zrusit bit 7
1847  027D ~            		ld	a,d
1848  027D ~            		dec	a
1849  027D ~            		dec	a
1850  027D ~            		dec	a		;odecteme 3 protoze HDD jednotky zacinaji az od 3
1851  027D ~            ; A je cislo jednotky uz od nuly napr. 1 (odpovida jednotce @4)
1852  027D ~
1853  027D ~            		ld	l,a
1854  027D ~            		ld	h,0
1855  027D ~            		ld	d,h
1856  027D ~            		add	hl,hl
1857  027D ~            		add	hl,hl
1858  027D ~            		add	hl,hl
1859  027D ~            		add	hl,hl
1860  027D ~            ; A je vynasobeno 16 a ulozeno do HL (16*256=4096 LBA sertoru= 2MB na jednotku)
1861  027D ~
1862  027D ~            		ld	a,(TAB_DRV+6+(VDTLEN/2))
1863  027D ~            		ld	e,a
1864  027D ~            ; vytahneme z VDT vyssi byte adresy prvniho sectoru prvni jednotky, mel by to byt zaroven prvni sector prvniho souboru na HDD
1865  027D ~
1866  027D ~            		add	hl,de
1867  027D ~            ; pricteme k L
1868  027D ~            		ld	a,(TAB_DRV+5+(VDTLEN/2))
1869  027D ~            		ld	e,a
1870  027D ~            ; vytahneme z VDT nizsi byte adresy
1871  027D ~
1872  027D ~            		ld	d,l
1873  027D ~            		ld	l,h
1874  027D ~            		ld	h,0
1875  027D ~            ; spravne usporadame pro LBA24 (registry lde)
1876  027D ~            		ld	(LOW24+1),de
1877  027D ~            		ld	(HIG24+1),hl
1878  027D ~
1879  027D ~            		ld	a,e
1880  027D ~            		or	d
1881  027D ~            		or	l
1882  027D ~            ; jeste test jestli lde<>0, je v podstate zbytecny, ale musi byt nz
1883  027D ~            		ret
1884  027D ~            konec ruseni slave*/
1885  027D
1886  027D              ;------------------------------------------------------------------------------
1887  027D              ; Matematicke rutiny - fyzicka kopie pro hlavni cast EasySD (MODULE MAIN)
1888  027D              ;------------------------------------------------------------------------------
1889  027D              MUL32x8:
1890  027D              	MATH_MUL32x8
1890  027D DD E5       >        push    ix
1890  027F             >
1890  027F 22 B4 02    >        ld      (.value),hl
1890  0282 ED 53 B6 02 >        ld      (.value+2),de
1890  0286             >
1890  0286 47          >        ld      b,a
1890  0287 DD 2E 08    >        ld      ixl,8
1890  028A             >
1890  028A 11 00 00    >        ld      de,0
1890  028D 21 00 00    >        ld      hl,0
1890  0290             >
1890  0290             >.loop:
1890  0290 29          >        add     hl,hl
1890  0291 CB 13       >        rl      e
1890  0293 CB 12       >        rl      d
1890  0295             >
1890  0295 CB 20       >        sla     b
1890  0297 30 14       >        jr      nc,.next
1890  0299             >
1890  0299 3A B4 02    >        ld      a,(.value)
1890  029C 85          >        add     a,l
1890  029D 6F          >        ld      l,a
1890  029E             >
1890  029E 3A B5 02    >        ld      a,(.value+1)
1890  02A1 8C          >        adc     a,h
1890  02A2 67          >        ld      h,a
1890  02A3             >
1890  02A3 3A B6 02    >        ld      a,(.value+2)
1890  02A6 8B          >        adc     a,e
1890  02A7 5F          >        ld      e,a
1890  02A8             >
1890  02A8 3A B7 02    >        ld      a,(.value+3)
1890  02AB 8A          >        adc     a,d
1890  02AC 57          >        ld      d,a
1890  02AD             >
1890  02AD             >.next:
1890  02AD DD 2D       >        dec     ixl
1890  02AF 20 DF       >        jr      nz,.loop
1890  02B1             >
1890  02B1 DD E1       >        pop     ix
1890  02B3 C9          >        ret
1890  02B4             >
1890  02B4             >.value:
1890  02B4 00 00 00 00 >        ds      4
1891  02B8
1892  02B8              ADD32_16:
1893  02B8              	MATH_ADD32_16
1893  02B8 09          >        add     hl,bc
1893  02B9 D0          >        ret     nc
1893  02BA             >
1893  02BA 13          >        inc     de
1893  02BB C9          >        ret
1894  02BC
1895  02BC              SUB32_8:
1896  02BC              	MATH_SUB32_8
1896  02BC 47          >        ld      b,a
1896  02BD             >
1896  02BD 7D          >        ld      a,l
1896  02BE 90          >        sub     b
1896  02BF 6F          >        ld      l,a
1896  02C0             >
1896  02C0 7C          >        ld      a,h
1896  02C1 DE 00       >        sbc     a,0
1896  02C3 67          >        ld      h,a
1896  02C4             >
1896  02C4 7B          >        ld      a,e
1896  02C5 DE 00       >        sbc     a,0
1896  02C7 5F          >        ld      e,a
1896  02C8             >
1896  02C8 7A          >        ld      a,d
1896  02C9 DE 00       >        sbc     a,0
1896  02CB 57          >        ld      d,a
1896  02CC             >
1896  02CC C9          >        ret
1897  02CD
1898  02CD              ADD32_32:
1899  02CD              	MATH_ADD32_32
1899  02CD D9          >        exx
1899  02CE             >
1899  02CE D5          >        push    de
1899  02CF E5          >        push    hl
1899  02D0             >
1899  02D0 D9          >        exx
1899  02D1             >
1899  02D1 C1          >        pop     bc
1899  02D2 09          >        add     hl,bc
1899  02D3             >
1899  02D3 C1          >        pop     bc
1899  02D4             >
1899  02D4 EB          >        ex      de,hl
1899  02D5 ED 4A       >        adc     hl,bc
1899  02D7 EB          >        ex      de,hl
1899  02D8 C9          >        ret
1900  02D9
1901  02D9              LEN_MAIN	equ	$-HDD_MAIN_START
1902  02D9              	ASSERT	HDD_MAIN_START+LEN_MAIN <= PIT_START
1903  02D9
1904  02D9              		ent
1905  8723
1906  8723              	endmodule	; MAIN
1907  8723
1908  8723
1909  8723              		disp	CF_ROUTINES_START
1910  0F00              	module	CFroutines
1911  0F00
1912  0F00              ; Cteni jednoho 1024B sektoru BSDOSu jako dva po sobe jdouci ATA sektory.
1913  0F00              ; Vstup: IX=buffer, HL=horni 16 bitu LBA, DE=dolni 16 bitu LBA.
1914  0F00              READ1
1915  0F00 CD DD 01     	call	@MAIN.TST_BSY
1916  0F03 C2 7D 01     	jp	nz,@MAIN.ERROR
1917  0F06 06 02        	ld	b,2
1918  0F08 CD 6A 0F     	call	ATA_SETUP_LBA
1919  0F0B C2 7D 01     	jp	nz,@MAIN.ERROR
1920  0F0E 3E 20        	ld	a,#20			;ATA READ SECTORS
1921  0F10 D3 BF        	out	(P_COM),a
1922  0F12
1923  0F12 CD 88 0F     	call	ATA_WAIT_DRQ
1924  0F15 C2 7D 01     	jp	nz,@MAIN.ERROR
1925  0F18 DD E5        	push	ix
1926  0F1A E1           	pop	hl
1927  0F1B CD 06 02     	call	@MAIN.RD_512
1928  0F1E
1929  0F1E CD 88 0F     	call	ATA_WAIT_DRQ
1930  0F21 C2 7D 01     	jp	nz,@MAIN.ERROR
1931  0F24 CD 06 02     	call	@MAIN.RD_512
1932  0F27
1933  0F27 CD DD 01     	call	@MAIN.TST_BSY
1934  0F2A C2 7D 01     	jp	nz,@MAIN.ERROR
1935  0F2D CD FA 01     	call	@MAIN.TST_ERR
1936  0F30 C2 7D 01     	jp	nz,@MAIN.ERROR
1937  0F33 AF           	xor	a
1938  0F34 C9           	ret
1939  0F35
1940  0F35              ; Zapis jednoho 1024B sektoru BSDOSu jako dva po sobe jdouci ATA sektory.
1941  0F35              ; Vstup: IX=buffer, HL=horni 16 bitu LBA, DE=dolni 16 bitu LBA.
1942  0F35              WRITE1
1943  0F35 CD DD 01     	call	@MAIN.TST_BSY
1944  0F38 C2 7D 01     	jp	nz,@MAIN.ERROR
1945  0F3B 06 02        	ld	b,2
1946  0F3D CD 6A 0F     	call	ATA_SETUP_LBA
1947  0F40 C2 7D 01     	jp	nz,@MAIN.ERROR
1948  0F43 3E 30        	ld	a,#30			;ATA WRITE SECTORS
1949  0F45 D3 BF        	out	(P_COM),a
1950  0F47
1951  0F47 CD 88 0F     	call	ATA_WAIT_DRQ
1952  0F4A C2 7D 01     	jp	nz,@MAIN.ERROR
1953  0F4D DD E5        	push	ix
1954  0F4F E1           	pop	hl
1955  0F50 CD 2E 02     	call	@MAIN.WR_512
1956  0F53
1957  0F53 CD 88 0F     	call	ATA_WAIT_DRQ
1958  0F56 C2 7D 01     	jp	nz,@MAIN.ERROR
1959  0F59 CD 2E 02     	call	@MAIN.WR_512
1960  0F5C
1961  0F5C CD DD 01     	call	@MAIN.TST_BSY
1962  0F5F C2 7D 01     	jp	nz,@MAIN.ERROR
1963  0F62 CD FA 01     	call	@MAIN.TST_ERR
1964  0F65 C2 7D 01     	jp	nz,@MAIN.ERROR
1965  0F68 AF           	xor	a
1966  0F69 C9           	ret
1967  0F6A
1968  0F6A              ; Nastavi ATA28 registry pro jedinou podporovanou CF kartu MASTER.
1969  0F6A              ; Vstup: HL=horni 16 bitu LBA, DE=dolni 16 bitu LBA, B=pocet 512B sektoru.
1970  0F6A              ; Vystup: Z=OK, NZ=LBA mimo 28bitovy rozsah.
1971  0F6A              ATA_SETUP_LBA
1972  0F6A 7C           	ld	a,h
1973  0F6B E6 F0        	and	#F0
1974  0F6D 20 15        	jr	nz,ATA_LBA_RANGE
1975  0F6F 7C           	ld	a,h
1976  0F70 E6 0F        	and	#0F
1977  0F72 F6 E0        	or	#E0			;MASTER + LBA mode
1978  0F74 D3 DB        	out	(P_HEA),a
1979  0F76 78           	ld	a,b
1980  0F77 D3 CB        	out	(P_HSE),a
1981  0F79 7B           	ld	a,e
1982  0F7A D3 AF        	out	(P_NSE),a		;LBA 7..0
1983  0F7C 7A           	ld	a,d
1984  0F7D D3 D3        	out	(P_CYL),a		;LBA 15..8
1985  0F7F 7D           	ld	a,l
1986  0F80 D3 B7        	out	(P_CYH),a		;LBA 23..16
1987  0F82 AF           	xor	a
1988  0F83 C9           	ret
1989  0F84
1990  0F84              ATA_LBA_RANGE
1991  0F84 3E 10        	ld	a,%00010000		;seek/range error pro prevod v MAIN.ERROR
1992  0F86 B7           	or	a
1993  0F87 C9           	ret
1994  0F88
1995  0F88              ; Ceka na DRQ a zaroven osetri timeout a ATA ERR.
1996  0F88              ; Vystup: Z=DRQ pripraven, NZ=kod chyby.
1997  0F88              ATA_WAIT_DRQ
1998  0F88 CD DD 01     	call	@MAIN.TST_BSY
1999  0F8B C0           	ret	nz
2000  0F8C CB 47        	bit	0,a
2001  0F8E 20 06        	jr	nz,ATA_STATUS_ERROR
2002  0F90 CB 5F        	bit	3,a
2003  0F92 28 08        	jr	z,ATA_DRQ_ERROR
2004  0F94 AF           	xor	a
2005  0F95 C9           	ret
2006  0F96
2007  0F96              ATA_STATUS_ERROR
2008  0F96 DB A7        	in	a,(P_ERR)
2009  0F98 B7           	or	a
2010  0F99 C0           	ret	nz
2011  0F9A 3C           	inc	a			;ERR byl nastaven, nevracej falesne Z
2012  0F9B C9           	ret
2013  0F9C
2014  0F9C              ATA_DRQ_ERROR
2015  0F9C 3E 08        	ld	a,8
2016  0F9E B7           	or	a
2017  0F9F C9           	ret
2018  0FA0
2019  0FA0              ; Pracovni 256B VDT pro BSDOS je zarovnana na nejblizsi dalsi xx00.
2020  0FA0              BSDOS_VDT	equ	($+#FF)&$FF00
2021  0FA0              	ASSERT	(BSDOS_VDT & #FF) == 0
2022  0FA0
2023  0FA0              	endmodule
2024  0FA0              LEN_CF		equ	$-CF_ROUTINES_START
2025  0FA0
2026  0FA0              	ent
2027  87C3
2028  87C3              ;LEN		equ	$-144			;posun kvuli PITovi
2029  87C3
2030  87C3              ; TAB/TAB_DRV zde zadne bajty negeneruji.
2031  87C3              ; Pracovni VDT je v HDD bance na CFroutines.BSDOS_VDT.
2032  87C3
2033  87C3              ;END1		equ	$-MAIN.KKK+MAIN.SEM1
2034  87C3              END1		equ	$-MAIN.PRESKOC+MAIN.SEM1
2035  87C3
2036  87C3              ;		ent
2037  87C3
2038  87C3              		include "GUI.a80"
# file opened: GUI.a80
   1+ 87C3              ;dokumentace k FAT- bomba
   2+ 87C3              ;https://elm-chan.org/docs/fat_e.html
   3+ 87C3
   4+ 87C3              ;		include	"nasobeniHLDE.a80"
   5+ 87C3              ;		include	"draw.a80"
   6+ 87C3              		include	"draw-jugo.a80"
# file opened: draw-jugo.a80
   1++87C3              ;rutina na kresleni cary. pochazi z nejakeho jugoslavskeho casaku
   2++87C3              ;BC-ODKUD DE-KAM NAKRESLI CARU
   3++87C3              ;POCATEK VLEVO NAHORE (0,0)
   4++87C3              	module draw_jugo
   5++87C3 7A           DRAW	LD   A,D
   6++87C4 FE C0        	CP   192
   7++87C6 D0           	RET  NC
   8++87C7 78           	LD   A,B
   9++87C8 FE C0        	CP   192
  10++87CA D0           	RET  NC
  11++87CB 3F           	CCF
  12++87CC 1F           	RRA
  13++87CD 37           	SCF
  14++87CE 1F           	RRA
  15++87CF A7           	AND  A
  16++87D0 1F           	RRA
  17++87D1 A8           	XOR  B
  18++87D2 E6 F8        	AND  248
  19++87D4 A8           	XOR  B
  20++87D5 67           	LD   H,A
  21++87D6 79           	LD   A,C
  22++87D7 07           	RLCA
  23++87D8 07           	RLCA
  24++87D9 07           	RLCA
  25++87DA 6F           	LD   L,A
  26++87DB E6 38        	AND  56
  27++87DD 2F           	CPL
  28++87DE 32 E3 87     	LD   (LAB+1),A
  29++87E1 AF           	XOR  A
  30++87E2 CB C7        LAB	SET  0,A
  31++87E4 08           	EX   AF,AF'
  32++87E5 7D           	LD   A,L
  33++87E6 A8           	XOR  B
  34++87E7 E6 C7        	AND  199
  35++87E9 A8           	XOR  B
  36++87EA 07           	RLCA
  37++87EB 07           	RLCA
  38++87EC 6F           	LD   L,A
  39++87ED 78           	LD   A,B
  40++87EE 92           	SUB  D
  41++87EF 06 00        	LD   B,0
  42++87F1 30 03        	JR   NC,N1
  43++87F3 ED 44        	NEG
  44++87F5 04           	INC  B
  45++87F6 57           N1	LD   D,A
  46++87F7 79           	LD   A,C
  47++87F8 93           	SUB  E
  48++87F9 0E 00        	LD   C,0
  49++87FB 30 03        	JR   NC,N2
  50++87FD ED 44        	NEG
  51++87FF 0C           	INC  C
  52++8800 5F           N2	LD   E,A
  53++8801 08           	EX   AF,AF'
  54++8802 F5           	PUSH AF
  55++8803 B6           	OR   (HL)
  56++8804 77           	LD   (HL),A
  57++8805 F1           	POP  AF
  58++8806 08           	EX   AF,AF'
  59++8807 B2           	OR   D
  60++8808 C8           	RET  Z
  61++8809 E5           	PUSH HL
  62++880A 7A           	LD   A,D
  63++880B BB           	CP   E
  64++880C 38 37        	JR   C,POX
  65++880E 21 69 88     	LD   HL,LEVO
  66++8811 CB 41        	BIT  0,C
  67++8813 28 03        	JR   Z,Y1
  68++8815 21 64 88     	LD   HL,DESNO
  69++8818 22 38 88     Y1	LD   (DIA+1),HL
  70++881B 21 81 88     	LD   HL,GORE
  71++881E CB 40        	BIT  0,B
  72++8820 28 03        	JR   Z,Y2
  73++8822 21 6E 88     	LD   HL,DOLE
  74++8825 22 3B 88     Y2	LD   (NAST+1),HL
  75++8828 4A           	LD   C,D
  76++8829 CB 39        N3	SRL  C
  77++882B DD 62        	LD   HX,D
  78++882D 08           	EX   AF,AF'
  79++882E 47           	LD   B,A
  80++882F E1           	POP  HL
  81++8830 79           LOOP	LD   A,C
  82++8831 93           	SUB  E
  83++8832 4F           	LD   C,A
  84++8833 30 05        	JR   NC,NAST
  85++8835 82           	ADD  A,D
  86++8836 4F           	LD   C,A
  87++8837 CD 00 00     DIA	CALL 0
  88++883A CD 00 00     NAST	CALL 0
  89++883D 78           	LD   A,B
  90++883E B6           	OR   (HL)
  91++883F 77           	LD   (HL),A
  92++8840 DD 25        	DEC  HX
  93++8842 20 EC        	JR   NZ,LOOP
  94++8844 C9           	RET
  95++8845 21 69 88     POX	LD   HL,LEVO
  96++8848 CB 41        	BIT  0,C
  97++884A 28 03        	JR   Z,X1
  98++884C 21 64 88     	LD   HL,DESNO
  99++884F 22 3B 88     X1	LD   (NAST+1),HL
 100++8852 21 81 88     	LD   HL,GORE
 101++8855 CB 40        	BIT  0,B
 102++8857 28 03        	JR   Z,X2
 103++8859 21 6E 88     	LD   HL,DOLE
 104++885C 22 38 88     X2	LD   (DIA+1),HL
 105++885F 4B           	LD   C,E
 106++8860 5A           	LD   E,D
 107++8861 51           	LD   D,C
 108++8862 18 C5        	JR   N3
 109++8864 CB 08        DESNO	RRC  B
 110++8866 D0           	RET  NC
 111++8867 23           	INC  HL
 112++8868 C9           	RET
 113++8869 CB 00        LEVO	RLC  B
 114++886B D0           	RET  NC
 115++886C 2B           	DEC  HL
 116++886D C9           	RET
 117++886E 24           DOLE	INC  H
 118++886F 7C           	LD   A,H
 119++8870 E6 07        	AND  7
 120++8872 C0           	RET  NZ
 121++8873 7C           	LD   A,H
 122++8874 D6 08        	SUB  8
 123++8876 67           	LD   H,A
 124++8877 7D           	LD   A,L
 125++8878 C6 20        	ADD  A,32
 126++887A 6F           	LD   L,A
 127++887B D0           	RET  NC
 128++887C 7C           	LD   A,H
 129++887D C6 08        	ADD  A,8
 130++887F 67           	LD   H,A
 131++8880 C9           	RET
 132++8881 25           GORE	DEC  H
 133++8882 7C           	LD   A,H
 134++8883 2F           	CPL
 135++8884 E6 07        	AND  7
 136++8886 C0           	RET  NZ
 137++8887 7C           	LD   A,H
 138++8888 C6 08        	ADD  A,8
 139++888A 67           	LD   H,A
 140++888B 7D           	LD   A,L
 141++888C D6 20        	SUB  32
 142++888E 6F           	LD   L,A
 143++888F D0           	RET  NC
 144++8890 7C           	LD   A,H
 145++8891 D6 08        	SUB  8
 146++8893 67           	LD   H,A
 147++8894 C9           	RET
 148++8895              	endmodule
 149++8895
# file closed: draw-jugo.a80
   7+ 8895              		include	"cls.a80"
# file opened: cls.a80
   1++8895              	module	cls
   2++8895 21 00 40     CLS	LD	HL,16384
   3++8898 11 01 40     	LD	DE,16385
   4++889B 01 FF 1A     	LD	BC,6911
   5++889E 75           	LD	(HL),L
   6++889F ED B0        	LDIR
   7++88A1 AF           	XOR	A
   8++88A2 D3 FE        	OUT	(254),A
   9++88A4 C9           	RET
  10++88A5              	endmodule
  11++88A5
# file closed: cls.a80
   8+ 88A5              ;		include	"sprite1.a80"
   9+ 88A5              CaroLogo	incbin	"CaroLogo.bin"
  10+ 8BDA              NewdimLogo	incbin	"NewdimLogo.bin"
  11+ 8CFC              		include	"sprite2.a80"
# file opened: sprite2.a80
   1++8CFC              ; zobrazi sprite dle cisla v A pozice a data spritu jsou v tabulce SP_TAB; priklad nakonci!!!
   2++8CFC              ; zobrazuje sprites z programu SpriteEdit typ 2
   3++8CFC              	module sprite2
   4++8CFC              SP_
   5++8CFC
   6++8CFC 21 D1 95     	ld   hl,@SP_TAB
   7++8CFF 87           	add  a,a
   8++8D00 87           	add  a,a
   9++8D01 16 00        	ld   d,0
  10++8D03 5F           	ld   e,a
  11++8D04 19           	add  hl,de
  12++8D05 5E           	ld   e,(hl)
  13++8D06 23           	inc  hl
  14++8D07 56           	ld   d,(hl)
  15++8D08 23           	inc  hl
  16++8D09 D5           	push de
  17++8D0A 5E           	ld   e,(hl)
  18++8D0B 23           	inc  hl
  19++8D0C 56           	ld   d,(hl)
  20++8D0D EB           	ex   de,hl
  21++8D0E D1           	pop de
  22++8D0F
  23++8D0F              ;------------------------------
  24++8D0F              OK
  25++8D0F 46           	ld b,(hl)
  26++8D10 23           	inc hl
  27++8D11 4E           	ld c,(hl)
  28++8D12 23           	inc hl
  29++8D13 7A           	ld   a,d
  30++8D14 0F           	rrca
  31++8D15 0F           	rrca
  32++8D16 0F           	rrca
  33++8D17 E6 E0        	and  %11100000
  34++8D19 83           	add  a,e
  35++8D1A 5F           	ld   e,a
  36++8D1B 7A           	ld   a,d
  37++8D1C E6 18        	and  24
  38++8D1E F6 40        	or   64
  39++8D20 57           	ld   d,a
  40++8D21
  41++8D21 D5           OK_SEM	push de
  42++8D22 C5           	push bc
  43++8D23 7A           	ld   a,d
  44++8D24 0F           	rrca
  45++8D25 0F           	rrca
  46++8D26 0F           	rrca
  47++8D27 E6 03        	and  3
  48++8D29 F6 58        	or   88
  49++8D2B 57           	ld   d,a
  50++8D2C
  51++8D2C              OK_RADE1 ;call DE_BAJT
  52++8D2C 7E           	ld a,(hl)
  53++8D2D 23           	inc hl
  54++8D2E
  55++8D2E 12           	ld   (de),a
  56++8D2F 1C           	inc  e
  57++8D30 0D           	dec  c
  58++8D31 20 F9        	jr   nz,OK_RADE1
  59++8D33 C1           	pop  bc
  60++8D34 D1           	pop  de
  61++8D35
  62++8D35              OK_DALSI
  63++8D35 D5           	push de
  64++8D36 C5           	push bc
  65++8D37              OK_RADEK ;call DE_BAJT
  66++8D37 7E           	ld a,(hl)
  67++8D38 23           	inc hl
  68++8D39
  69++8D39 12           	ld   (de),a
  70++8D3A 1C           	inc  e
  71++8D3B 0D           	dec  c
  72++8D3C 20 F9        	jr   nz,OK_RADEK
  73++8D3E C1           	pop  bc
  74++8D3F D1           	pop  de
  75++8D40 14           	inc  d
  76++8D41 7A           	ld   a,d
  77++8D42 E6 07        	and  7
  78++8D44 20 EF        	jr   nz,OK_DALSI
  79++8D46 3E 20        	ld   a,32
  80++8D48 83           	add  a,e
  81++8D49 5F           	ld   e,a
  82++8D4A 3F           	ccf
  83++8D4B 9F           	sbc  a,a
  84++8D4C E6 F8        	and  -8
  85++8D4E 82           	add  a,d
  86++8D4F 57           	ld   d,a
  87++8D50 10 CF        	djnz OK_SEM
  88++8D52 C9           	ret
  89++8D53
  90++8D53 ~            /*
  91++8D53 ~            SP_TAB	defw #0B00  ;kam zobrazit
  92++8D53 ~            	defw 32768 ;odkud
  93++8D53 ~            */
  94++8D53              	endmodule
  95++8D53
# file closed: sprite2.a80
  12+ 8D53              eightbc_i	incbin	"8BC_I.cde"
  13+ 8DC1
  14+ 8DC1              ; EasyCF logo, 6x2 znakove bunky (48x16 pixelu).
  15+ 8DC1              ; Prvni dve bunky tvori CF kartu, zbytek napis Easy/CF.
  16+ 8DC1              ; Format sprite2: vyska v bunkach, sirka v bajtech a pro kazdy
  17+ 8DC1              ; znakovy radek nejdriv atributy, potom osm bitmapovych scanline.
  18+ 8DC1              EasyCFLogo
  19+ 8DC1 02 06        	db	2,6
  20+ 8DC3
  21+ 8DC3              EasyCFLogoAttrs
  22+ 8DC3 38 38 44 44  	db	56,56,68,68,68,70
  22+ 8DC7 44 46
  23+ 8DC9 80 03 74 00  	db	%10000000,%00000011,%01110100,%00000000,%00000011,%00000000
  23+ 8DCD 03 00
  24+ 8DCF 3F F9 60 E3  	db	%00111111,%11111001,%01100000,%11100011,%01011011,%00000000
  24+ 8DD3 5B 00
  25+ 8DD5 61 0D 78 36  	db	%01100001,%00001101,%01111000,%00110110,%00011011,%00000000
  25+ 8DD9 1B 00
  26+ 8DDB 4E E5 60 F3  	db	%01001110,%11100101,%01100000,%11110011,%10001111,%00000000
  26+ 8DDF 8F 00
  27+ 8DE1 5F F5 61 B0  	db	%01011111,%11110101,%01100001,%10110000,%11000011,%00000000
  27+ 8DE5 C3 00
  28+ 8DE7 51 15 7E FB  	db	%01010001,%00010101,%01111110,%11111011,%11101111,%00000000
  28+ 8DEB EF 00
  29+ 8DED 57 75 00 00  	db	%01010111,%01110101,%00000000,%00000000,%00000000,%00000000
  29+ 8DF1 00 00
  30+ 8DF3 57 15 55 55  	db	%01010111,%00010101,%01010101,%01010101,%01010101,%00000000
  30+ 8DF7 55 00
  31+ 8DF9
  32+ 8DF9              EasyCFLogoAttrsRow2
  33+ 8DF9 38 38 0E 0E  	db	56,56,14,14,14,70
  33+ 8DFD 0E 46
  34+ 8DFF 57 75 00 00  	db	%01010111,%01110101,%00000000,%00000000,%00000000,%00000000
  34+ 8E03 00 00
  35+ 8E05 51 75 03 E7  	db	%01010001,%01110101,%00000011,%11100111,%11100000,%00000000
  35+ 8E09 E0 00
  36+ 8E0B 5F F5 07 37  	db	%01011111,%11110101,%00000111,%00110111,%00110000,%00000000
  36+ 8E0F 30 00
  37+ 8E11 6F ED 06 03  	db	%01101111,%11101101,%00000110,%00000011,%00000000,%00000000
  37+ 8E15 00 00
  38+ 8E17 7F FD 06 03  	db	%01111111,%11111101,%00000110,%00000011,%11100000,%00000000
  38+ 8E1B E0 00
  39+ 8E1D 55 55 07 37  	db	%01010101,%01010101,%00000111,%00110111,%00000000,%00000000
  39+ 8E21 00 00
  40+ 8E23 2A A9 03 E3  	db	%00101010,%10101001,%00000011,%11100011,%00000000,%00000000
  40+ 8E27 00 00
  41+ 8E29 80 03 00 00  	db	%10000000,%00000011,%00000000,%00000000,%00000000,%00000000
  41+ 8E2D 00 00
  42+ 8E2F              ;		include "lbaread.a80"	;vlozeno primo do kodu GUI
  43+ 8E2F              ;		include "sd_rw.asm"	;SD card init, read, write---dame to dozadu
  44+ 8E2F              zvuk		incbin	"ZVUK.BIN"
  45+ 95D1              zvukend
  46+ 95D1
  47+ 95D1              @SP_TAB
  48+ 95D1 0A 02        @TAB_sprite1	defb	10,2
  49+ 95D3 A5 88        		defw	CaroLogo
  50+ 95D5 18 14        		defb	24,20
  51+ 95D7 DA 8B        		defw	NewdimLogo
  52+ 95D9 00 15        		defb	0,21
  53+ 95DB 53 8D        		defw	eightbc_i
  54+ 95DD 01 02        		defb	1,2
  55+ 95DF 53 8D        		defw	eightbc_i
  56+ 95E1 19 02        		defb	25,2
  57+ 95E3 C1 8D        		defw	EasyCFLogo
  58+ 95E5
  59+ 95E5
  60+ 95E5              	module	GUI
  61+ 95E5
  62+ 95E5              zvukcmp equ	60000		;adresa zkopilovaneho zvuku
  63+ 95E5
  64+ 95E5 F3           gui	di
  65+ 95E6              ;	xor	a
  66+ 95E6              ;	out	(254),a
  67+ 95E6
  68+ 95E6              ;;	call	SD_INIT		;testing purposes, was working good
  69+ 95E6              ;;	jp	L3+6
  70+ 95E6
  71+ 95E6              ;splash screen
  72+ 95E6 3A 4E 80     	ld	a,(@showsplash)
  73+ 95E9 B7           	or	a
  74+ 95EA 28 3D        	jr	z,nosplash
  75+ 95EC
  76+ 95EC 21 2F 8E     	ld	hl,zvuk
  77+ 95EF 11 60 EA     	ld	de,zvukcmp
  78+ 95F2 01 A2 07     	ld	bc,zvukend-zvuk
  79+ 95F5 ED B0        	ldir
  80+ 95F7              ; presune zvuk na sve misto
  81+ 95F7
  82+ 95F7              ; init
  83+ 95F7 CD 95 88     	call	cls.CLS
  84+ 95FA
  85+ 95FA 3E 02        	ld	a,2
  86+ 95FC CD FC 8C     	call	sprite2.SP_
  87+ 95FF 3E 01        	ld	a,1
  88+ 9601 06 0A        	ld	b,10		;was 40
  89+ 9603 CD FA AE     	call	zvukplay
  90+ 9606
  91+ 9606 3E 01        	ld	a,1
  92+ 9608 CD FC 8C     	call	sprite2.SP_
  93+ 960B 3E 02        	ld	a,2
  94+ 960D 06 0A        	ld	b,10		;was 40
  95+ 960F CD FA AE     	call	zvukplay
  96+ 9612 AF           	xor	a
  97+ 9613 CD FC 8C     	call	sprite2.SP_
  98+ 9616
  99+ 9616              ;/*	ld	hl,22528+256+32
 100+ 9616              ;	ld	de,22529+256+32
 101+ 9616              ;	ld	bc,255-32
 102+ 9616              ;	ld	(hl),6
 103+ 9616              ;	ldir
 104+ 9616              ;*/
 105+ 9616 21 51 A0     	ld	hl,TEXT2
 106+ 9619 01 0D 0A     	ld	bc,#0a0d
 107+ 961C CD CA A4     	call	T42_TEXT
 108+ 961F 3E 03        	ld	a,3
 109+ 9621 06 64        	ld	b,100		;was 128
 110+ 9623 CD FA AE     	call	zvukplay
 111+ 9626 CD 99 EA     	call	zvukcmp+57	;ticho
 112+ 9629              ;	call	ANYKEY
 113+ 9629
 114+ 9629              nosplash
 115+ 9629 CD 95 88     	call	cls.CLS
 116+ 962C CD 93 A3     	call	T_START
 117+ 962F              ; vykresli tabulku
 118+ 962F 3E 03        	ld	a,3
 119+ 9631 CD FC 8C     	call	sprite2.SP_
 120+ 9634 3E 04        	ld	a,4
 121+ 9636 CD FC 8C     	call	sprite2.SP_
 122+ 9639
 123+ 9639              	; Barvy loga ze SCR: seda/bila CF karta, zelene Easy,
 124+ 9639              	; zlute CF na modrem podkladu.
 125+ 9639 21 C3 8D     	ld	hl,EasyCFLogoAttrs
 126+ 963C 11 59 58     	ld	de,#5859		; atributy: radek 2, sloupec 25
 127+ 963F 01 06 00     	ld	bc,6
 128+ 9642 ED B0        	ldir
 129+ 9644 21 F9 8D     	ld	hl,EasyCFLogoAttrsRow2
 130+ 9647 11 79 58     	ld	de,#5879		; atributy: radek 3, sloupec 25
 131+ 964A 01 06 00     	ld	bc,6
 132+ 964D ED B0        	ldir
 133+ 964F 21 3B A0     	ld	hl,TEXT1		;vrchni prostredni tabulka
 134+ 9652
 135+ 9652              	IFDEF	ELEMENT
 136+ 9652 01 0B 02     	ld	bc,#020b
 137+ 9655              	ELSE
 138+ 9655 ~            	ld	bc,#020C
 139+ 9655              	ENDIF
 140+ 9655
 141+ 9655 CD CA A4     	call	T42_TEXT
 142+ 9658 21 51 A0     	ld	hl,TEXT2
 143+ 965B 01 0D 03     	ld	bc,#030d
 144+ 965E CD CA A4     	call	T42_TEXT
 145+ 9661              ;carymary
 146+ 9661 01 3B 0E     	ld	bc,#0E3b
 147+ 9664 11 BF 0E     	ld	de,#0EBF
 148+ 9667 CD C3 87     	call	draw_jugo.DRAW
 149+ 966A 01 3B 21     	ld	bc,#213b
 150+ 966D 11 BF 21     	ld	de,#21BF
 151+ 9670 CD C3 87     	call	draw_jugo.DRAW
 152+ 9673 01 3A 0F     	ld	bc,#0F3a
 153+ 9676 11 3A 20     	ld	de,#203a
 154+ 9679 CD C3 87     	call	draw_jugo.DRAW
 155+ 967C 01 C0 0F     	ld	bc,#0FC0
 156+ 967F 11 C0 20     	ld	de,#20C0
 157+ 9682 CD C3 87     	call	draw_jugo.DRAW
 158+ 9685
 159+ 9685              ;MASTER IDENTIFY
 160+ 9685 21 64 A0     	ld	hl,TEXT3
 161+ 9688 01 02 05     	ld	bc,#0502
 162+ 968B CD CA A4     	call	T42_TEXT
 163+ 968E
 164+ 968E 21 B7 A0     	ld	hl,TEXT8
 165+ 9691 01 0D 05     	ld	bc,#050D
 166+ 9694 CD CA A4     	call	T42_TEXT	;piseme checking...
 167+ 9697
 168+ 9697 DD 21 FA AA  	ld	ix,BUFFER
 169+ 969B AF           	xor	a			;CF je vzdy MASTER
 170+ 969C CD EF A9     	call	IDENTIFY
 171+ 969F              ;	xor	a		;testovaci
 172+ 969F 21 42 A1     	ld	hl,TEXT16
 173+ 96A2 F5           	push	af
 174+ 96A3 28 22        	jr	z,TISKSTATUS1	;OK
 175+ 96A5 21 EF A0     	ld	hl,TEXT11
 176+ 96A8 FE FF        	cp	255
 177+ 96AA CA C7 96     	jp	z,TISKSTATUS1
 178+ 96AD 21 20 A1     	ld	hl,TEXT14
 179+ 96B0 FE 06        	cp	6
 180+ 96B2 CA C7 96     	jp	z,TISKSTATUS1
 181+ 96B5 21 0F A1     	ld	hl,TEXT13
 182+ 96B8 FE 03        	cp	3
 183+ 96BA CA C7 96     	jp	z,TISKSTATUS1
 184+ 96BD 21 FE A0     	ld	hl,TEXT12
 185+ 96C0 3D           	dec	a
 186+ 96C1 CA C7 96     	jp	z,TISKSTATUS1
 187+ 96C4 21 31 A1     	ld	hl,TEXT15
 188+ 96C7
 189+ 96C7              ;	jp	LER1
 190+ 96C7
 191+ 96C7              TISKSTATUS1
 192+ 96C7 01 0D 05     	ld	bc,#050D
 193+ 96CA CD CA A4     	call	T42_TEXT
 194+ 96CD
 195+ 96CD F1           	pop	af
 196+ 96CE 28 1C        	jr	z,MASTERINFO
 197+ 96D0
 198+ 96D0 26 00        	ld	h,0
 199+ 96D2 6F           	ld	l,a
 200+ 96D3 01 26 05     	ld	bc,#0526
 201+ 96D6 CD A1 A4     	call	NUMBER2
 202+ 96D9              ;pokud je General setting nastavena autoconfigurace, tak pri neuspesnem detekovani zarizeni se do CHS ulozi nuly a HDD pak nasledne nebude nainstalovan
 203+ 96D9 3A 4C 80     	ld	a,(@autoconfig)
 204+ 96DC B7           	or	a
 205+ 96DD 28 0A        	jr	z,nemenCHSm1
 206+ 96DF AF           	xor	a
 207+ 96E0 06 04        	ld	b,4
 208+ 96E2 21 00 B0     	ld	hl,VDT
 209+ 96E5              nulydoCHSm
 210+ 96E5 77           	ld	(hl),a
 211+ 96E6 23           	inc	hl
 212+ 96E7 10 FC        	djnz	nulydoCHSm
 213+ 96E9              nemenCHSm1
 214+ 96E9 C3 8D 9F     	jp	end_easy		;MASTER CF chybi nebo neodpovida; SLAVE se nepodporuje
 215+ 96EC
 216+ 96EC              MASTERINFO
 217+ 96EC 21 70 A0     	ld	hl,TEXT4
 218+ 96EF 01 02 06     	ld	bc,#0602
 219+ 96F2 CD CA A4     	call	T42_TEXT
 220+ 96F5 21 78 A0     	ld	hl,TEXT5
 221+ 96F8 01 02 07     	ld	bc,#0702
 222+ 96FB CD CA A4     	call	T42_TEXT
 223+ 96FE 21 83 A0     	ld	hl,TEXT6
 224+ 9701 01 02 08     	ld	bc,#0802
 225+ 9704 CD CA A4     	call	T42_TEXT
 226+ 9707 21 93 A0     	ld	hl,TEXT7
 227+ 970A 01 02 09     	ld	bc,#0902
 228+ 970D CD CA A4     	call	T42_TEXT
 229+ 9710 21 0A A2     	ld	hl,TEXT102
 230+ 9713 01 02 0A     	ld	bc,#0A02
 231+ 9716 CD CA A4     	call	T42_TEXT
 232+ 9719
 233+ 9719              	; ATA IDENTIFY text fields are word-swapped.
 234+ 9719 21 30 AB     	ld	hl,BUFFER+54		;model, words 27-46
 235+ 971C 06 28        	ld	b,40
 236+ 971E CD A5 AA     	call	PROHOD
 237+ 9721 DD 21 FA AA  	ld	ix,BUFFER
 238+ 9725 DD CB 54 FE  	set	7,(ix+84)		;31 znaku se vejde na radek GUI
 239+ 9729 21 30 AB     	ld	hl,BUFFER+54
 240+ 972C 01 09 06     	ld	bc,#0609
 241+ 972F CD CA A4     	call	T42_TEXT
 242+ 9732
 243+ 9732 21 28 AB     	ld	hl,BUFFER+46		;firmware, words 23-26
 244+ 9735 06 08        	ld	b,8
 245+ 9737 CD A5 AA     	call	PROHOD
 246+ 973A DD CB 35 FE  	set	7,(ix+53)
 247+ 973E 21 28 AB     	ld	hl,BUFFER+46
 248+ 9741 01 0C 07     	ld	bc,#070C
 249+ 9744 CD CA A4     	call	T42_TEXT
 250+ 9747
 251+ 9747 21 0E AB     	ld	hl,BUFFER+20		;serial number, words 10-19
 252+ 974A 06 14        	ld	b,20
 253+ 974C CD A5 AA     	call	PROHOD
 254+ 974F DD CB 27 FE  	set	7,(ix+39)
 255+ 9753 21 0E AB     	ld	hl,BUFFER+20
 256+ 9756 01 11 08     	ld	bc,#0811
 257+ 9759 CD CA A4     	call	T42_TEXT
 258+ 975C
 259+ 975C              	; LBA28 support: IDENTIFY word 49, bit 9.
 260+ 975C 21 83 A1     	ld	hl,TEXT_NO
 261+ 975F DD CB 63 4E  	bit	1,(ix+99)
 262+ 9763 28 03        	jr	z,.cf_lba28
 263+ 9765 21 7E A1     	ld	hl,TEXT_YES
 264+ 9768              .cf_lba28
 265+ 9768 01 0D 09     	ld	bc,#090D
 266+ 976B CD CA A4     	call	T42_TEXT
 267+ 976E
 268+ 976E              	; LBA48 support: IDENTIFY word 83, bit 10.
 269+ 976E 21 83 A1     	ld	hl,TEXT_NO
 270+ 9771 3A A1 AB     	ld	a,(BUFFER+167)
 271+ 9774 CB 57        	bit	2,a
 272+ 9776 28 03        	jr	z,.cf_lba48
 273+ 9778 21 7E A1     	ld	hl,TEXT_YES
 274+ 977B              .cf_lba48
 275+ 977B 01 1C 09     	ld	bc,#091C
 276+ 977E CD CA A4     	call	T42_TEXT
 277+ 9781
 278+ 9781              	; DMA support: IDENTIFY word 49, bit 8.
 279+ 9781 21 83 A1     	ld	hl,TEXT_NO
 280+ 9784 DD CB 63 46  	bit	0,(ix+99)
 281+ 9788 28 03        	jr	z,.cf_dma
 282+ 978A 21 7E A1     	ld	hl,TEXT_YES
 283+ 978D              .cf_dma
 284+ 978D 01 25 09     	ld	bc,#0925
 285+ 9790 CD CA A4     	call	T42_TEXT
 286+ 9793
 287+ 9793              	; LBA28 sector count (words 60-61) -> capacity in MiB (/2048).
 288+ 9793 2A 72 AB     	ld	hl,(BUFFER+120)
 289+ 9796 ED 5B 74 AB  	ld	de,(BUFFER+122)
 290+ 979A 06 0B        	ld	b,11
 291+ 979C              .cf_capacity_shift
 292+ 979C CB 3A        	srl	d
 293+ 979E CB 1B        	rr	e
 294+ 97A0 CB 1C        	rr	h
 295+ 97A2 CB 1D        	rr	l
 296+ 97A4 10 F6        	djnz	.cf_capacity_shift
 297+ 97A6 22 A1 99     	ld	(zzbin),hl
 298+ 97A9 ED 53 A3 99  	ld	(zzbin+2),de
 299+ 97AD CD 57 99     	call	HL2ASCII32
 300+ 97B0 21 AE 99     	ld	hl,zzdec+9
 301+ 97B3 CB FE        	set	7,(hl)
 302+ 97B5 EB           	ex	de,hl			;HL = prvni platna ASCII cifra
 303+ 97B6 01 0C 0A     	ld	bc,#0A0C
 304+ 97B9 CD CA A4     	call	T42_TEXT
 305+ 97BC C3 B0 99     	jp	next
 306+ 97BF
 307+ 97BF              ; Puvodni SD identifikacni vypis ponechan docasne jako nedostupna reference.
 308+ 97BF              MASTERINFO_SD_UNUSED
 309+ 97BF 21 70 A0     		ld	hl,TEXT4	;nejdriv vypise texty
 310+ 97C2 01 02 06     	ld	bc,#0602
 311+ 97C5 CD CA A4     	call	T42_TEXT
 312+ 97C8 21 A5 A2     	ld	hl,TEXT_CSD
 313+ 97CB 01 1F 06     	ld	bc,#061F
 314+ 97CE CD CA A4     	call	T42_TEXT
 315+ 97D1 21 78 A0     	ld	hl,TEXT5
 316+ 97D4 01 02 07     	ld	bc,#0702
 317+ 97D7 CD CA A4     	call	T42_TEXT
 318+ 97DA 21 83 A0     	ld	hl,TEXT6
 319+ 97DD 01 02 08     	ld	bc,#0802
 320+ 97E0 CD CA A4     	call	T42_TEXT
 321+ 97E3
 322+ 97E3 21 93 A0     	ld	hl,TEXT7
 323+ 97E6 01 02 09     	ld	bc,#0902
 324+ 97E9 CD CA A4     	call	T42_TEXT
 325+ 97EC              ;	ld	hl,TEXT101
 326+ 97EC              ;	ld	bc,#0A02
 327+ 97EC              ;	call	T42_TEXT		;write protect davame pryc
 328+ 97EC              ;	ld	hl,TEXT_PART_TYPE
 329+ 97EC              ;	ld	bc,#0C02
 330+ 97EC CD CA A4     	call	T42_TEXT
 331+ 97EF              ;	ld	hl,TEXT102
 332+ 97EF              ;	ld	bc,#0A15
 333+ 97EF              ;	call	T42_TEXT
 334+ 97EF              ;
 335+ 97EF              ;model-MID/OID/PNM
 336+ 97EF              ;	ld	hl,BUFFER+54
 337+ 97EF              ;	ld	b,40
 338+ 97EF              ;	call	PROHOD
 339+ 97EF DD 21 FA AA  	ld	ix,BUFFER
 340+ 97F3 DD 7E 00     	ld	a,(ix)
 341+ 97F6
 342+ 97F6 FE 01        	cp	1
 343+ 97F8 21 49 A2     	ld	hl,Manufacturer1
 344+ 97FB 28 3F        	jr	z,mdl1
 345+ 97FD FE 02        	cp	2
 346+ 97FF 21 52 A2     	ld	hl,Manufacturer2
 347+ 9802 28 38        	jr	z,mdl1
 348+ 9804 FE 03        	cp	3
 349+ 9806 21 62 A2     	ld	hl,Manufacturer3
 350+ 9809 28 31        	jr	z,mdl1
 351+ 980B FE 1B        	cp	#1b
 352+ 980D 21 69 A2     	ld	hl,Manufacturer1b
 353+ 9810 28 2A        	jr	z,mdl1
 354+ 9812 FE 1D        	cp	#1d
 355+ 9814 21 70 A2     	ld	hl,Manufacturer1d
 356+ 9817 28 23        	jr	z,mdl1
 357+ 9819 FE 27        	cp	#27
 358+ 981B 21 75 A2     	ld	hl,Manufacturer27
 359+ 981E 28 1C        	jr	z,mdl1
 360+ 9820 FE 31        	cp	#31
 361+ 9822 21 7B A2     	ld	hl,Manufacturer31
 362+ 9825 28 15        	jr	z,mdl1
 363+ 9827 FE 74        	cp	#74
 364+ 9829 21 88 A2     	ld	hl,Manufacturer74
 365+ 982C 28 0E        	jr	z,mdl1
 366+ 982E FE 9F        	cp	#9f			; Kingston SD (CID MID #9F)
 367+ 9830 21 91 A2     	ld	hl,Manufacturer9f
 368+ 9833 28 07        	jr	z,mdl1
 369+ 9835 DD 21 FA AA  	ld	ix,BUFFER
 370+ 9839 21 99 A2     	ld	hl,ManufacturerOther	; unknown manufacturer
 371+ 983C
 372+ 983C              ;	set	7,(ix+84)
 373+ 983C
 374+ 983C 2B           mdl1	dec	hl
 375+ 983D 36 45        	ld	(hl),69
 376+ 983F 2B           	dec	hl
 377+ 9840 36 10        	ld	(hl),16		;obarvi
 378+ 9842 01 0A 05     	ld	bc,#050A
 379+ 9845 CD CA A4     	call	T42_TEXT
 380+ 9848 21 9E A2     	ld	hl,carka
 381+ 984B CD CA A4     	call	T42_TEXT
 382+ 984E
 383+ 984E              ;card info
 384+ 984E DD CB 02 FE  	set	7,(ix+2)
 385+ 9852              ;	ld	bc,#0612
 386+ 9852 21 FB AA     	ld	hl,BUFFER+1
 387+ 9855 CD CA A4     	call	T42_TEXT
 388+ 9858 E5           	push	hl
 389+ 9859 21 9E A2     	ld	hl,carka
 390+ 985C CD CA A4     	call	T42_TEXT
 391+ 985F E1           	pop	hl
 392+ 9860 DD CB 07 FE  	set	7,(ix+7)
 393+ 9864              ;	ld	bc,#0615
 394+ 9864 23           	inc	hl
 395+ 9865 CD CA A4     	call	T42_TEXT
 396+ 9868
 397+ 9868
 398+ 9868
 399+ 9868              ;firmware/ProductRevisionNr
 400+ 9868              ;	ld	hl,BUFFER+46
 401+ 9868              ;	ld	b,8
 402+ 9868              ;	call	PROHOD
 403+ 9868              ;	set	7,(ix+53)
 404+ 9868              ;
 405+ 9868              ;	ld	bc,#070C
 406+ 9868              ;	call	T42_TEXT
 407+ 9868
 408+ 9868 23           	inc	hl
 409+ 9869 7E           	ld	a,(hl)		; CID PRV: high nibble=major, low nibble=minor
 410+ 986A 47           	ld	b,a
 411+ 986B 0F           	rrca
 412+ 986C 0F           	rrca
 413+ 986D 0F           	rrca
 414+ 986E 0F           	rrca
 415+ 986F E6 0F        	and	#0f
 416+ 9871 C6 30        	add	a,'0'
 417+ 9873 32 A2 A2     	ld	(REV_TEXT),a
 418+ 9876 78           	ld	a,b
 419+ 9877 E6 0F        	and	#0f
 420+ 9879 C6 30        	add	a,'0'
 421+ 987B F6 80        	or	#80		; posledni znak textu pro T42_TEXT
 422+ 987D 32 A4 A2     	ld	(REV_TEXT+2),a
 423+ 9880 21 A2 A2     	ld	hl,REV_TEXT
 424+ 9883 01 16 06     	ld	bc,#0616
 425+ 9886 CD CA A4     	call	T42_TEXT
 426+ 9889
 427+ 9889              ;serial number/ProductSerialNr
 428+ 9889              ;	ld	hl,BUFFER+20
 429+ 9889              ;	ld	b,20
 430+ 9889              ;	call	PROHOD
 431+ 9889              ;	set	7,(ix+39)
 432+ 9889              ;
 433+ 9889              ;	ld	bc,#0811
 434+ 9889              ;	call	T42_TEXT
 435+ 9889
 436+ 9889 06 04        	ld	b,4
 437+ 988B 21 03 AB     	ld	hl,BUFFER+9
 438+ 988E 11 14 07     	ld	de,#0714
 439+ 9891 C5           snm1	push	bc
 440+ 9892 E5           	push	hl
 441+ 9893 D5           	push	de
 442+ 9894 6E           	ld	l,(hl)
 443+ 9895 26 00        	ld	h,0
 444+ 9897 C1           	pop	bc		;BC=DE=position
 445+ 9898 CD A1 A4     	call	NUMBER2
 446+ 989B 0C           	inc	c
 447+ 989C 21 9E A2     	ld	hl,carka
 448+ 989F CD CA A4     	call	T42_TEXT
 449+ 98A2 E1           	pop	hl
 450+ 98A3 23           	inc	hl
 451+ 98A4 50           	ld	d,b
 452+ 98A5 59           	ld	e,c
 453+ 98A6 C1           	pop	bc
 454+ 98A7 10 E8        	djnz	snm1
 455+ 98A9
 456+ 98A9 D5           	push	de
 457+ 98AA C1           	pop	bc
 458+ 98AB 0D           	dec	c
 459+ 98AC 21 1E A1     	ld	hl,TEXT13+15		;smaz posledni carku
 460+ 98AF CD CA A4     	call	T42_TEXT
 461+ 98B2
 462+ 98B2              ;Manucfacturing Date (eg.#0133)
 463+ 98B2 DD 7E 0E     	ld	a,(ix+14)
 464+ 98B5 F5           	push	af
 465+ 98B6 E6 0F        	and	%00001111
 466+ 98B8 26 00        	ld	h,0
 467+ 98BA 6F           	ld	l,a
 468+ 98BB 01 16 08     	ld	bc,#0816
 469+ 98BE CD A7 A4     	call	NUMBER1
 470+ 98C1 0C           	inc	c
 471+ 98C2 21 9F A2     	ld	hl,lomeno
 472+ 98C5 CD CA A4     	call	T42_TEXT
 473+ 98C8 21 D0 07     	ld	hl,2000
 474+ 98CB DD 56 0D     	ld	d,(ix+13)
 475+ 98CE F1           	pop	af
 476+ 98CF C5           	push	bc
 477+ 98D0 06 04        	ld	b,4
 478+ 98D2 CB 1A        mnd1	rr	d
 479+ 98D4 CB 1F        	rr	a
 480+ 98D6 10 FA        	djnz	mnd1
 481+ 98D8 5F           	ld	e,a
 482+ 98D9 16 00        	ld	d,0
 483+ 98DB C1           	pop	bc
 484+ 98DC 19           	add	hl,de
 485+ 98DD CD 9B A4     	call	NUMBER3
 486+ 98E0
 487+ 98E0
 488+ 98E0
 489+ 98E0
 490+ 98E0              ;velikost karty
 491+ 98E0 DD 7E 10     	ld	a,(ix+#10)
 492+ 98E3 E6 C0        	and	%11000000
 493+ 98E5
 494+ 98E5 FE 40        	cp	%01000000
 495+ 98E7 28 00        	jr	z,CSD20
 496+ 98E9              CSD10
 497+ 98E9              ;výpočet C_SIZE pro karty CSD v 2.0, funguje od 4 GB vyse
 498+ 98E9 DD 66 17     CSD20	ld	h,(ix+#17)
 499+ 98EC DD 6E 18     	ld	l,(ix+#18)
 500+ 98EF
 501+ 98EF 06 03        	ld	b,3
 502+ 98F1 CB 3C        csd201	srl	h
 503+ 98F3 CB 1D        	rr	l
 504+ 98F5 10 FA        	djnz	csd201
 505+ 98F7 23           	inc	hl
 506+ 98F8
 507+ 98F8 01 20 09     	ld	bc,#0920
 508+ 98FB 7C           	ld	a,h
 509+ 98FC B7           	or	a
 510+ 98FD 28 0E        	jr	z,capacity_lt256
 511+ 98FF
 512+ 98FF              	; HL >= 256. Rozlisime 3 a 4 cifry (SDXC muze mit i 1024/2048 GB).
 513+ 98FF 11 E8 03     	ld	de,1000
 514+ 9902 B7           	or	a
 515+ 9903 ED 52        	sbc	hl,de
 516+ 9905 19           	add	hl,de		; obnov HL bez zmeny hodnoty kapacity
 517+ 9906 30 1D        	jr	nc,capacity_4digits
 518+ 9908 CD A1 A4     	call	NUMBER2		; 256..999 GB
 519+ 990B 18 1B        	jr	capacity_done
 520+ 990D
 521+ 990D              capacity_lt256
 522+ 990D 7D           	ld	a,l
 523+ 990E FE 0A        	cp	10
 524+ 9910 38 0E        	jr	c,capacity_1digit
 525+ 9912 FE 64        	cp	100
 526+ 9914 38 05        	jr	c,capacity_2digits
 527+ 9916 CD A1 A4     	call	NUMBER2		; 100..255 GB
 528+ 9919 18 0D        	jr	capacity_done
 529+ 991B
 530+ 991B              capacity_2digits
 531+ 991B CD A7 A4     	call	NUMBER1		; 10..99 GB
 532+ 991E 18 08        	jr	capacity_done
 533+ 9920
 534+ 9920              capacity_1digit
 535+ 9920 CD AD A4     	call	NUMBER0		; 1..9 GB
 536+ 9923 18 03        	jr	capacity_done
 537+ 9925
 538+ 9925              capacity_4digits
 539+ 9925 CD 9B A4     	call	NUMBER3		; 1000..9999 GB
 540+ 9928
 541+ 9928              capacity_done
 542+ 9928 0C           	inc	c
 543+ 9929 21 A0 A2     	ld	hl,TEXT_GB
 544+ 992C CD CA A4     	call	T42_TEXT
 545+ 992F
 546+ 992F
 547+ 992F
 548+ 992F              ;velikost cteci jednotky
 549+ 992F DD 7E 15     	ld	a,(ix+#15)
 550+ 9932 E6 0F        	and	%00001111
 551+ 9934
 552+ 9934 47           	ld	b,a
 553+ 9935 21 01 00     	ld	hl,1
 554+ 9938 29           vcj	add	hl,hl
 555+ 9939 10 FD        	djnz	vcj
 556+ 993B
 557+ 993B 01 0D 09     	ld	bc,#090D
 558+ 993E CD A1 A4     	call	NUMBER2
 559+ 9941 ~            /*davame pryc, info je nepostatne
 560+ 9941 ~            ;permanent and temporal WP
 561+ 9941 ~            	bit	5,(ix+#1E)
 562+ 9941 ~            	ld	bc,#0A10
 563+ 9941 ~            	call	pertmp
 564+ 9941 ~
 565+ 9941 ~            	bit	4,(ix+#1E)
 566+ 9941 ~            	ld	bc,#0A22
 567+ 9941 ~            	call	pertmp
 568+ 9941 ~            */
 569+ 9941              ;CSD version
 570+ 9941 DD 7E 10     	ld	a,(ix+#10)
 571+ 9944 E6 C0        	and	%11000000
 572+ 9946 21 AC A2     	ld	hl,TEXT_20
 573+ 9949 20 03        	jr	nz,csd1
 574+ 994B 21 A9 A2     	ld	hl,TEXT_10
 575+ 994E 01 24 06     csd1	ld	bc,#0624
 576+ 9951 CD CA A4     	call	T42_TEXT
 577+ 9954 C3 B0 99     	jp	next
 578+ 9957 ~            /*
 579+ 9957 ~            pertmp	ld	hl,TEXT_YES
 580+ 9957 ~            	jr	nz,permyes
 581+ 9957 ~            	ld	hl,TEXT_NO
 582+ 9957 ~            	call	T42_TEXT
 583+ 9957 ~            	ld	hl,TEXT_NO
 584+ 9957 ~            permyes	ld	bc,#0A10
 585+ 9957 ~            	jp	T42_TEXT
 586+ 9957 ~            */
 587+ 9957
 588+ 9957
 589+ 9957
 590+ 9957 ~            /*
 591+ 9957 ~            16gb	hl=#E	14	0000 0000 0000 1110
 592+ 9957 ~            32	#1d	29	0000 0000 0001 1101
 593+ 9957 ~            64	#3b	59	0000 0000 0011 1011
 594+ 9957 ~            128	#76	118	0000 0000 0111 0110
 595+ 9957 ~            256	#ec	236	0000 0000 1110 1100
 596+ 9957 ~            512	#1de	478	0000 0001 1101 1110
 597+ 9957 ~            1024	#3bc	956	0000 0011 1011 1100
 598+ 9957 ~            2048	#778	1912	0000 0111 0111 1000
 599+ 9957 ~
 600+ 9957 ~
 601+ 9957 ~            Kapacita	C_SIZE
 602+ 9957 ~            16 GB	0076B2
 603+ 9957 ~            32 GB	00EC4F
 604+ 9957 ~            64 GB	01D89F
 605+ 9957 ~            128 GB	03B13F
 606+ 9957 ~            256 GB	07627F
 607+ 9957 ~            512 GB	0EEFFF
 608+ 9957 ~            1 TB	1DDFFF
 609+ 9957 ~            2 TB	3BBFFF (typicky)
 610+ 9957 ~            Maximum	3FFFFF
 611+ 9957 ~            */
 612+ 9957
 613+ 9957 ~            /*
 614+ 9957 ~            ;LBA
 615+ 9957 ~            	ld	hl,TEXT_NO
 616+ 9957 ~            	bit	1,(ix+99)
 617+ 9957 ~            	jr	z,L1
 618+ 9957 ~
 619+ 9957 ~            	ld	hl,TEXT_YES
 620+ 9957 ~            L1	ld	bc,#090D
 621+ 9957 ~            	call	T42_TEXT
 622+ 9957 ~
 623+ 9957 ~            ;DMA
 624+ 9957 ~            	ld	hl,TEXT_NO
 625+ 9957 ~            	bit	0,(ix+99)
 626+ 9957 ~            	jr	z,L2
 627+ 9957 ~
 628+ 9957 ~            	ld	hl,TEXT_YES
 629+ 9957 ~            L2	ld	bc,#0925
 630+ 9957 ~            	call	T42_TEXT
 631+ 9957 ~
 632+ 9957 ~            ;CHS
 633+ 9957 ~            ;Cylinders
 634+ 9957 ~            	ld	l,(ix+2)
 635+ 9957 ~            	ld	h,(ix+3)
 636+ 9957 ~            	ld	bc,#0A09
 637+ 9957 ~            	call	NUMBER4
 638+ 9957 ~            ;Heads
 639+ 9957 ~            	ld	l,(ix+6)
 640+ 9957 ~            	ld	h,(ix+7)
 641+ 9957 ~            	ld	bc,#0A0f
 642+ 9957 ~            	call	NUMBER1
 643+ 9957 ~            ;Sectors
 644+ 9957 ~            	ld	l,(ix+12)
 645+ 9957 ~            	ld	h,(ix+13)
 646+ 9957 ~            	ld	bc,#0A12
 647+ 9957 ~            	call	NUMBER1
 648+ 9957 ~            ;pokud je General setting nastavena autoconfigurace, tak pri uspesnem detekovani zarizeni se do CHS ulozi zjistene udaje
 649+ 9957 ~
 650+ 9957 ~            	ld	a,(@autoconfig)
 651+ 9957 ~            	or	a
 652+ 9957 ~            	jr	z,nemenCHSm2
 653+ 9957 ~            	ld	hl,VDT
 654+ 9957 ~            	ld	a,(ix+12)
 655+ 9957 ~            	ld	(hl),a
 656+ 9957 ~            	ld	a,(ix+6)
 657+ 9957 ~            	inc	hl
 658+ 9957 ~            	ld	(hl),a
 659+ 9957 ~            	ld	a,(ix+2)
 660+ 9957 ~            	inc	hl
 661+ 9957 ~            	ld	(hl),a
 662+ 9957 ~            	ld	a,(ix+3)
 663+ 9957 ~            	inc	hl
 664+ 9957 ~            	ld	(hl),a
 665+ 9957 ~
 666+ 9957 ~            nemenCHSm2
 667+ 9957 ~            ;capacity
 668+ 9957 ~            	ld	l,(ix+12)
 669+ 9957 ~            	ld	h,(ix+13)
 670+ 9957 ~            	ld	e,(ix+6)
 671+ 9957 ~            	ld	d,(ix+7)
 672+ 9957 ~
 673+ 9957 ~
 674+ 9957 ~            	push	ix		;rutina nasob pouziva IX
 675+ 9957 ~            	call	nasobeniHLDE.nasob
 676+ 9957 ~            	pop	ix
 677+ 9957 ~            	ld	e,(ix+2)
 678+ 9957 ~            	ld	d,(ix+3)
 679+ 9957 ~
 680+ 9957 ~            	push	ix
 681+ 9957 ~            	call	nasobeniHLDE.nasob
 682+ 9957 ~            ;vysledek je v IXHL
 683+ 9957 ~
 684+ 9957 ~            	ld	l,h
 685+ 9957 ~            	ld	a,xl
 686+ 9957 ~            	ld	h,a
 687+ 9957 ~            	ld	e,hx
 688+ 9957 ~
 689+ 9957 ~            ;delime 256 vysledek EHL
 690+ 9957 ~            	ld	b,3
 691+ 9957 ~            trikrat1
 692+ 9957 ~            	srl	e
 693+ 9957 ~            	rr	h
 694+ 9957 ~            	rr	l
 695+ 9957 ~            	djnz	trikrat1
 696+ 9957 ~            ;delime tremi
 697+ 9957 ~            	ld	bc,#0A1F
 698+ 9957 ~            	call	NUMBER4
 699+ 9957 ~
 700+ 9957 ~            	pop	ix
 701+ 9957 ~
 702+ 9957 ~            ;LBA 48Bits
 703+ 9957 ~
 704+ 9957 ~            	inc	hx
 705+ 9957 ~
 706+ 9957 ~            	ld	hl,TEXT_NO
 707+ 9957 ~            	bit	2,(ix-83)
 708+ 9957 ~            	jr	z,L3
 709+ 9957 ~
 710+ 9957 ~            	ld	hl,TEXT_YES
 711+ 9957 ~            L3	ld	bc,#091C
 712+ 9957 ~            	call	T42_TEXT
 713+ 9957 ~            */
 714+ 9957
 715+ 9957              ;28) (Busy's routine)
 716+ 9957              HL2ASCII32
 717+ 9957              ;Prevod bin->dec bez znamienka
 718+ 9957              ; in: zzbin
 719+ 9957              ;out: zzdec
 720+ 9957
 721+ 9957 C5           	push	bc
 722+ 9958 21 A5 99     bindec	ld	hl,zzdec            ;; Vynulovanie buffera dec
 723+ 995B 01 00 0A     	ld	bc,lldec*#0100
 724+ 995E 71           cls1	ld	(hl),c
 725+ 995F 23           	inc	hl
 726+ 9960 10 FC        	djnz	cls1
 727+ 9962 0E 20        	ld	c,8*llbin           ;; Opakuj pre kazdy bit bin:
 728+ 9964 CD 95 99     bndc0	call	binx2               ;; vyrotovanie bitu z bin
 729+ 9967 21 AF 99     	ld	hl,eedec
 730+ 996A 06 0A        	ld	b,lldec             ;; a zarotovanie toho bitu do dec
 731+ 996C 2B           bndc2	dec	hl
 732+ 996D 7E           	ld	a,(hl)
 733+ 996E 8F           	adc	a,a
 734+ 996F FE 0A        	cp	#0a
 735+ 9971 38 02        	jr	c,bndc3
 736+ 9973 D6 0A        	sub	#0a
 737+ 9975 77           bndc3	ld	(hl),a
 738+ 9976 3F           	ccf
 739+ 9977 10 F3        	djnz	bndc2
 740+ 9979 0D           	dec	c
 741+ 997A 20 E8        	jr	nz,bndc0
 742+ 997C
 743+ 997C 21 A5 99     	ld	hl,zzdec
 744+ 997F 06 0A        	ld	b,10		;; change it to ASCII
 745+ 9981              prev_ascii32
 746+ 9981 7E           	ld	a,(hl)
 747+ 9982 B7           	or	a
 748+ 9983 20 05        	jr	nz,asc32n
 749+ 9985 23           	inc	hl
 750+ 9986 10 F9        	djnz	prev_ascii32
 751+ 9988
 752+ 9988 04           	inc	b		;osetreni 0
 753+ 9989 2B           	dec	hl		;udelej misto pro zobrazeni "O"
 754+ 998A
 755+ 998A 54           asc32n	ld	d,h
 756+ 998B 5D           	ld	e,l		;; DE=ASCII number start
 757+ 998C
 758+ 998C 3E 30        asc32_n	ld	a,#30
 759+ 998E B6           	or	(hl)
 760+ 998F 77           	ld	(hl),a
 761+ 9990 23           	inc 	hl
 762+ 9991 10 F9        	djnz	asc32_n
 763+ 9993 C1           	pop	bc
 764+ 9994 C9           	ret
 765+ 9995
 766+ 9995 21 A1 99     binx2	ld	hl,zzbin            ;; Nasobenie bin dvomi
 767+ 9998 06 04        	ld	b,llbin
 768+ 999A AF           	xor	a
 769+ 999B CB 16        bnxx2	rl	(hl)
 770+ 999D 23           	inc	hl
 771+ 999E 10 FB        	djnz	bnxx2
 772+ 99A0 C9           	ret
 773+ 99A1
 774+ 99A1 FF FF FF FF  zzbin	db	#ff,#ff,#ff,#ff		;vstup v bajtech
 775+ 99A5              eebin
 776+ 99A5              llbin	=	eebin-zzbin
 777+ 99A5
 778+ 99A5 00 00 00 00  zzdec	db	0,0,0,0,0		;vystup v ASCII
 778+ 99A9 00
 779+ 99AA 06 05 05 03  	db	6,5,5,3,5
 779+ 99AE 05
 780+ 99AF              eedec
 781+ 99AF              lldec	=	eedec-zzdec
 782+ 99AF 00           	db	0			;zarážka pro tisk
 783+ 99B0
 784+ 99B0
 785+ 99B0              ;hledani prvni sectoru pro data
 786+ 99B0              ;prohledava se MBR, prvni partion, a hleda se v root dir. prvni datovy sector prvniho souboru
 787+ 99B0              ;prvni sektor disku je MBR:
 788+ 99B0              ;
 789+ 99B0              ;na 1BEh zacinaji parametry prvni partition (10h kazda)
 790+ 99B0              ;na 08h az 0Bh je cislo relativniho sektoru zacatku partition (nebo na 01h az 03h ve formatu hlava/sektor/cylindr)
 791+ 99B0              ;
 792+ 99B0              ;prvni sektor partition je BOOT a tam jsou tyto zajimave udaje:
 793+ 99B0              ;0Bh, 0Ch   pocet bytu na sektor
 794+ 99B0              ;0Eh, 0Fh   pocet sektoru pred prvni FAT
 795+ 99B0              ;10h   pocet FAT
 796+ 99B0              ;11h, 12h   pocet polozek v ROOTu
 797+ 99B0              ;16h, 17h   pocet sektoru ve FAT
 798+ 99B0              ;prvni datovy sektor je: zacatek_partition + sektoru_pred_FAT + sektoru_ve_FAT * pocet_FAT + polozek_v_ROOT * 20h / bytu_na_sektor
 799+ 99B0
 800+ 99B0
 801+ 99B0 ~            /*
 802+ 99B0 ~            1. Výpočet pro FAT16
 803+ 99B0 ~            ********************
 804+ 99B0 ~            Kořenový adresář u FAT16 má pevnou velikost a leží hned za poslední FAT tabulkou.
 805+ 99B0 ~
 806+ 99B0 ~            Vzorec (číslo sektoru od začátku disku/partice):
 807+ 99B0 ~
 808+ 99B0 ~            RootSector{FAT16}=ReservedSecCnt+(NumFATs x FATSize16)
 809+ 99B0 ~
 810+ 99B0 ~            Velikost root adresáře (v sektorech) se spočítá jako (RootEntCnt × 32 + BytsPerSec - 1) / BytsPerSec, ale jeho začátek je dán čistě součtem rezervovaných sektorů a obou FAT tabulek.
 811+ 99B0 ~
 812+ 99B0 ~            2. Výpočet pro FAT32
 813+ 99B0 ~            Kořenový adresář u FAT32 nemá pevnou pozici, je to běžný cluster. Nejprve musíme spočítat začátek datové oblasti (DataSecStart) a k němu přičíst offset daný počátečním clusterem (RootClus).
 814+ 99B0 ~
 815+ 99B0 ~            Vzorec pro začátek datové oblasti (stejný jako FAT16):
 816+ 99B0 ~
 817+ 99B0 ~            DataSecStart=ReservedSecCnt+(NumFATs x FATSize32)
 818+ 99B0 ~
 819+ 99B0 ~            Vzorec pro počáteční sektor root adresáře (rootClus):
 820+ 99B0 ~
 821+ 99B0 ~            RootSector{FAT32}= DataSecStart+((RootClus-2) x SecPerClus)
 822+ 99B0 ~
 823+ 99B0 ~            (Odečítá se 2, protože clustery 0 a 1 v datové oblasti fyzicky neexistují – číslování datových clusterů začíná od 2).
 824+ 99B0 ~
 825+ 99B0 ~
 826+ 99B0 ~
 827+ 99B0 ~            Kde najít rootClus a SecPerClus (pro FAT32)
 828+ 99B0 ~            *******************************************
 829+ 99B0 ~            Obě hodnoty jsou uloženy v boot sektoru (v datové struktuře BPB – BIOS Parameter Block):
 830+ 99B0 ~
 831+ 99B0 ~            - SecPerClus (Sectors per Cluster): 1bajtová hodnota na offsetu 0x0D (decimálně 13) od začátku boot sektoru
 832+ 99B0 ~
 833+ 99B0 ~            - rootClus (Root Directory Start Cluster): 4bajtová hodnota na offsetu 0x2C (decimálně 44) od začátku boot sektoru (obvykle 2)
 834+ 99B0 ~
 835+ 99B0 ~            Výpočet počátečního sektoru Root Dir
 836+ 99B0 ~            ************************************
 837+ 99B0 ~            Pro výpočty používáme tyto proměnné z boot sektoru:
 838+ 99B0 ~            - ReservedSecCnt = Počet rezervovaných sektorů (offset 0x0E (dec 14), 2 bajty)
 839+ 99B0 ~            - NumFATs = Počet FAT tabulek (offset 0x10 (dec 16), 1 bajt, obvykle 2)
 840+ 99B0 ~            - FATSize16 = Počet sektorů jedné FAT u FAT16 (offset 0x16 (dec 22), 2 bajty)
 841+ 99B0 ~            - FATSize32 = Počet sektorů jedné FAT u FAT32 (offset 0x24 (dec 36), 4 bajty)
 842+ 99B0 ~            - RootEntCnt = Maximální počet položek v root adresáři u FAT16 (offset 0x11 (dec 17), 2 bajty, obvykle 512)
 843+ 99B0 ~            - BytsPerSec = Počet bajtů na sektor (offset 0x0B (dec 11), 2 bajty, obvykle 512)
 844+ 99B0 ~            - SecPerClus = Počet sektorů na cluster (offset 0x0D (dec 13), 1 bajt)
 845+ 99B0 ~            - RootClus = Počáteční cluster root adresáře u FAT32 (offset 0x2C (dec 44), 4 bajty)
 846+ 99B0 ~
 847+ 99B0 ~            */
 848+ 99B0
 849+ 99B0 ~            /*
 850+ 99B0 ~            1. k boot sektoru se umime dostat z MBR
 851+ 99B0 ~            2. potřebné pro výpočet z boot sektoru, tyto hodnoty jsou relativni k zacatku partisny:
 852+ 99B0 ~            ---------------------------------------------------------------------------------------
 853+ 99B0 ~            BPB_BytesPerSec		offset	11	delka 2
 854+ 99B0 ~            BPB_SecPerClus		offset	13	delka 1
 855+ 99B0 ~            BPB_RsvdSecCnt		offset	14	delka 2
 856+ 99B0 ~            BPB_NumFATs		offset  16	delka 1
 857+ 99B0 ~
 858+ 99B0 ~            FAT16:
 859+ 99B0 ~                BPB_RootEntCnt	offset	17	delka 2
 860+ 99B0 ~                BPB_FATSz16		offset	22	delka 2
 861+ 99B0 ~
 862+ 99B0 ~            FAT32:
 863+ 99B0 ~                BPB_FATSz32		offset	36	delka 4
 864+ 99B0 ~                BPB_RootClus	offset	44	delka 4
 865+ 99B0 ~
 866+ 99B0 ~
 867+ 99B0 ~            3. vypocet prvniho datoveho sektoru
 868+ 99B0 ~            --------------------------------
 869+ 99B0 ~            FAT16
 870+ 99B0 ~            Spočti velikost Root Directory:
 871+ 99B0 ~
 872+ 99B0 ~            RootDirSectors =
 873+ 99B0 ~            (RootEntCnt × 32) / BytesPerSector
 874+ 99B0 ~
 875+ 99B0 ~            Potom:
 876+ 99B0 ~            FirstDataSectorRel =
 877+ 99B0 ~            RsvdSecCnt +
 878+ 99B0 ~            NumFATs × FATSz16 +
 879+ 99B0 ~            RootDirSectors
 880+ 99B0 ~
 881+ 99B0 ~            Absolutni LBA:
 882+ 99B0 ~            FirstDataSectorAbs =
 883+ 99B0 ~            PartitionStartLBA +
 884+ 99B0 ~            FirstDataSectorRel
 885+ 99B0 ~
 886+ 99B0 ~
 887+ 99B0 ~            FAT32
 888+ 99B0 ~            Root Directory je součást datové oblasti.
 889+ 99B0 ~
 890+ 99B0 ~            Proto:
 891+ 99B0 ~            FirstDataSectorRel =
 892+ 99B0 ~            RsvdSecCnt +
 893+ 99B0 ~            NumFATs × FATSz32
 894+ 99B0 ~
 895+ 99B0 ~            Absolutně:
 896+ 99B0 ~            FirstDataSectorAbs =
 897+ 99B0 ~            PartitionStartLBA +
 898+ 99B0 ~            FirstDataSectorRel
 899+ 99B0 ~
 900+ 99B0 ~
 901+ 99B0 ~            4. Načti Root Directory
 902+ 99B0 ~            -----------------------
 903+ 99B0 ~            FAT16
 904+ 99B0 ~
 905+ 99B0 ~            Root Directory začíná na:
 906+ 99B0 ~            RootDirLBA =
 907+ 99B0 ~            PartitionStartLBA +
 908+ 99B0 ~            RsvdSecCnt +
 909+ 99B0 ~            NumFATs × FATSz16
 910+ 99B0 ~
 911+ 99B0 ~            Je pevně daný.
 912+ 99B0 ~
 913+ 99B0 ~            FAT32
 914+ 99B0 ~
 915+ 99B0 ~            Root Directory začíná v clusteru:
 916+ 99B0 ~            RootCluster = BPB_RootClus
 917+ 99B0 ~
 918+ 99B0 ~            (obvykle 2)
 919+ 99B0 ~
 920+ 99B0 ~            První sektor Root Directory:
 921+ 99B0 ~            RootDirLBA =
 922+ 99B0 ~            FirstDataSectorAbs +
 923+ 99B0 ~            (RootCluster − 2) × SecPerClus
 924+ 99B0 ~
 925+ 99B0 ~
 926+ 99B0 ~
 927+ 99B0 ~            5. Najdi soubor MBD / MBH
 928+ 99B0 ~            -------------------------
 929+ 99B0 ~            Projdi prvních 8 položek.
 930+ 99B0 ~
 931+ 99B0 ~            Přečti:
 932+ 99B0 ~
 933+ 99B0 ~            FAT16:
 934+ 99B0 ~            DIR_FstClusLO
 935+ 99B0 ~
 936+ 99B0 ~            FAT32:
 937+ 99B0 ~            DIR_FstClusHI
 938+ 99B0 ~            DIR_FstClusLO
 939+ 99B0 ~
 940+ 99B0 ~            Vznikne:
 941+ 99B0 ~            FirstCluster
 942+ 99B0 ~
 943+ 99B0 ~
 944+ 99B0 ~            6. Převod clusteru na LBA
 945+ 99B0 ~            -------------------------
 946+ 99B0 ~            Platí pro FAT16 i FAT32 stejně:
 947+ 99B0 ~
 948+ 99B0 ~            FirstFileLBA =
 949+ 99B0 ~            FirstDataSectorAbs +
 950+ 99B0 ~            (FirstCluster − 2) × SecPerClus
 951+ 99B0 ~
 952+ 99B0 ~            Hotovo.
 953+ 99B0 ~
 954+ 99B0 ~
 955+ 99B0 ~            Celý algoritmus
 956+ 99B0 ~            ---------------
 957+ 99B0 ~            MBR
 958+ 99B0 ~             │
 959+ 99B0 ~             ├── PartitionStartLBA
 960+ 99B0 ~             │
 961+ 99B0 ~             ▼
 962+ 99B0 ~            Boot Sector
 963+ 99B0 ~             │
 964+ 99B0 ~             ├── SecPerClus
 965+ 99B0 ~             ├── Reserved
 966+ 99B0 ~             ├── FATSize
 967+ 99B0 ~             ├── RootEntries (FAT16)
 968+ 99B0 ~             └── RootCluster (FAT32)
 969+ 99B0 ~             │
 970+ 99B0 ~             ▼
 971+ 99B0 ~            FirstDataSectorAbs
 972+ 99B0 ~             │
 973+ 99B0 ~             ▼
 974+ 99B0 ~            Root Directory
 975+ 99B0 ~             │
 976+ 99B0 ~             ▼
 977+ 99B0 ~            Najdi MBD / MBH
 978+ 99B0 ~             │
 979+ 99B0 ~             ▼
 980+ 99B0 ~            FirstCluster
 981+ 99B0 ~             │
 982+ 99B0 ~             ▼
 983+ 99B0 ~            FirstFileLBA
 984+ 99B0 ~            */
 985+ 99B0
 986+ 99B0              ;tab_part	db	0,4,15,26	;sloupec tisku hodnot pro 4 partisny
 987+ 99B0
 988+ 99B0              next
 989+ 99B0 21 1F A2     	ld	hl,TEXTPARSEC
 990+ 99B3 01 02 0C     	ld	bc,#0C02
 991+ 99B6 CD CA A4     	call	T42_TEXT
 992+ 99B9
 993+ 99B9              ;novy kod- testuje vsechny 4 partisny
 994+ 99B9              ;nejprve nacteme MBR
 995+ 99B9
 996+ 99B9 3E 04        		ld	a,4		;pocet partisen
 997+ 99BB DD 21 B8 AC  		ld	ix,BUFFER+446	;prvni partisna
 998+ 99BF 06 0D        		ld	b,#0D	;radek (meni se pro kazdou partisnu)
 999+ 99C1 21 00 B0     		ld	hl,VDT
1000+ 99C4 22 A2 9E     		ld	(VDT_pointer+1),hl
1001+ 99C7
1002+ 99C7              test_partitions				;loop start
1003+ 99C7 0E 02        		ld	c,2		;sloupec vzdy zaciname na 2 (posouva se spolu s tiskem)
1004+ 99C9 F5           		push	af		;A= poradove cislo partisny (4-0)
1005+ 99CA DD E5        		push	ix		;zacatek udaje o partisne v MBR
1006+ 99CC C5           		push	bc		;radek+sloupec
1007+ 99CD
1008+ 99CD DD 21 FA AA  		ld	ix,BUFFER
1009+ 99D1 21 00 00     		ld	hl,0
1010+ 99D4 54           		ld	d,h
1011+ 99D5 5C           		ld	e,h
1012+ 99D6 CD 15 AA     		call	ATA_READ
1013+ 99D9
1014+ 99D9 C1           		pop	bc
1015+ 99DA DD E1        		pop	ix
1016+ 99DC DD E5        		push	ix
1017+ 99DE C5           		push	bc
1018+ 99DF
1019+ 99DF              ;		ld	a,#C
1020+ 99DF              ;		ld	(no_partition+1),a	;init print pozice
1021+ 99DF
1022+ 99DF              ;Nejdriv rozhodneme, zda LBA 0 neni primo FAT boot sektor (superfloppy).
1023+ 99DF              ;Teprve kdyz neni, smime oblast od offsetu 446 interpretovat jako MBR tabulku.
1024+ 99DF              ;Kontroly se delaji primo v BUFFERu, protoze IX v tomto miste ukazuje na MBR entry.
1025+ 99DF
1026+ 99DF 3A FA AA     		ld	a,(BUFFER+0)		;boot jump EB xx 90 nebo E9 xx xx
1027+ 99E2 FE EB        		cp	#EB
1028+ 99E4 28 04        		jr	z,sf_check_bps
1029+ 99E6 FE E9        		cp	#E9
1030+ 99E8 20 7B        		jr	nz,not_superfloppy
1031+ 99EA
1032+ 99EA              sf_check_bps
1033+ 99EA 2A 05 AB     		ld	hl,(BUFFER+11)	;BytesPerSector musi byt 512 = #0200
1034+ 99ED 11 00 02     		ld	de,#0200
1035+ 99F0 B7           		or	a
1036+ 99F1 ED 52        		sbc	hl,de
1037+ 99F3 20 70        		jr	nz,not_superfloppy
1038+ 99F5
1039+ 99F5 3A 07 AB     		ld	a,(BUFFER+13)	;SecPerClus nesmi byt 0
1040+ 99F8 B7           		or	a
1041+ 99F9 28 6A        		jr	z,not_superfloppy
1042+ 99FB
1043+ 99FB 2A 08 AB     		ld	hl,(BUFFER+14)	;ReservedSectorCount nesmi byt 0
1044+ 99FE 7C           		ld	a,h
1045+ 99FF B5           		or	l
1046+ 9A00 28 63        		jr	z,not_superfloppy
1047+ 9A02
1048+ 9A02 3A 0A AB     		ld	a,(BUFFER+16)	;NumFATs nesmi byt 0
1049+ 9A05 B7           		or	a
1050+ 9A06 28 5D        		jr	z,not_superfloppy
1051+ 9A08
1052+ 9A08 2A F8 AC     		ld	hl,(BUFFER+510)	;boot signature 55 AA
1053+ 9A0B 11 55 AA     		ld	de,#AA55
1054+ 9A0E B7           		or	a
1055+ 9A0F ED 52        		sbc	hl,de
1056+ 9A11 20 52        		jr	nz,not_superfloppy
1057+ 9A13
1058+ 9A13              ;Rozliseni FAT16/FAT32 podle struktury BPB.
1059+ 9A13 2A 0B AB     		ld	hl,(BUFFER+17)	;RootEntCnt: FAT16 !=0, FAT32 =0
1060+ 9A16 7C           		ld	a,h
1061+ 9A17 B5           		or	l
1062+ 9A18 20 1D        		jr	nz,sf_fat16
1063+ 9A1A
1064+ 9A1A 2A 10 AB     		ld	hl,(BUFFER+22)	;FATSz16: FAT16 !=0, FAT32 =0
1065+ 9A1D 7C           		ld	a,h
1066+ 9A1E B5           		or	l
1067+ 9A1F 20 16        		jr	nz,sf_fat16
1068+ 9A21
1069+ 9A21 2A 1E AB     		ld	hl,(BUFFER+36)	;u FAT32 musi byt FATSz32 nenulove
1070+ 9A24 ED 5B 20 AB  		ld	de,(BUFFER+38)
1071+ 9A28 7C           		ld	a,h
1072+ 9A29 B5           		or	l
1073+ 9A2A B2           		or	d
1074+ 9A2B B3           		or	e
1075+ 9A2C 28 37        		jr	z,not_superfloppy
1076+ 9A2E
1077+ 9A2E              ;Superfloppy FAT32
1078+ 9A2E              sf_fat32
1079+ 9A2E 21 F9 AA     		ld	hl,fat_type
1080+ 9A31 CB C6        		set	0,(hl)
1081+ 9A33 3E 0C        		ld	a,4+8			;bit2=superfloppy, bit3=FAT32
1082+ 9A35 18 07        		jr	sf_type_ready
1083+ 9A37
1084+ 9A37              ;Superfloppy FAT16
1085+ 9A37              sf_fat16
1086+ 9A37 21 F9 AA     		ld	hl,fat_type
1087+ 9A3A CB 86        		res	0,(hl)
1088+ 9A3C 3E 04        		ld	a,4			;bit2=superfloppy, bit3=0=FAT16
1089+ 9A3E
1090+ 9A3E              sf_type_ready
1091+ 9A3E 2A A2 9E     		ld	hl,(VDT_pointer+1)
1092+ 9A41 77           		ld	(hl),a
1093+ 9A42
1094+ 9A42              ;U superfloppy vypiseme nejen SFl, ale i skutecny FAT typ.
1095+ 9A42              ;Bit 3 info bajtu: 0=FAT16, 1=FAT32.
1096+ 9A42 21 F9 A2     		ld	hl,TEXT_SFL16
1097+ 9A45 CB 5F        		bit	3,a
1098+ 9A47 28 03        		jr	z,sf_text_ready
1099+ 9A49 21 02 A3     		ld	hl,TEXT_SFL32
1100+ 9A4C
1101+ 9A4C              sf_text_ready
1102+ 9A4C C1           		pop	bc			;obnov tiskovou pozici stejne jako part_text
1103+ 9A4D CD CA A4     		call	T42_TEXT
1104+ 9A50 0D           		dec	c			;TEXT_SFL16/32 je o 4 znaky delsi nez F16/F32
1105+ 9A51 0D           		dec	c			;vrat tiskovou pozici pro dalsi sloupec
1106+ 9A52 0D           		dec	c
1107+ 9A53 0D           		dec	c
1108+ 9A54
1109+ 9A54              ;Superfloppy ma jen jeden filesystem. Upravime ulozeny citac smycky na 1,
1110+ 9A54              ;aby se po jeho zpracovani netestovaly dalsi tri fiktivni MBR polozky.
1111+ 9A54 DD E1        		pop	ix			;puvodni pointer na prvni MBR entry
1112+ 9A56 F1           		pop	af			;puvodne A=4
1113+ 9A57 3E 01        		ld	a,1
1114+ 9A59 F5           		push	af
1115+ 9A5A DD E5        		push	ix
1116+ 9A5C
1117+ 9A5C 21 00 00     		ld	hl,0			;Boot sector superfloppy je absolutni LBA 0
1118+ 9A5F 11 00 00     		ld	de,0
1119+ 9A62 C3 80 9B     		jp	MBRno
1120+ 9A65
1121+ 9A65              not_superfloppy
1122+ 9A65              ;LBA 0 neni FAT boot sektor, muzeme ho interpretovat jako MBR.
1123+ 9A65              ;MBR je v bufferu
1124+ 9A65 DD 7E 04     		ld	a,(ix+4)		;test, zda je partisna vubec pritomna
1125+ 9A68 B7           		or	a			;0= partisna neni obsazena
1126+ 9A69 CA C3 9E     		jp	z,no_partition
1127+ 9A6C
1128+ 9A6C              ;	set	0,(ix-1)	;nastav priznak FAT32
1129+ 9A6C 21 F9 AA     	ld	hl,fat_type
1130+ 9A6F CB C6        	set	0,(hl)
1131+ 9A71 06 09        	ld	b,9		;bity 0,3=1= FAT32
1132+ 9A73 21 C3 A2     	ld	hl,TEXT_FAT32	;test typu oddilu, bud FAT16/32/other
1133+ 9A76              ;	ld	bc,#0c12
1134+ 9A76 FE 0B        	cp	#B		;pro typ oddilu FAT32
1135+ 9A78 CA 3C 9B     	jp	z,part_text
1136+ 9A7B FE 0C        	cp	#C
1137+ 9A7D CA 3C 9B     	jp	z,part_text
1138+ 9A80
1139+ 9A80 21 F9 AA     	ld	hl,fat_type
1140+ 9A83 CB 86        	res	0,(hl)
1141+ 9A85              ;	res	0,(ix-1)	;nastav priznak FAT16
1142+ 9A85 21 BE A2     	ld	hl,TEXT_FAT16
1143+ 9A88 06 01        	ld	b,1		;bit 1=1, bit 3=0= FAT16
1144+ 9A8A FE 06        	cp	6		;pro typ oddilu FAT16
1145+ 9A8C CA 3C 9B     	jp	z,part_text
1146+ 9A8F FE 04        	cp	4
1147+ 9A91 CA 3C 9B     	jp	z,part_text
1148+ 9A94 FE 0E        	cp	#E
1149+ 9A96 CA 3C 9B     	jp	z,part_text
1150+ 9A99
1151+ 9A99              ; Nepodporovane filesystemy se pokusime pojmenovat.
1152+ 9A99              ; VDT info zustava 0, takze jsou stale pro EasySD nepouzitelne.
1153+ 9A99 FE 49        	cp	#49			; MDOS3 raw partition, obvykle bootovaci
1154+ 9A9B CA C5 9A     	jp	z,part_mdos3
1155+ 9A9E FE 05        	cp	#05			; Extended partition (CHS)
1156+ 9AA0 CA CC 9A     	jp	z,part_extended
1157+ 9AA3 FE 0F        	cp	#0F			; Extended partition (LBA)
1158+ 9AA5 CA CC 9A     	jp	z,part_extended
1159+ 9AA8 FE 07        	cp	#07			; HPFS/NTFS/exFAT - rozlisime z boot sektoru
1160+ 9AAA CA DA 9A     	jp	z,part_type_07
1161+ 9AAD FE 83        	cp	#83			; Linux native (ext2/ext3/ext4...)
1162+ 9AAF CA BE 9A     	jp	z,part_linux
1163+ 9AB2 FE EE        	cp	#EE			; GPT protective MBR
1164+ 9AB4 CA D3 9A     	jp	z,part_gpt
1165+ 9AB7
1166+ 9AB7              part_other
1167+ 9AB7 21 F2 A2     	ld	hl,TEXT_OTHER
1168+ 9ABA 06 00        	ld	b,0
1169+ 9ABC 18 7E        	jr	part_text
1170+ 9ABE
1171+ 9ABE              part_linux
1172+ 9ABE 21 D5 A2     	ld	hl,TEXT_LINUX
1173+ 9AC1 06 00        	ld	b,0
1174+ 9AC3 18 77        	jr	part_text
1175+ 9AC5
1176+ 9AC5              part_mdos3
1177+ 9AC5 21 DC A2     	ld	hl,TEXT_MDOS3
1178+ 9AC8 06 00        	ld	b,0			; rozpoznana, ale pro EasyCF nepouzitelna
1179+ 9ACA 18 70        	jr	part_text
1180+ 9ACC
1181+ 9ACC              part_extended
1182+ 9ACC 21 E8 A2     	ld	hl,TEXT_EXTENDED
1183+ 9ACF 06 00        	ld	b,0
1184+ 9AD1 18 69        	jr	part_text
1185+ 9AD3
1186+ 9AD3              part_gpt
1187+ 9AD3 21 E3 A2     	ld	hl,TEXT_GPT
1188+ 9AD6 06 00        	ld	b,0
1189+ 9AD8 18 62        	jr	part_text
1190+ 9ADA
1191+ 9ADA              ; MBR type #07 je spolecny pro NTFS i exFAT.
1192+ 9ADA              ; Nacteme pouze boot sektor teto partition do BUFFER2, abychom neprepsali MBR v BUFFERu.
1193+ 9ADA              ; OEM ID je od offsetu +3: "NTFS    " nebo "EXFAT   ".
1194+ 9ADA              part_type_07
1195+ 9ADA DD E5        	push	ix
1196+ 9ADC              	; ATA_READ expects HL=upper 16 bits LBA, DE=lower 16 bits LBA
1197+ 9ADC DD 5E 08     	ld	e,(ix+8)
1198+ 9ADF DD 56 09     	ld	d,(ix+9)
1199+ 9AE2 DD 6E 0A     	ld	l,(ix+10)
1200+ 9AE5 DD 66 0B     	ld	h,(ix+11)
1201+ 9AE8 DD 21 FA AC  	ld	ix,BUFFER2
1202+ 9AEC CD 15 AA     	call	ATA_READ
1203+ 9AEF DD E1        	pop	ix
1204+ 9AF1
1205+ 9AF1 3A FD AC     	ld	a,(BUFFER2+3)
1206+ 9AF4 FE 4E        	cp	'N'
1207+ 9AF6 20 1C        	jr	nz,part_check_exfat
1208+ 9AF8 3A FE AC     	ld	a,(BUFFER2+4)
1209+ 9AFB FE 54        	cp	'T'
1210+ 9AFD 20 15        	jr	nz,part_check_exfat
1211+ 9AFF 3A FF AC     	ld	a,(BUFFER2+5)
1212+ 9B02 FE 46        	cp	'F'
1213+ 9B04 20 0E        	jr	nz,part_check_exfat
1214+ 9B06 3A 00 AD     	ld	a,(BUFFER2+6)
1215+ 9B09 FE 53        	cp	'S'
1216+ 9B0B 20 07        	jr	nz,part_check_exfat
1217+ 9B0D 21 C8 A2     	ld	hl,TEXT_NTFS
1218+ 9B10 06 00        	ld	b,0
1219+ 9B12 18 28        	jr	part_text
1220+ 9B14
1221+ 9B14              part_check_exfat
1222+ 9B14 3A FD AC     	ld	a,(BUFFER2+3)
1223+ 9B17 FE 45        	cp	'E'
1224+ 9B19 20 9C        	jr	nz,part_other
1225+ 9B1B 3A FE AC     	ld	a,(BUFFER2+4)
1226+ 9B1E FE 58        	cp	'X'
1227+ 9B20 20 95        	jr	nz,part_other
1228+ 9B22 3A FF AC     	ld	a,(BUFFER2+5)
1229+ 9B25 FE 46        	cp	'F'
1230+ 9B27 20 8E        	jr	nz,part_other
1231+ 9B29 3A 00 AD     	ld	a,(BUFFER2+6)
1232+ 9B2C FE 41        	cp	'A'
1233+ 9B2E 20 87        	jr	nz,part_other
1234+ 9B30 3A 01 AD     	ld	a,(BUFFER2+7)
1235+ 9B33 FE 54        	cp	'T'
1236+ 9B35 20 80        	jr	nz,part_other
1237+ 9B37 21 CE A2     	ld	hl,TEXT_EXFAT
1238+ 9B3A 06 00        	ld	b,0
1239+ 9B3C
1240+ 9B3C              part_text
1241+ 9B3C E5           	push	hl
1242+ 9B3D 78           	ld	a,b
1243+ 9B3E 2A A2 9E     	ld	hl,(VDT_pointer+1)
1244+ 9B41 77           	ld	(hl),a
1245+ 9B42 E1           	pop	hl
1246+ 9B43 C1           	pop	bc
1247+ 9B44 CD CA A4     	call	T42_TEXT
1248+ 9B47
1249+ 9B47              ; Pokud je typ partition OTHER, zde zpracovani konci.
1250+ 9B47              ; Info bajt VDT je 0, tedy partition je pro EasySD nepouzitelna.
1251+ 9B47              ; Nesmime pokracovat do load_boot, jinak bychom cizí filesystem
1252+ 9B47              ; (NTFS/exFAT/...) interpretovali jako FAT a poskodili i zarovnani VDT.
1253+ 9B47 C5           	push	bc			;tiskova pozice pro ep2
1254+ 9B48 2A A2 9E     	ld	hl,(VDT_pointer+1)
1255+ 9B4B 7E           	ld	a,(hl)
1256+ 9B4C B7           	or	a
1257+ 9B4D 20 06        	jr	nz,partition_is_fat
1258+ 9B4F 01 20 00     	ld	bc,32			;preskoc cely VDT zaznam OTHER
1259+ 9B52 C3 AF 9E     	jp	ep3
1260+ 9B55
1261+ 9B55              partition_is_fat
1262+ 9B55 C1           	pop	bc			;FAT cesta ma BC dale mimo stack jako dosud
1263+ 9B56
1264+ 9B56              					;ted hledame boot sektor pro dany oddil
1265+ 9B56 2A F8 AC     		ld	hl,(BUFFER2-2)
1266+ 9B59 11 55 AA     		ld	de,#AA55		;znacka platneho zaznamu MBR
1267+ 9B5C B7           		or	a
1268+ 9B5D ED 52        		sbc	hl,de
1269+ 9B5F 28 13        		jr	z,load_boot	;Z=tabulka MBR je platna
1270+ 9B61
1271+ 9B61              ;Neni FAT boot sektor ani platna MBR signatura.
1272+ 9B61 18 00        		jr	not_boot
1273+ 9B63
1274+ 9B63 C1           not_boot	pop	bc		;nejde ani o boot sektor, medium nema smysluplna data, konec
1275+ 9B64 DD E1        		pop	ix
1276+ 9B66 F1           		pop	af
1277+ 9B67
1278+ 9B67 2A A2 9E     		ld	hl,(VDT_pointer+1)
1279+ 9B6A 36 00        		ld	(hl),0		;info bajt=0
1280+ 9B6C
1281+ 9B6C 21 0B A3     		ld	hl,TEXT_NODATA
1282+ 9B6F CD CA A4     		call	T42_TEXT
1283+ 9B72 F3           		di
1284+ 9B73 76           		halt			;zatim
1285+ 9B74              ;vytisknout, ze medium nema smylsuplna data a konec
1286+ 9B74
1287+ 9B74              ; pravděpodobně FAT Boot Sector
1288+ 9B74 ~            /*stary test davame pryc
1289+ 9B74 ~            		ld	hl,0		;jeste puvodni test MBR (puvodni EasyHdd)
1290+ 9B74 ~            		ld	d,h
1291+ 9B74 ~            		ld	e,h
1292+ 9B74 ~            		ld	a,(ix+0)	;je oddil bootovaci? Pokud ano, vycti boot sektor,pokud ne, bude boot v sektoru 0
1293+ 9B74 ~            		and	127
1294+ 9B74 ~            		jr	nz,MBRno
1295+ 9B74 ~            		ld	a,(ix+2)	;ale toto moc nechapu, pro se testuje CHS?
1296+ 9B74 ~            		and	a
1297+ 9B74 ~            		jr	z,MBRno
1298+ 9B74 ~            */
1299+ 9B74
1300+ 9B74
1301+ 9B74
1302+ 9B74 DD 6E 08     load_boot	ld	l,(ix+8)
1303+ 9B77 DD 66 09     		ld	h,(ix+9)	;nizsi
1304+ 9B7A DD 5E 0A     		ld	e,(ix+10)
1305+ 9B7D DD 56 0B     		ld	d,(ix+11)	;vyssi
1306+ 9B80
1307+ 9B80
1308+ 9B80 ED 53 F8 9B  MBRno		ld	(bootsec1+1),de	;pro MBRno, vyplnujeme vse 0
1309+ 9B84 22 F5 9B     		ld	(bootsec+1),hl	;schovame cislo bootsektoru pro budouci vypocet
1310+ 9B87
1311+ 9B87
1312+ 9B87              ;mame boot sektor, jdeme ho nahrat a taky vypsat na obrazovku
1313+ 9B87 22 A1 99     		ld	(zzbin),hl
1314+ 9B8A ED 53 A3 99  		ld	(zzbin+2),de
1315+ 9B8E E5           		push	hl
1316+ 9B8F D5           		push	de
1317+ 9B90              ;		push	bc		;BC=tiskova pozice
1318+ 9B90 CD 57 99     		call	HL2ASCII32
1319+ 9B93              ;		pop	bc
1320+ 9B93 0C           		inc	c		;posunuli jsme tiskovou pozici
1321+ 9B94
1322+ 9B94 21 AE 99     		ld	hl,zzdec+9
1323+ 9B97 CB FE        		set	7,(hl)
1324+ 9B99 21 A5 99     		ld	hl,zzdec
1325+ 9B9C              ;		ld	bc,#0B10
1326+ 9B9C
1327+ 9B9C 7E           mbs1		ld	a,(hl)
1328+ 9B9D B7           		or	a
1329+ 9B9E 20 04        		jr	nz,mbs2
1330+ 9BA0 23           		inc	hl
1331+ 9BA1 0C           		inc	c
1332+ 9BA2 18 F8        		jr	mbs1
1333+ 9BA4
1334+ 9BA4 CD CA A4     mbs2		call	T42_TEXT	;vypis jeho cislo
1335+ 9BA7
1336+ 9BA7 E1           		pop	hl
1337+ 9BA8 D1           		pop	de		;HLDE=boot sektor
1338+ 9BA9
1339+ 9BA9 0C           		inc	c
1340+ 9BAA C5           		push	bc		;posun tiskovou pozici
1341+ 9BAB
1342+ 9BAB DD 21 FA AA  		ld	ix,BUFFER
1343+ 9BAF CD 15 AA     		call	ATA_READ		;nacti boot na adresu v IX (BUFFER)
1344+ 9BB2
1345+ 9BB2 ~            /*toto bylo na zacatku, kdyz jsem si to potreboval vizualizovat
1346+ 9BB2 ~            		ld	hl,BUFFER+11	;prenes hodnoty z boot sektoru potrebne pro vypocet
1347+ 9BB2 ~            		ld	de,BPB_BytesPerSec
1348+ 9BB2 ~            		ld	bc,8
1349+ 9BB2 ~            		ldir
1350+ 9BB2 ~            		ld	hl,BUFFER+22
1351+ 9BB2 ~            		ld	(BPB_FATSz16),hl
1352+ 9BB2 ~            		ld	hl,BUFFER+36
1353+ 9BB2 ~            		ld	bc,4
1354+ 9BB2 ~            		push	bc
1355+ 9BB2 ~            		ldir
1356+ 9BB2 ~            		ld	hl,BUFFER+44
1357+ 9BB2 ~            		pop	bc
1358+ 9BB2 ~            		ldir
1359+ 9BB2 ~
1360+ 9BB2 ~            ;hodnoty z bootu
1361+ 9BB2 ~            BPB_BytesPerSec		dw	#5555	;offset	11	delka 2
1362+ 9BB2 ~            BPB_SecPerClus		db	#55	;offset	13	delka 1
1363+ 9BB2 ~            BPB_RsvdSecCnt		dw	#5555	;offset	14	delka 2
1364+ 9BB2 ~            BPB_NumFATs		db	#55	;offset 16	delka 1
1365+ 9BB2 ~
1366+ 9BB2 ~            FAT16:
1367+ 9BB2 ~            BPB_RootEntCnt		dw	#5555	;offset	17	delka 2
1368+ 9BB2 ~            BPB_FATSz16		dw	#5555	;offset	22	delka 2
1369+ 9BB2 ~
1370+ 9BB2 ~            FAT32:
1371+ 9BB2 ~            BPB_FATSz32		dw	#5555,#5555	;offset	36	delka 4
1372+ 9BB2 ~            BPB_RootClus		dw	#5555,#5555	;offset	44	delka 4
1373+ 9BB2 ~            */
1374+ 9BB2
1375+ 9BB2
1376+ 9BB2              ;3. Výpočet prvního datového sektoru
1377+ 9BB2              ;pocet FAT x velikost FAT
1378+ 9BB2 DD 6E 11     		ld	l,(ix+17)	;pouze pro FAT16. pocet polozek v Root diru, rovnou vypocitame pocet polozek
1379+ 9BB5 DD 66 12     		ld	h,(ix+18)	;(pocet polozek*32)/512=pocet sektoru
1380+ 9BB8
1381+ 9BB8 06 04        		ld	b,4		;vpocet si zjednodusime
1382+ 9BBA CB 3C        lb2_f16		srl	h
1383+ 9BBC CB 1D        		rr	l
1384+ 9BBE 10 FA        		djnz	lb2_f16
1385+ 9BC0 22 6B 9E     		ld	(RootEntCnt+1),hl	;
1386+ 9BC3
1387+ 9BC3 DD 7E 0D     		ld	a,(ix+13)	;pocet sektoru na cluster
1388+ 9BC6 32 4A 9E     		ld	(l1F+1),a
1389+ 9BC9
1390+ 9BC9 DD CB FF 46  		bit	0,(ix-1)	;jdeme pocitat, nejprve počet FATx delka FAT
1391+ 9BCD DD 6E 16     		ld	l,(ix+22)	;FAT16-pocet sektoru FAT
1392+ 9BD0 DD 66 17     		ld	h,(ix+23)
1393+ 9BD3 11 00 00     		ld	de,0
1394+ 9BD6 28 0C        		jr	z,lb1_f16
1395+ 9BD8 DD 6E 24     		ld	l,(ix+36)	;FAT32- pocet sektoru FAT
1396+ 9BDB DD 66 25     		ld	h,(ix+37)
1397+ 9BDE DD 5E 26     		ld	e,(ix+38)
1398+ 9BE1 DD 56 27     		ld	d,(ix+39)
1399+ 9BE4 DD 7E 10     lb1_f16		ld	a,(ix+16)	;pocet FAT tabulek
1400+ 9BE7 CD 19 AF     		call	MUL32x8		;nasobeni 32x8, vysledek je HL'DE'
1401+ 9BEA
1402+ 9BEA              ;pricteme k tomu pocet rezervovanych sektoru
1403+ 9BEA DD 4E 0E     		ld	c,(ix+14)	;pocet rezervovanych sektoru
1404+ 9BED DD 46 0F     		ld	b,(ix+15)
1405+ 9BF0 CD 54 AF     		call	ADD32_16	;scitani 32+16, out HLDE
1406+ 9BF3 D9           		exx			;vysledek je v HLDE
1407+ 9BF4              ;mame FirstDataSectorRel
1408+ 9BF4              					;jeste pricist sektory od bootu
1409+ 9BF4              ;pricteme k tomu PartitionStartLBA (boot sektor)
1410+ 9BF4 21 55 55     bootsec		ld	hl,#5555	;nizsi
1411+ 9BF7 11 55 55     bootsec1	ld	de,#5555	;vyssi
1412+ 9BFA CD 69 AF     		call	ADD32_32	;vysledek je v HLDE
1413+ 9BFD
1414+ 9BFD              ;uschovej absolutni zacatek datove oblasti. U FAT32 se RootDir muze nachazet
1415+ 9BFD              ;v jinem clusteru nez 2, proto se pozdeji MBD musi pocitat od FirstDataLBA,
1416+ 9BFD              ;nikoli od RootDirLBA.
1417+ 9BFD 22 C2 AA     		ld	(FirstDataLBA),hl
1418+ 9C00 ED 53 C4 AA  		ld	(FirstDataLBA+2),de
1419+ 9C04
1420+ 9C04              ; FAT16: HLDE uz obsahuje spravny RootDir LBA.
1421+ 9C04              ; FAT32 pomocne vypocty nize by HLDE znicily.
1422+ 9C04 DD CB FF 46  		bit     0,(ix-1)
1423+ 9C08 28 51        		jr      z,load_root_dir
1424+ 9C0A
1425+ 9C0A              ;udaje potrebne pro robustni prohledani FAT32 root directory
1426+ 9C0A DD 7E 0D     		ld	a,(ix+13)
1427+ 9C0D 32 D6 AA     		ld	(FAT32_SecPerClus),a
1428+ 9C10 DD 6E 2C     		ld	l,(ix+44)
1429+ 9C13 DD 66 2D     		ld	h,(ix+45)
1430+ 9C16 22 CA AA     		ld	(FAT32_CurCluster),hl
1431+ 9C19 DD 6E 2E     		ld	l,(ix+46)
1432+ 9C1C DD 66 2F     		ld	h,(ix+47)
1433+ 9C1F 22 CC AA     		ld	(FAT32_CurCluster+2),hl
1434+ 9C22
1435+ 9C22              ;FirstFATLBA = PartitionStartLBA + ReservedSectors
1436+ 9C22 2A F5 9B     		ld	hl,(bootsec+1)
1437+ 9C25 ED 5B F8 9B  		ld	de,(bootsec1+1)
1438+ 9C29 DD 4E 0E     		ld	c,(ix+14)
1439+ 9C2C DD 46 0F     		ld	b,(ix+15)
1440+ 9C2F 09           		add	hl,bc
1441+ 9C30 30 01        		jr	nc,.fatlba_no_carry
1442+ 9C32 13           		inc	de
1443+ 9C33              .fatlba_no_carry
1444+ 9C33 22 C6 AA     		ld	(FAT32_FirstFATLBA),hl
1445+ 9C36 ED 53 C8 AA  		ld	(FAT32_FirstFATLBA+2),de
1446+ 9C3A
1447+ 9C3A              ;hotovo pro FAT16. HLDE= root dir pro FAT16
1448+ 9C3A
1449+ 9C3A
1450+ 9C3A DD CB FF 46  		bit	0,(ix-1)
1451+ 9C3E 28 1B        		jr	z,load_root_dir
1452+ 9C40
1453+ 9C40 D9           		exx
1454+ 9C41              					;pro FAT32 musime pokracovat
1455+ 9C41 DD 6E 2C     		ld	l,(ix+44)	;first cluster number of the root directory
1456+ 9C44 DD 66 2D     		ld	h,(ix+45)
1457+ 9C47 DD 5E 2E     		ld	e,(ix+46)
1458+ 9C4A DD 56 2F     		ld	d,(ix+47)
1459+ 9C4D              ;odecteme 2, protoze pokud je cluster ve FAT32=2, pak zacatek root dir je hned za FAT2, jako u FAT16
1460+ 9C4D 3E 02        		ld	a,2
1461+ 9C4F CD 58 AF     		call	SUB32_8
1462+ 9C52 DD 7E 0D     		ld	a,(ix+13)
1463+ 9C55 CD 19 AF     		call	MUL32x8
1464+ 9C58 CD 69 AF     		call	ADD32_32
1465+ 9C5B              					;HLDE=root dir pro FAT32
1466+ 9C5B
1467+ 9C5B              load_root_dir
1468+ 9C5B ~            /*toto je spatne, tohle cislo nechceme tisknout, budeme tisknout soubor do tretiho sloupce
1469+ 9C5B ~            		pop	bc		;tiskova pozice, nechame ji venku, nic ji neposkozuje
1470+ 9C5B ~            		push	hl
1471+ 9C5B ~            		push	de		;dame to bokem
1472+ 9C5B ~
1473+ 9C5B ~            		ld	(zzbin),hl	;nejprve tisk
1474+ 9C5B ~            		ld	(zzbin+2),de
1475+ 9C5B ~
1476+ 9C5B ~            		call	HL2ASCII32
1477+ 9C5B ~            		ld	hl,zzdec+9
1478+ 9C5B ~            		set	7,(hl)
1479+ 9C5B ~            		ld	hl,zzdec
1480+ 9C5B ~            ;		ld	bc,#0B1B
1481+ 9C5B ~            ;		pop	bc
1482+ 9C5B ~            lrd1		ld	a,(hl)
1483+ 9C5B ~            		or	a
1484+ 9C5B ~            		jr	nz,lrd2
1485+ 9C5B ~            		inc	hl
1486+ 9C5B ~            		inc	c
1487+ 9C5B ~            		jr	lrd1
1488+ 9C5B ~
1489+ 9C5B ~            lrd2		call	T42_TEXT	;vypis jeho cislo
1490+ 9C5B ~            					;... a load a vyhledani souboru .MBD/.MBH
1491+ 9C5B ~            		inc	c
1492+ 9C5B ~
1493+ 9C5B ~            		pop	hl
1494+ 9C5B ~            		pop	de		;HLDE=Root Dir FAT32/FAT16
1495+ 9C5B ~            ;uschovame ho, bude ještě potřeba, je to start DIRs sektoru pro FAT16, nebo start datovch sektoru pro FAT32
1496+ 9C5B ~
1497+ 9C5B ~            		push	hl
1498+ 9C5B ~            		push	de
1499+ 9C5B ~
1500+ 9C5B ~            		push	bc		;tiskova pozice
1501+ 9C5B ~
1502+ 9C5B ~            */
1503+ 9C5B C1           		pop	bc
1504+ 9C5C EB           		ex	de,hl
1505+ 9C5D E5           		push	hl
1506+ 9C5E D5           		push	de
1507+ 9C5F C5           		push	bc		;BC=tiskova pozice
1508+ 9C60
1509+ 9C60              ;	ld	ix,BUFFER
1510+ 9C60              ;;;	ld	a,%00000000	;master
1511+ 9C60
1512+ 9C60              ;FAT32: neber prvni MBD podle poradi directory entries.
1513+ 9C60              ;Projdi cely root cluster chain a vyber MBD/MBH s NEJNIZSIM start clusterem,
1514+ 9C60              ;tj. fyzicky prvni image na karte.
1515+ 9C60 3A F9 AA     	ld	a,(fat_type)
1516+ 9C63 CB 47        	bit	0,a
1517+ 9C65 28 0C        	jr	z,.scan_fat16_old
1518+ 9C67
1519+ 9C67 CD C7 9C     	call	FAT32_FIND_LOWEST_MBD
1520+ 9C6A 2A A2 9E     	ld	hl,(VDT_pointer+1)
1521+ 9C6D B7           	or	a
1522+ 9C6E C2 2A 9E     	jp	nz,platne
1523+ 9C71 18 2A        	jr	mbd_not_found
1524+ 9C73
1525+ 9C73              .scan_fat16_old
1526+ 9C73 CD 15 AA     	call	ATA_READ
1527+ 9C76
1528+ 9C76 06 08        	ld	b,8		;; FAT16 zustava beze zmeny: prvnich 8 polozek
1529+ 9C78 11 20 00     	ld	de,32		;; kazda polozka ma 32 bytes
1530+ 9C7B 2A A2 9E     	ld	hl,(VDT_pointer+1)
1531+ 9C7E              nextfile
1532+ 9C7E DD 7E 08     	ld	a,(ix+08h)
1533+ 9C81 FE 4D        	cp	"M"
1534+ 9C83 20 14        	jr	nz, neplatne
1535+ 9C85 DD 7E 09     	ld	a,(ix+09h)
1536+ 9C88 FE 42        	cp	"B"
1537+ 9C8A 20 0D        	jr	nz, neplatne
1538+ 9C8C DD 7E 0A     	ld	a,(ix+0ah)
1539+ 9C8F FE 48        	cp	"H"
1540+ 9C91 CA 2A 9E     	jp	z, platne
1541+ 9C94 FE 44        	cp	"D"
1542+ 9C96 CA 2A 9E     	jp	z, platne
1543+ 9C99              neplatne
1544+ 9C99 DD 19        	add	ix,de
1545+ 9C9B 10 E1        	djnz	nextfile
1546+ 9C9D
1547+ 9C9D              mbd_not_found
1548+ 9C9D CB 8E        	res	1,(hl)		;nastav priznak, ze jde o nepouzitelny oddil, nema MBD soubor
1549+ 9C9F
1550+ 9C9F 21 0B A3     	ld	hl,TEXT_NODATA
1551+ 9CA2 C1           	pop	bc		;tiskova pozice
1552+ 9CA3 CD CA A4     	call	T42_TEXT	;tisk "No Data"= soubor MBD/MBH neni pritomen
1553+ 9CA6
1554+ 9CA6              	; Cely radek teto partition obarvime cervene.
1555+ 9CA6              	; B obsahuje cislo aktualniho textoveho radku.
1556+ 9CA6              	; Atributova oblast ZX zacina na #5800, polozky menu od sloupce 1.
1557+ 9CA6 C5           	push	bc
1558+ 9CA7 78           	ld	a,b
1559+ 9CA8 21 01 58     	ld	hl,#5801
1560+ 9CAB 11 20 00     	ld	de,32
1561+ 9CAE 47           	ld	b,a
1562+ 9CAF              no_data_red_seek
1563+ 9CAF 19           	add	hl,de
1564+ 9CB0 10 FD        	djnz	no_data_red_seek
1565+ 9CB2 06 1D        	ld	b,cursor_len	; stejne dlouhy radek jako kurzor (29 atributu)
1566+ 9CB4 3E 42        	ld	a,66		; bright red ink, black paper
1567+ 9CB6              no_data_red_fill
1568+ 9CB6 77           	ld	(hl),a
1569+ 9CB7 23           	inc	hl
1570+ 9CB8 10 FC        	djnz	no_data_red_fill
1571+ 9CBA C1           	pop	bc
1572+ 9CBB
1573+ 9CBB              	; MBD/MBH se nenasel. Na zasobniku jsou jeste dve 16bitove
1574+ 9CBB              	; poloviny ulozeneho RootDir LBA. Pres l1F uz nesmime pokracovat,
1575+ 9CBB              	; protoze l1F ocekava na vrcholu zasobniku znovu BC a pocita LBA
1576+ 9CBB              	; neexistujiciho souboru. Uklidime RootDir a vratime BC tak, jak ho
1577+ 9CBB              	; ocekava end_partition/ep2.
1578+ 9CBB D1           	pop	de		;zahod ulozene DE RootDir LBA
1579+ 9CBC E1           	pop	hl		;zahod ulozene HL RootDir LBA
1580+ 9CBD C5           	push	bc		;ep2 bude znovu delat POP BC
1581+ 9CBE
1582+ 9CBE              	; No Data je stale jeden kompletni 32B VDT zaznam.
1583+ 9CBE              	; Musime posunout VDT_pointer na nasledujici partition, jinak
1584+ 9CBE              	; se dalsi platna partition zapise do stejneho VDT zaznamu.
1585+ 9CBE 2A A2 9E     	ld	hl,(VDT_pointer+1)
1586+ 9CC1 01 20 00     	ld	bc,32
1587+ 9CC4 C3 AF 9E     	jp	ep3
1588+ 9CC7
1589+ 9CC7
1590+ 9CC7              ;------------------------------------------------------------------------------
1591+ 9CC7              ; FAT32_FIND_LOWEST_MBD
1592+ 9CC7              ; Projde CELÝ ALOKOVANY FAT32 root directory cluster chain a z nalezenych MBD/MBH
1593+ 9CC7              ; vybere soubor s nejmensim start clusterem = fyzicky prvni MBD.
1594+ 9CC7              ;
1595+ 9CC7              ; OUT:
1596+ 9CC7              ;   A=0  ... MBD/MBH nenalezen
1597+ 9CC7              ;   A=1  ... nalezen, IX -> FAT32_BestEntry (32B kopie directory entry)
1598+ 9CC7              ;
1599+ 9CC7              ; Pouziva BUFFER pro directory sektor, BUFFER2 pro sektor FAT.
1600+ 9CC7              ;------------------------------------------------------------------------------
1601+ 9CC7              FAT32_FIND_LOWEST_MBD
1602+ 9CC7 AF           	xor	a
1603+ 9CC8 32 D8 AA     	ld	(FAT32_Found),a
1604+ 9CCB 21 FF FF     	ld	hl,#FFFF
1605+ 9CCE 22 D2 AA     	ld	(FAT32_BestCluster),hl
1606+ 9CD1 22 D4 AA     	ld	(FAT32_BestCluster+2),hl
1607+ 9CD4
1608+ 9CD4              .f32_cluster_loop
1609+ 9CD4              	; DirLBA = FirstDataLBA + (CurCluster-2) * SecPerClus
1610+ 9CD4              	; Pouzij existujici 32bit math rutiny; pouze platne Z80 instrukce.
1611+ 9CD4 2A CA AA     	ld	hl,(FAT32_CurCluster)
1612+ 9CD7 ED 5B CC AA  	ld	de,(FAT32_CurCluster+2)
1613+ 9CDB 3E 02        	ld	a,2
1614+ 9CDD CD 58 AF     	call	SUB32_8
1615+ 9CE0 3A D6 AA     	ld	a,(FAT32_SecPerClus)
1616+ 9CE3 CD 19 AF     	call	MUL32x8
1617+ 9CE6 D9           	exx
1618+ 9CE7 2A C2 AA     	ld	hl,(FirstDataLBA)
1619+ 9CEA ED 5B C4 AA  	ld	de,(FirstDataLBA+2)
1620+ 9CEE CD 69 AF     	call	ADD32_32
1621+ 9CF1
1622+ 9CF1 22 CE AA     	ld	(FAT32_DirLBA),hl
1623+ 9CF4 ED 53 D0 AA  	ld	(FAT32_DirLBA+2),de
1624+ 9CF8
1625+ 9CF8 3A D6 AA     	ld	a,(FAT32_SecPerClus)
1626+ 9CFB 32 D7 AA     	ld	(FAT32_SectorsLeft),a
1627+ 9CFE
1628+ 9CFE              .f32_sector_loop
1629+ 9CFE ED 5B CE AA  	ld	de,(FAT32_DirLBA)
1630+ 9D02 2A D0 AA     	ld	hl,(FAT32_DirLBA+2)
1631+ 9D05 DD 21 FA AA  	ld	ix,BUFFER
1632+ 9D09 CD 15 AA     	call	ATA_READ
1633+ 9D0C
1634+ 9D0C 06 10        	ld	b,16			; cely 512B sektor = 16 x 32B entries
1635+ 9D0E DD 21 FA AA  	ld	ix,BUFFER
1636+ 9D12
1637+ 9D12              .f32_entry_loop
1638+ 9D12 DD 7E 00     	ld	a,(ix+0)
1639+ 9D15 B7           	or	a
1640+ 9D16 CA 8C 9D     	jp	z,.f32_next_entry	; 00 = volna/nepouzita polozka; projdeme cely alokovany root chain
1641+ 9D19 FE E5        	cp	#E5
1642+ 9D1B CA 8C 9D     	jp	z,.f32_next_entry	; deleted
1643+ 9D1E
1644+ 9D1E DD 7E 0B     	ld	a,(ix+11)
1645+ 9D21 FE 0F        	cp	#0F
1646+ 9D23 28 67        	jr	z,.f32_next_entry	; LFN
1647+ 9D25 CB 5F        	bit	3,a
1648+ 9D27 20 63        	jr	nz,.f32_next_entry	; volume label
1649+ 9D29 CB 67        	bit	4,a
1650+ 9D2B 20 5F        	jr	nz,.f32_next_entry	; directory
1651+ 9D2D
1652+ 9D2D DD 7E 08     	ld	a,(ix+8)
1653+ 9D30 FE 4D        	cp	"M"
1654+ 9D32 20 58        	jr	nz,.f32_next_entry
1655+ 9D34 DD 7E 09     	ld	a,(ix+9)
1656+ 9D37 FE 42        	cp	"B"
1657+ 9D39 20 51        	jr	nz,.f32_next_entry
1658+ 9D3B DD 7E 0A     	ld	a,(ix+10)
1659+ 9D3E FE 44        	cp	"D"
1660+ 9D40 28 04        	jr	z,.f32_candidate
1661+ 9D42 FE 48        	cp	"H"
1662+ 9D44 20 46        	jr	nz,.f32_next_entry
1663+ 9D46
1664+ 9D46              .f32_candidate
1665+ 9D46              	; FAT32 start cluster: HI word @20, LO word @26
1666+ 9D46 DD 6E 1A     	ld	l,(ix+26)
1667+ 9D49 DD 66 1B     	ld	h,(ix+27)
1668+ 9D4C DD 5E 14     	ld	e,(ix+20)
1669+ 9D4F DD 7E 15     	ld	a,(ix+21)
1670+ 9D52 E6 0F        	and	#0F
1671+ 9D54 57           	ld	d,a
1672+ 9D55
1673+ 9D55              	; cluster 0/1 neni platny datovy cluster
1674+ 9D55 7A           	ld	a,d
1675+ 9D56 B3           	or	e
1676+ 9D57 B4           	or	h
1677+ 9D58 20 05        	jr	nz,.f32_compare
1678+ 9D5A 7D           	ld	a,l
1679+ 9D5B FE 02        	cp	2
1680+ 9D5D 38 2D        	jr	c,.f32_next_entry
1681+ 9D5F
1682+ 9D5F              .f32_compare
1683+ 9D5F              	; unsigned 32bit: DEHL < BestCluster ?
1684+ 9D5F              	; candidate-Best, carry z horniho slova znamena candidate < Best.
1685+ 9D5F D5           	push	de
1686+ 9D60 E5           	push	hl
1687+ 9D61 ED 4B D2 AA  	ld	bc,(FAT32_BestCluster)
1688+ 9D65 B7           	or	a
1689+ 9D66 ED 42        	sbc	hl,bc
1690+ 9D68 EB           	ex	de,hl
1691+ 9D69 ED 4B D4 AA  	ld	bc,(FAT32_BestCluster+2)
1692+ 9D6D ED 42        	sbc	hl,bc
1693+ 9D6F E1           	pop	hl
1694+ 9D70 D1           	pop	de
1695+ 9D71 30 19        	jr	nc,.f32_next_entry
1696+ 9D73
1697+ 9D73              .f32_new_best
1698+ 9D73 22 D2 AA     	ld	(FAT32_BestCluster),hl
1699+ 9D76 ED 53 D4 AA  	ld	(FAT32_BestCluster+2),de
1700+ 9D7A
1701+ 9D7A C5           	push	bc			; zachovej B = pocitadlo directory entries
1702+ 9D7B DD E5        	push	ix
1703+ 9D7D E1           	pop	hl
1704+ 9D7E 11 D9 AA     	ld	de,FAT32_BestEntry
1705+ 9D81 01 20 00     	ld	bc,32
1706+ 9D84 ED B0        	ldir
1707+ 9D86 C1           	pop	bc
1708+ 9D87 3E 01        	ld	a,1
1709+ 9D89 32 D8 AA     	ld	(FAT32_Found),a
1710+ 9D8C
1711+ 9D8C              .f32_next_entry
1712+ 9D8C 11 20 00     	ld	de,32
1713+ 9D8F DD 19        	add	ix,de
1714+ 9D91 05           	dec	b
1715+ 9D92 C2 12 9D     	jp	nz,.f32_entry_loop
1716+ 9D95
1717+ 9D95              	; dalsi sektor stejneho root clusteru
1718+ 9D95 21 CE AA     	ld	hl,FAT32_DirLBA
1719+ 9D98 34           	inc	(hl)
1720+ 9D99 20 0A        	jr	nz,.f32_lba_inc_done
1721+ 9D9B 23           	inc	hl
1722+ 9D9C 34           	inc	(hl)
1723+ 9D9D 20 06        	jr	nz,.f32_lba_inc_done
1724+ 9D9F 23           	inc	hl
1725+ 9DA0 34           	inc	(hl)
1726+ 9DA1 20 02        	jr	nz,.f32_lba_inc_done
1727+ 9DA3 23           	inc	hl
1728+ 9DA4 34           	inc	(hl)
1729+ 9DA5              .f32_lba_inc_done
1730+ 9DA5
1731+ 9DA5 3A D7 AA     	ld	a,(FAT32_SectorsLeft)
1732+ 9DA8 3D           	dec	a
1733+ 9DA9 32 D7 AA     	ld	(FAT32_SectorsLeft),a
1734+ 9DAC C2 FE 9C     	jp	nz,.f32_sector_loop
1735+ 9DAF
1736+ 9DAF              	; Nacti FAT entry pro aktualni root cluster.
1737+ 9DAF              	; FAT32 ma 128 zaznamu/sektor => FAT sector = cluster >> 7.
1738+ 9DAF              	; CurCluster je little-endian 32bit; FAT32 pouziva jen 28 bitu.
1739+ 9DAF 3A CA AA     	ld	a,(FAT32_CurCluster)
1740+ 9DB2 67           	ld	h,a
1741+ 9DB3 3A CB AA     	ld	a,(FAT32_CurCluster+1)
1742+ 9DB6 6F           	ld	l,a
1743+ 9DB7 3A CC AA     	ld	a,(FAT32_CurCluster+2)
1744+ 9DBA 5F           	ld	e,a
1745+ 9DBB 16 00        	ld	d,0
1746+ 9DBD 29           	add	hl,hl
1747+ 9DBE CB 13        	rl	e
1748+ 9DC0 CB 12        	rl	d
1749+ 9DC2 65           	ld	h,l
1750+ 9DC3 6B           	ld	l,e
1751+ 9DC4 5A           	ld	e,d
1752+ 9DC5 16 00        	ld	d,0
1753+ 9DC7
1754+ 9DC7              	; DEHL = cluster>>7; pricteme absolutni LBA prvni FAT.
1755+ 9DC7 ED 4B C6 AA  	ld	bc,(FAT32_FirstFATLBA)
1756+ 9DCB 09           	add	hl,bc
1757+ 9DCC EB           	ex	de,hl
1758+ 9DCD ED 4B C8 AA  	ld	bc,(FAT32_FirstFATLBA+2)
1759+ 9DD1 ED 4A        	adc	hl,bc
1760+ 9DD3 EB           	ex	de,hl
1761+ 9DD4
1762+ 9DD4 EB           	ex	de,hl			; ATA_READ: HL=upper, DE=lower
1763+ 9DD5 DD 21 FA AC  	ld	ix,BUFFER2
1764+ 9DD9 CD 15 AA     	call	ATA_READ
1765+ 9DDC
1766+ 9DDC              	; offset v FAT sektoru = (cluster & 127)*4
1767+ 9DDC 3A CA AA     	ld	a,(FAT32_CurCluster)
1768+ 9DDF E6 7F        	and	#7F
1769+ 9DE1 87           	add	a,a
1770+ 9DE2 87           	add	a,a
1771+ 9DE3 6F           	ld	l,a
1772+ 9DE4 26 00        	ld	h,0
1773+ 9DE6 11 FA AC     	ld	de,BUFFER2
1774+ 9DE9 19           	add	hl,de
1775+ 9DEA
1776+ 9DEA 5E           	ld	e,(hl)
1777+ 9DEB 23           	inc	hl
1778+ 9DEC 56           	ld	d,(hl)
1779+ 9DED 23           	inc	hl
1780+ 9DEE 4E           	ld	c,(hl)
1781+ 9DEF 23           	inc	hl
1782+ 9DF0 7E           	ld	a,(hl)
1783+ 9DF1 E6 0F        	and	#0F
1784+ 9DF3 47           	ld	b,a			; BCDE = next cluster (B highest)
1785+ 9DF4
1786+ 9DF4              	; EOC >= 0FFFFFF8, bad cluster 0FFFFFF7 take also as end.
1787+ 9DF4 78           	ld	a,b
1788+ 9DF5 FE 0F        	cp	#0F
1789+ 9DF7 20 0F        	jr	nz,.f32_store_next
1790+ 9DF9 79           	ld	a,c
1791+ 9DFA FE FF        	cp	#FF
1792+ 9DFC 20 0A        	jr	nz,.f32_store_next
1793+ 9DFE 7A           	ld	a,d
1794+ 9DFF FE FF        	cp	#FF
1795+ 9E01 20 05        	jr	nz,.f32_store_next
1796+ 9E03 7B           	ld	a,e
1797+ 9E04 FE F7        	cp	#F7
1798+ 9E06 30 16        	jr	nc,.f32_directory_end
1799+ 9E08
1800+ 9E08              .f32_store_next
1801+ 9E08              	; 0/1 = invalid chain => konec
1802+ 9E08 78           	ld	a,b
1803+ 9E09 B1           	or	c
1804+ 9E0A B2           	or	d
1805+ 9E0B 20 05        	jr	nz,.f32_next_valid
1806+ 9E0D 7B           	ld	a,e
1807+ 9E0E FE 02        	cp	2
1808+ 9E10 38 0C        	jr	c,.f32_directory_end
1809+ 9E12              .f32_next_valid
1810+ 9E12
1811+ 9E12 ED 53 CA AA  	ld	(FAT32_CurCluster),de
1812+ 9E16 60           	ld	h,b
1813+ 9E17 69           	ld	l,c
1814+ 9E18 22 CC AA     	ld	(FAT32_CurCluster+2),hl
1815+ 9E1B C3 D4 9C     	jp	.f32_cluster_loop
1816+ 9E1E
1817+ 9E1E              .f32_directory_end
1818+ 9E1E 3A D8 AA     	ld	a,(FAT32_Found)
1819+ 9E21 B7           	or	a
1820+ 9E22 C8           	ret	z
1821+ 9E23 DD 21 D9 AA  	ld	ix,FAT32_BestEntry
1822+ 9E27 3E 01        	ld	a,1
1823+ 9E29 C9           	ret
1824+ 9E2A
1825+ 9E2A              ;Skutečná fyzická pozice souboru na disku se spočítá tak, že se od čísla clusteru odečte 2, to se vynásobí počtem sektorů na cluster a přičte se začátek datové oblasti. Stejne pro FAT16 i FAT32.
1826+ 9E2A
1827+ 9E2A CB CE        platne	set	1,(hl)
1828+ 9E2C C1           	pop	bc		;tiskova pozice
1829+ 9E2D DD E5        	push	ix
1830+ 9E2F E1           	pop	hl
1831+ 9E30 DD CB 0A FE  	set	7,(ix+10)
1832+ 9E34 CD CA A4     	call	T42_TEXT	;vypis jeho nazev
1833+ 9E37 C5           	push	bc		;tiskova pozice
1834+ 9E38 DD 6E 1A     	ld	l,(ix+26)	;;cluster na kterem zacina soubor
1835+ 9E3B DD 66 1B     	ld	h,(ix+27)
1836+ 9E3E DD 5E 14     	ld	e,(ix+20)
1837+ 9E41 DD 56 15     	ld	d,(ix+21)	;hlde=cluster of a file
1838+ 9E44 3E 02        	ld	a,2		;nutno odecist 2
1839+ 9E46 CD 58 AF     	call	SUB32_8
1840+ 9E49
1841+ 9E49 3E 55        l1F	ld	a,#55		;pocet sektoru na cluster
1842+ 9E4B CD 19 AF     	call	MUL32x8		;vysledek v HLDE
1843+ 9E4E D9           	exx				;offset souboru presun do alternativnich registru
1844+ 9E4F C1           	pop	bc		;tiskova pozice
1845+ 9E50 E1           	pop	hl
1846+ 9E51 D1           	pop	de		;HLDE=Root Dir FAT32/FAT16
1847+ 9E52 C5           	push	bc		;tiskova pozice
1848+ 9E53
1849+ 9E53              	; V tomto miste uz IX ukazuje na adresarovou polozku MBD, proto nelze
1850+ 9E53              	; testovat FAT typ pres (ix+0). Pouzij globalni priznak fat_type.
1851+ 9E53 3A F9 AA     	ld	a,(fat_type)
1852+ 9E56 CB 47        	bit	0,a
1853+ 9E58 28 0C        	jr	z,l1F_fat16
1854+ 9E5A
1855+ 9E5A              	; FAT32: zakladem pro prevod clusteru souboru je FirstDataLBA,
1856+ 9E5A              	; nikoli RootDirLBA (RootClus nemusi byt 2).
1857+ 9E5A 2A C2 AA     	ld	hl,(FirstDataLBA)
1858+ 9E5D ED 5B C4 AA  	ld	de,(FirstDataLBA+2)
1859+ 9E61 CD 69 AF     	call	ADD32_32
1860+ 9E64 18 0A        	jr	end_partition
1861+ 9E66
1862+ 9E66              				;FAT16: k RootDirLBA nejprve pricteme offset souboru
1863+ 9E66 CD 69 AF     l1F_fat16	call	ADD32_32
1864+ 9E69
1865+ 9E69              				;pak jeste velikost pevneho Root Directory
1866+ 9E69 D9           	exx
1867+ 9E6A
1868+ 9E6A 21 55 55     RootEntCnt	ld	hl,#5555
1869+ 9E6D CD 69 AF     		call	ADD32_32
1870+ 9E70
1871+ 9E70              				;v HLDE je prvni sektor image MBD/MBH, i pro FAT32:)
1872+ 9E70
1873+ 9E70 ~            /*
1874+ 9E70 ~            osetrit:
1875+ 9E70 ~            - DONE neni MBR- pak bude svitit jen jeden radek ve vyisu, a bude snaha datekovat FAT16/FAT32/other
1876+ 9E70 ~            - DONE partisna neni FAT16/FAT32- nech sviti napis "oth" a skoci se na detekci dalsi partisny
1877+ 9E70 ~            - DONE partisna je FAT16/FAT32, ale soubor se nenasel- pak necht sviti cervene No File.
1878+ 9E70 ~            - nyni se automaticky vezme prvni partisna, do VDT, ale chceme tam dat user defined, tzn, pridat kurzor!!!
1879+ 9E70 ~
1880+ 9E70 ~            Nasledne tyto 3 stavy se musi vepsat do VDT tabulky
1881+ 9E70 ~
1882+ 9E70 ~
1883+ 9E70 ~            nova specifikace VDT:
1884+ 9E70 ~            - disk muze mit max 4 primarni partisny. Udaje o nich jsou v MBR v nultem sektoru disku.
1885+ 9E70 ~            - budou dve VDT tabulky pro master a slave= 5x32= 256 bajtu= celkova delka VDT tabulky
1886+ 9E70 ~
1887+ 9E70 ~            - struktura 1 zaznamu (z osmi) ve VDT tabulce:
1888+ 9E70 ~            ;offset	pocet	popis
1889+ 9E70 ~            **********************
1890+ 9E70 ~            ;0	1	info bajt
1891+ 9E70 ~            ;1	4	first LBA sector of first MBD/MBH file on disk
1892+ 9E70 ~            ;2	1	reserved
1893+ 9E70 ~            ;3	26	user defined text
1894+ 9E70 ~
1895+ 9E70 ~
1896+ 9E70 ~            info bajt o oddilu rika:
1897+ 9E70 ~            ;bit 0		0= oddil FAT16/32 jakozto MBR neexistuje
1898+ 9E70 ~            		1= oddil FAT16/32 jakozto MBR existuje
1899+ 9E70 ~            ;bit 1		1= pouzitelny oddil pro speccy (tj. obsahuje jako prvni MBD soubor, lze ho pouzit)
1900+ 9E70 ~            		0= nepouzitelny oddil pro speccy (tj. neobsahuje MBD soubor)
1901+ 9E70 ~            ;bit 2		0= pokud je bit 1 nulovy, pak 0=zadna smysluplna data nejsou na disku pritomna, 1=jde o disk FAT16/FAT32 bez MBR (bit 3 je pak platny). Pokud je bit 1 nenulovy, pak 0= oddil se nepouziva, 1= oddil se pouziva*
1902+ 9E70 ~            ;bit 3		0= FAT16, 1=FAT32 (volitelne)
1903+ 9E70 ~            ;bity 4-7	rezervovane
1904+ 9E70 ~            ;*v BSDOSu muze soucasne fungovat jen jeden oddil
1905+ 9E70 ~
1906+ 9E70 ~            */
1907+ 9E70
1908+ 9E70              end_partition
1909+ 9E70              ;		cp	4
1910+ 9E70              ;		jr	nz,ep2			;NZ= nejdo o prvni partisnu
1911+ 9E70
1912+ 9E70 ~            /*
1913+ 9E70 ~            ;zatim budou data ve vsech partisnach
1914+ 9E70 ~            ;pokud je General setting nastavena autoconfigurace, tak ulozi vypocteny prvni datovy sector
1915+ 9E70 ~            ;		ld	c,a
1916+ 9E70 ~            		ld	a,(@autoconfig)
1917+ 9E70 ~            		or	a
1918+ 9E70 ~            ;		ld	a,c
1919+ 9E70 ~            ;		jr	z,nemenfirstdatasectorm1
1920+ 9E70 ~            		jr	z,ep2
1921+ 9E70 ~            ;davame to pryc, koncepce autoconfigu bude jina, bude auto, nebo manualne
1922+ 9E70 ~            */
1923+ 9E70
1924+ 9E70 44           		ld	b,h
1925+ 9E71 4D           		ld	c,l		;dame HL do BC, abychomm mohli vyplnovat VDT tabulku
1926+ 9E72
1927+ 9E72 2A A2 9E     		ld	hl,(VDT_pointer+1)	;zjistime, zda se nasel MBD soubor
1928+ 9E75 CB 4E        		bit	1,(hl)
1929+ 9E77 28 3A        		jr	z,ep2			;Z=neobashuje MBD soubor
1930+ 9E79
1931+ 9E79 60           		ld	h,b
1932+ 9E7A 69           		ld	l,c
1933+ 9E7B
1934+ 9E7B C1           		pop	bc		;BC=tiskova pozice
1935+ 9E7C              						;obsahuje, tak vypiseme na obrazovku jeho cislo
1936+ 9E7C E5           		push	hl
1937+ 9E7D D5           		push	de			;BCDE= prvni sektor MBD souboru
1938+ 9E7E
1939+ 9E7E 22 A1 99     		ld	(zzbin),hl	;nejprve tisk
1940+ 9E81 ED 53 A3 99  		ld	(zzbin+2),de
1941+ 9E85
1942+ 9E85 CD 57 99     		call	HL2ASCII32
1943+ 9E88 21 AE 99     		ld	hl,zzdec+9
1944+ 9E8B CB FE        		set	7,(hl)
1945+ 9E8D 21 A5 99     		ld	hl,zzdec
1946+ 9E90              ;		ld	bc,#0B1B
1947+ 9E90              ;		pop	bc
1948+ 9E90 7E           lrd1		ld	a,(hl)
1949+ 9E91 B7           		or	a
1950+ 9E92 20 04        		jr	nz,lrd2
1951+ 9E94 23           		inc	hl
1952+ 9E95 0C           		inc	c
1953+ 9E96 18 F8        		jr	lrd1
1954+ 9E98
1955+ 9E98
1956+ 9E98 0C           lrd2		inc	c		;jeste posun, aby cislo nebylo nalepeno na predchozi text, pokud bude cislo 10 mist
1957+ 9E99 CD CA A4     		call	T42_TEXT	;vypis jeho cislo
1958+ 9E9C
1959+ 9E9C D1           		pop	de
1960+ 9E9D E1           		pop	hl			;HLDE=prvni sektor MBD souboru
1961+ 9E9E
1962+ 9E9E C5           		push	bc		;schovej tiskovou pozici
1963+ 9E9F 4D           		ld	c,l
1964+ 9EA0 44           		ld	b,h
1965+ 9EA1
1966+ 9EA1 21 55 55     VDT_pointer	ld	hl,#5555
1967+ 9EA4 23           		inc	hl
1968+ 9EA5 71           		ld	(hl),c
1969+ 9EA6 23           		inc	hl
1970+ 9EA7 70           		ld	(hl),b
1971+ 9EA8 23           		inc	hl
1972+ 9EA9 73           		ld	(hl),e
1973+ 9EAA 23           		inc	hl
1974+ 9EAB 72           		ld	(hl),d
1975+ 9EAC 01 1C 00     		ld	bc,28
1976+ 9EAF 09           ep3		add	hl,bc
1977+ 9EB0 22 A2 9E     		ld	(VDT_pointer+1),hl	;datove sektory jsou vepsany do tabulky, tabulka je pripravena na dalsi zapis
1978+ 9EB3
1979+ 9EB3              ;		ld	de,VDT+5
1980+ 9EB3              ;		ex	de,hl
1981+ 9EB3              ;		ld	(hl),e
1982+ 9EB3              ;		inc	hl
1983+ 9EB3              ;		ld	(hl),d
1984+ 9EB3
1985+ 9EB3 C1           ep2		pop	bc			;BC=tiskova pozice
1986+ 9EB4 DD E1        		pop	ix
1987+ 9EB6 F1           		pop	af
1988+ 9EB7
1989+ 9EB7 04           		inc	b			;zvys poradovy radek
1990+ 9EB8 11 10 00     		ld	de,16
1991+ 9EBB DD 19        		add	ix,de			;move pointer to another partition
1992+ 9EBD 3D           		dec	a
1993+ 9EBE C2 C7 99     ep1		jp	nz,test_partitions		;moc daleko, musim vymyslet jinak
1994+ 9EC1
1995+ 9EC1 18 12        		jr	nemenfirstdatasectorm1
1996+ 9EC3
1997+ 9EC3              no_partition	;ld	b,#C			;nulovy zaznam v MBR
1998+ 9EC3              		;ld	c,1
1999+ 9EC3 C1           		pop	bc			;tiskova pozice
2000+ 9EC4 C5           		push	bc			;tiskova pozice- znovu ji ulozime
2001+ 9EC5 21 14 A3     		ld	hl,TEXT_PART_EMPTY
2002+ 9EC8 CD CA A4     		call	T42_TEXT
2003+ 9ECB AF           		xor	a
2004+ 9ECC 2A A2 9E     		ld	hl,(VDT_pointer+1)
2005+ 9ECF 77           		ld	(hl),a		;nastav bity ve VDT k teto partisne na 0
2006+ 9ED0 01 20 00     		ld	bc,32			; VDT zaznam ma 32 bajtu; HL je zde na offsetu 0
2007+ 9ED3 18 DA        		jr	ep3
2008+ 9ED5
2009+ 9ED5              ;stary kod-testuje jen prvni partisnu
2010+ 9ED5              nemenfirstdatasectorm1
2011+ 9ED5 ~            /*
2012+ 9ED5 ~            ;nacteni MBR
2013+ 9ED5 ~            	ld	ix,BUFFER
2014+ 9ED5 ~            ;;;	ld	a,%00000000	;master
2015+ 9ED5 ~            	ld	hl,0
2016+ 9ED5 ~            	ld	de,0		;HLDE = LBA 0
2017+ 9ED5 ~            	call	ATA_READ
2018+ 9ED5 ~            ; dodelat osetreni erroru
2019+ 9ED5 ~            	inc	hx
2020+ 9ED5 ~            	inc	hx		;+512
2021+ 9ED5 ~
2022+ 9ED5 ~            	ld	a,(ix-64+2)	;text typu 1. oddilu (FAT16/FAT32/jiny)
2023+ 9ED5 ~            	ld	hl,TEXT_FAT32
2024+ 9ED5 ~            	ld	bc,#0c12
2025+ 9ED5 ~            	ld	e,0
2026+ 9ED5 ~            	cp	#B		;pro typ oddilu FAT32
2027+ 9ED5 ~            	jr	z,part_text
2028+ 9ED5 ~            	cp	#C
2029+ 9ED5 ~            	jr	z,part_text
2030+ 9ED5 ~
2031+ 9ED5 ~            	inc	e
2032+ 9ED5 ~            	ld	hl,TEXT_FAT16
2033+ 9ED5 ~            	cp	6		;pro typ oddilu FAT16
2034+ 9ED5 ~            	jr	z,part_text
2035+ 9ED5 ~            	cp	4
2036+ 9ED5 ~            	jr	z,part_text
2037+ 9ED5 ~            	cp	#E
2038+ 9ED5 ~            	jr	z,part_text
2039+ 9ED5 ~
2040+ 9ED5 ~            	ld	hl,TEXT_OTHER
2041+ 9ED5 ~
2042+ 9ED5 ~            part_text
2043+ 9ED5 ~            	ld	a,e
2044+ 9ED5 ~            	ld	(part_type+1),a
2045+ 9ED5 ~            	call	T42_TEXT
2046+ 9ED5 ~
2047+ 9ED5 ~            ;; novy kod je-li vubec MBR pritomen
2048+ 9ED5 ~            	ld	de,0		;;FAT boot sector zacina na LBA0, pokud neni MBR
2049+ 9ED5 ~            	ld	a,(ix-66)	;;1BE
2050+ 9ED5 ~            	and	127		;;80h or 00h MRB first partion table does exist
2051+ 9ED5 ~            	jr	nz, MBRno
2052+ 9ED5 ~            	ld	a,(ix-64)	;;1C0
2053+ 9ED5 ~            	and	a		;;pokud existuje patition, tak sector je nenulova
2054+ 9ED5 ~            	jr	z, MBRno
2055+ 9ED5 ~            MBRyes
2056+ 9ED5 ~            ;; end of novy kod je-li vubec MBR pritomen
2057+ 9ED5 ~            	ld	e,(ix-58)	;info o prvni partition zacina na #1BE
2058+ 9ED5 ~            	ld	d,(ix-57)
2059+ 9ED5 ~            MBRno	ex	de,hl		;v hl je cislo sectoru kde zacina boot prvni par.
2060+ 9ED5 ~            	ld	(bootsec+1),hl	;schovame cislo bootsectoru pro vypocet
2061+ 9ED5 ~            	ld	bc,#0B10
2062+ 9ED5 ~            	push	hl
2063+ 9ED5 ~            	call	NUMBER3
2064+ 9ED5 ~            ;nacteni BOOT sectoru prvni partition
2065+ 9ED5 ~            	pop	hl
2066+ 9ED5 ~            	ld	de,0		;HLDE = 32bit LBA, zde hornich 16 bitu = 0
2067+ 9ED5 ~            	ld	ix,BUFFER
2068+ 9ED5 ~            	call	ATA_READ
2069+ 9ED5 ~            ; dodelat osetreni erroru
2070+ 9ED5 ~            ; vypocet datove oblasti prvniho souboru
2071+ 9ED5 ~
2072+ 9ED5 ~            	ld	hl,TEXTDATASEC
2073+ 9ED5 ~            	ld	bc,#0B15
2074+ 9ED5 ~            	call	T42_TEXT
2075+ 9ED5 ~
2076+ 9ED5 ~            bootsec	ld	hl,0
2077+ 9ED5 ~            	ld	e,(ix+14)	;pricteme sectory pred FAT
2078+ 9ED5 ~            	ld	d,(ix+15)
2079+ 9ED5 ~            	add	hl,de
2080+ 9ED5 ~            	push	hl
2081+ 9ED5 ~            	push	ix
2082+ 9ED5 ~            	ld	e,(ix+16)	;pocet FAT
2083+ 9ED5 ~            	ld	d,0
2084+ 9ED5 ~            part_type
2085+ 9ED5 ~            	ld	a,#55		;either 0 (FAT32) or 1 (FAT16)
2086+ 9ED5 ~            	or	a
2087+ 9ED5 ~            	jr	z,part_32
2088+ 9ED5 ~            	ld	l,(ix+22)	;pocet sektoru FATky ve FAT 16
2089+ 9ED5 ~            	ld	h,(ix+23)
2090+ 9ED5 ~            	jr	part_c
2091+ 9ED5 ~            part_32	ld	l,(ix+36)	;pocet sekotru FATky ve FAT 32
2092+ 9ED5 ~            	ld	h,(ix+37)
2093+ 9ED5 ~            part_c	call	nasobeniHLDE.nasob	;vysledek v IXHL
2094+ 9ED5 ~            	pop	ix
2095+ 9ED5 ~            	pop	de
2096+ 9ED5 ~            	add	hl,de		;pricteme jen spodnich 16 bitu
2097+ 9ED5 ~            	;; v HL je LBA Root Directory sectoru
2098+ 9ED5 ~            	ld	e,(ix+17)	;pocet polozek v ROOTu
2099+ 9ED5 ~            	ld	d,(ix+18)
2100+ 9ED5 ~            ;; novy kod pro vypocet prvniho datoveho sektoru s ohleden na souboru v rootu
2101+ 9ED5 ~            	ld	c,(ix+0dh)	;;pocet sectoru v clusteru, obvykle 64 (32KB cluster)
2102+ 9ED5 ~            	ld	b,0
2103+ 9ED5 ~            	push	de
2104+ 9ED5 ~            	push	hl
2105+ 9ED5 ~            	push	bc
2106+ 9ED5 ~            	;;nacteni Root Directory sectoru
2107+ 9ED5 ~            	ld	de,0		;HLDE = 32bit LBA, zde hornich 16 bitu = 0
2108+ 9ED5 ~            	ld	ix,BUFFER
2109+ 9ED5 ~            	call	ATA_READ
2110+ 9ED5 ~
2111+ 9ED5 ~            	ld	b,8		;;prohledam prvnich 8 polozek, jestli zde neni mbd nebo mbh soubor, hledam jen priponu
2112+ 9ED5 ~            	ld	de,32		;; kazda polozka ma 32 bytes
2113+ 9ED5 ~            nextfile
2114+ 9ED5 ~            	ld	a,(ix+08h)
2115+ 9ED5 ~            	cp	"M"
2116+ 9ED5 ~            	jr	nz, neplatne
2117+ 9ED5 ~            	ld	a,(ix+09h)
2118+ 9ED5 ~            	cp	"B"
2119+ 9ED5 ~            	jr	nz, neplatne
2120+ 9ED5 ~            	ld	a,(ix+0ah)
2121+ 9ED5 ~            	cp	"H"
2122+ 9ED5 ~            	jp	z, platne
2123+ 9ED5 ~            	cp	"D"
2124+ 9ED5 ~            	jp	z, platne
2125+ 9ED5 ~            neplatne
2126+ 9ED5 ~            	add	ix,de
2127+ 9ED5 ~            	djnz	nextfile
2128+ 9ED5 ~            	ld	e,2		;;pokud nenajdu pouziji cluster 0
2129+ 9ED5 ~            	jr	l1F
2130+ 9ED5 ~
2131+ 9ED5 ~
2132+ 9ED5 ~            platne	ld	e,(ix+1ah)	;;cluster na kterem zacina soubor
2133+ 9ED5 ~            l1F	ld	d,0
2134+ 9ED5 ~            	dec	de		;;The clusters are numbered starting at 2, not 0! So the above calculation has to have 2 added to it to get the cluster number of a given allocation unit...and a cluster number is converted to an allocation unit number by subtracting 2...!
2135+ 9ED5 ~            	dec	de
2136+ 9ED5 ~            	pop	hl		;;pocet sectoru v clusteru, obvykle 64 (32KB cluster)
2137+ 9ED5 ~            	call	nasobeniHLDE.nasob	;; vysledek v IXHL
2138+ 9ED5 ~            	ex	de,hl
2139+ 9ED5 ~            	pop	hl		;; v HL je LBA Root Directory sectoru
2140+ 9ED5 ~            	add	hl,de
2141+ 9ED5 ~            	pop	de
2142+ 9ED5 ~            ;; konec kodu pro vypocet prvniho datoveho sektoru s ohleden na souboru v rootu
2143+ 9ED5 ~            	; vydelime 16; predpokladame velikost sec. 512 a 32bytu v root polozce
2144+ 9ED5 ~            	ld	b,4
2145+ 9ED5 ~            ctyrikrat1
2146+ 9ED5 ~            	srl	d
2147+ 9ED5 ~            	rr	e
2148+ 9ED5 ~            	djnz	ctyrikrat1
2149+ 9ED5 ~            	add	hl,de
2150+ 9ED5 ~            	push	hl
2151+ 9ED5 ~            	ld	bc,#0B23
2152+ 9ED5 ~            	call	NUMBER4
2153+ 9ED5 ~            	pop	hl
2154+ 9ED5 ~            ;pokud je General setting nastavena autoconfigurace, tak ulozi vypocteny prvni datovy sector
2155+ 9ED5 ~
2156+ 9ED5 ~            	ld	a,(@autoconfig)
2157+ 9ED5 ~            	or	a
2158+ 9ED5 ~            	jr	z,nemenfirstdatasectorm1
2159+ 9ED5 ~            	ld	de,VDT+5
2160+ 9ED5 ~            	ex	de,hl
2161+ 9ED5 ~            	ld	(hl),e
2162+ 9ED5 ~            	inc	hl
2163+ 9ED5 ~            	ld	(hl),d
2164+ 9ED5 ~
2165+ 9ED5 ~            nemenfirstdatasectorm1
2166+ 9ED5 ~            ;/*
2167+ 9ED5 ~            ;LBA Total sectors
2168+ 9ED5 ~            ;
2169+ 9ED5 ~            ;	ld	hl,(BUFFER+200)
2170+ 9ED5 ~            ;	ld	(D1LBA),hl
2171+ 9ED5 ~            ;	ld	bc,#0A24
2172+ 9ED5 ~            ;	call	NUMBER4
2173+ 9ED5 ~            ;
2174+ 9ED5 ~            ;	ld	hl,(BUFFER+202)
2175+ 9ED5 ~            ;	ld	(D1LBA+2),hl
2176+ 9ED5 ~            ;	ld	bc,#0A1E
2177+ 9ED5 ~            ;	call	NUMBER4
2178+ 9ED5 ~            ;
2179+ 9ED5 ~            ;	ld	hl,(BUFFER+204)
2180+ 9ED5 ~            ;	ld	(D1LBA+4),hl
2181+ 9ED5 ~            ;	ld	bc,#0A18
2182+ 9ED5 ~            ;	call	NUMBER4
2183+ 9ED5 ~            ;
2184+ 9ED5 ~            ;
2185+ 9ED5 ~            ;	ld	hl,TEXT16
2186+ 9ED5 ~            ;LER1
2187+ 9ED5 ~            ;	ld	bc,#050F
2188+ 9ED5 ~            ;	call	T42_TEXT
2189+ 9ED5 ~            ;
2190+ 9ED5 ~            ;	pop	af
2191+ 9ED5 ~            ;	ld	h,0
2192+ 9ED5 ~            ;	ld	l,a
2193+ 9ED5 ~            ;	ld	bc,#0524
2194+ 9ED5 ~            ;	call	NUMBER4
2195+ 9ED5 ~            ;*/
2196+ 9ED5 ~            ;
2197+ 9ED5 ~            ;SLAVE IDENTIFY
2198+ 9ED5 ~            Slaveinentify
2199+ 9ED5 ~            ;/* ;vyruseni SLAVE
2200+ 9ED5 ~            ;
2201+ 9ED5 ~            ;	ld	hl,TEXT8
2202+ 9ED5 ~            ;	ld	bc,#0D02
2203+ 9ED5 ~            ;	call	T42_TEXT
2204+ 9ED5 ~            ;
2205+ 9ED5 ~            ;	ld	ix,BUFFER
2206+ 9ED5 ~            ;	ld	a,%00010000
2207+ 9ED5 ~            ;	call	IDENTIFY
2208+ 9ED5 ~            ;
2209+ 9ED5 ~            ;	ld	hl,TEXT16
2210+ 9ED5 ~            ;	push	af
2211+ 9ED5 ~            ;	jr	z,TISKSTATUS2
2212+ 9ED5 ~            ;	ld	hl,TEXT11
2213+ 9ED5 ~            ;	cp	255
2214+ 9ED5 ~            ;	jp	z,TISKSTATUS2
2215+ 9ED5 ~            ;	ld	hl,TEXT14
2216+ 9ED5 ~            ;	cp	6
2217+ 9ED5 ~            ;	jp	z,TISKSTATUS2
2218+ 9ED5 ~            ;	ld	hl,TEXT13
2219+ 9ED5 ~            ;	cp	3
2220+ 9ED5 ~            ;	jp	z,TISKSTATUS2
2221+ 9ED5 ~            ;	ld	hl,TEXT12
2222+ 9ED5 ~            ;	dec	a
2223+ 9ED5 ~            ;	jp	z,TISKSTATUS2
2224+ 9ED5 ~            ;	ld	hl,TEXT15
2225+ 9ED5 ~            ;
2226+ 9ED5 ~            ;TISKSTATUS2
2227+ 9ED5 ~            ;	ld	bc,#0D0F
2228+ 9ED5 ~            ;	call	T42_TEXT
2229+ 9ED5 ~            ;
2230+ 9ED5 ~            ;	pop	af
2231+ 9ED5 ~            ;	jr	z,SLAVEINFO
2232+ 9ED5 ~            ;
2233+ 9ED5 ~            ;	ld	h,0
2234+ 9ED5 ~            ;	ld	l,a
2235+ 9ED5 ~            ;	ld	bc,#0D26
2236+ 9ED5 ~            ;	call	NUMBER2
2237+ 9ED5 ~            ;
2238+ 9ED5 ~            ;;pokud je General setting nastavena autoconfigurace, tak pri neuspesnem detekovani zarizeni se do CHS ulozi nuly a HDD pak nasledne nebude nainstalovan
2239+ 9ED5 ~            ;	ld	a,(@autoconfig)
2240+ 9ED5 ~            ;	or	a
2241+ 9ED5 ~            ;	jr	z,nemenCHSs1
2242+ 9ED5 ~            ;	xor	a
2243+ 9ED5 ~            ;	ld	b,4
2244+ 9ED5 ~            ;	ld	hl,VDT+(VDTLEN/2)
2245+ 9ED5 ~            ;nulydoCHSs
2246+ 9ED5 ~            ;	ld	(hl),a
2247+ 9ED5 ~            ;	inc	hl
2248+ 9ED5 ~            ;	djnz	nulydoCHSs
2249+ 9ED5 ~            ;nemenCHSs1
2250+ 9ED5 ~            ;	jp	Endinentify
2251+ 9ED5 ~            ;
2252+ 9ED5 ~            ;SLAVEINFO
2253+ 9ED5 ~            ;	ld	hl,TEXT4
2254+ 9ED5 ~            ;	ld	bc,#0E02
2255+ 9ED5 ~            ;	call	T42_TEXT
2256+ 9ED5 ~            ;	ld	hl,TEXT5
2257+ 9ED5 ~            ;	ld	bc,#0F02
2258+ 9ED5 ~            ;	call	T42_TEXT
2259+ 9ED5 ~            ;	ld	hl,TEXT6
2260+ 9ED5 ~            ;	ld	bc,#1002
2261+ 9ED5 ~            ;	call	T42_TEXT
2262+ 9ED5 ~            ;	ld	hl,TEXT7
2263+ 9ED5 ~            ;	ld	bc,#1102
2264+ 9ED5 ~            ;	call	T42_TEXT
2265+ 9ED5 ~            ;	ld	hl,TEXT101
2266+ 9ED5 ~            ;	ld	bc,#1202
2267+ 9ED5 ~            ;	call	T42_TEXT
2268+ 9ED5 ~            ;	ld	hl,TEXT102
2269+ 9ED5 ~            ;	ld	bc,#1215
2270+ 9ED5 ~            ;	call	T42_TEXT
2271+ 9ED5 ~            ;
2272+ 9ED5 ~            ;model
2273+ 9ED5 ~            ;	ld	hl,BUFFER+54
2274+ 9ED5 ~            ;	ld	b,40
2275+ 9ED5 ~            ;	call	PROHOD
2276+ 9ED5 ~            ;	set	7,(ix+85)
2277+ 9ED5 ~            ;
2278+ 9ED5 ~            ;	ld	bc,#0E09
2279+ 9ED5 ~            ;	call	T42_TEXT
2280+ 9ED5 ~            ;
2281+ 9ED5 ~            ;firmware
2282+ 9ED5 ~            ;	ld	hl,BUFFER+46
2283+ 9ED5 ~            ;	ld	b,8
2284+ 9ED5 ~            ;	call	PROHOD
2285+ 9ED5 ~            ;	set	7,(ix+53)
2286+ 9ED5 ~            ;
2287+ 9ED5 ~            ;	ld	bc,#0F0C
2288+ 9ED5 ~            ;	call	T42_TEXT
2289+ 9ED5 ~            ;
2290+ 9ED5 ~            ;serial number
2291+ 9ED5 ~            ;
2292+ 9ED5 ~            ;	ld	hl,BUFFER+20
2293+ 9ED5 ~            ;	ld	b,20
2294+ 9ED5 ~            ;	call	PROHOD
2295+ 9ED5 ~            ;	set	7,(ix+39)
2296+ 9ED5 ~            ;
2297+ 9ED5 ~            ;	ld	bc,#1011
2298+ 9ED5 ~            ;	call	T42_TEXT
2299+ 9ED5 ~            ;LBA
2300+ 9ED5 ~            ;	ld	hl,TEXT_NO
2301+ 9ED5 ~            ;	bit	1,(ix+99)
2302+ 9ED5 ~            ;	jr	z,L11
2303+ 9ED5 ~            ;
2304+ 9ED5 ~            ;	ld	hl,TEXT_YES
2305+ 9ED5 ~            ;L11	ld	bc,#110D
2306+ 9ED5 ~            ;	call	T42_TEXT
2307+ 9ED5 ~            ;
2308+ 9ED5 ~            ;DMA
2309+ 9ED5 ~            ;	ld	hl,TEXT_NO
2310+ 9ED5 ~            ;	bit	0,(ix+99)
2311+ 9ED5 ~            ;	jr	z,L12
2312+ 9ED5 ~            ;
2313+ 9ED5 ~            ;	ld	hl,TEXT_YES
2314+ 9ED5 ~            ;L12	ld	bc,#1125
2315+ 9ED5 ~            ;	call	T42_TEXT
2316+ 9ED5 ~            ;
2317+ 9ED5 ~            ;;CHS
2318+ 9ED5 ~            ;	ld	l,(ix+2)
2319+ 9ED5 ~            ;	ld	h,(ix+3)
2320+ 9ED5 ~            ;	ld	bc,#1209
2321+ 9ED5 ~            ;	call	NUMBER4
2322+ 9ED5 ~            ;
2323+ 9ED5 ~            ;	ld	l,(ix+6)
2324+ 9ED5 ~            ;	ld	h,(ix+7)
2325+ 9ED5 ~            ;	ld	bc,#120f
2326+ 9ED5 ~            ;	call	NUMBER1
2327+ 9ED5 ~            ;
2328+ 9ED5 ~            ;	ld	l,(ix+12)
2329+ 9ED5 ~            ;	ld	h,(ix+13)
2330+ 9ED5 ~            ;	ld	bc,#1212
2331+ 9ED5 ~            ;	call	NUMBER1
2332+ 9ED5 ~            ;;pokud je General setting nastavena autoconfigurace, tak pri uspesnem detekovani zarizeni se do CHS ulozi zjistene udaje
2333+ 9ED5 ~            ;
2334+ 9ED5 ~            ;	ld	a,(@autoconfig)
2335+ 9ED5 ~            ;	or	a
2336+ 9ED5 ~            ;	jr	z,nemenCHSs2
2337+ 9ED5 ~            ;	ld	hl,VDT+(VDTLEN/2)
2338+ 9ED5 ~            ;	ld	a,(ix+12)
2339+ 9ED5 ~            ;	ld	(hl),a
2340+ 9ED5 ~            ;	ld	a,(ix+6)
2341+ 9ED5 ~            ;	inc	hl
2342+ 9ED5 ~            ;	ld	(hl),a
2343+ 9ED5 ~            ;	ld	a,(ix+2)
2344+ 9ED5 ~            ;	inc	hl
2345+ 9ED5 ~            ;	ld	(hl),a
2346+ 9ED5 ~            ;	ld	a,(ix+3)
2347+ 9ED5 ~            ;	inc	hl
2348+ 9ED5 ~            ;	ld	(hl),a
2349+ 9ED5 ~            ;
2350+ 9ED5 ~            ;nemenCHSs2
2351+ 9ED5 ~            ;
2352+ 9ED5 ~            ;capacity
2353+ 9ED5 ~            ;	ld	l,(ix+12)
2354+ 9ED5 ~            ;	ld	h,(ix+13)
2355+ 9ED5 ~            ;	ld	e,(ix+6)
2356+ 9ED5 ~            ;	ld	d,(ix+7)
2357+ 9ED5 ~            ;
2358+ 9ED5 ~            ;	push	ix		;rutina nasob pouziva IX
2359+ 9ED5 ~            ;	call	nasobeniHLDE.nasob
2360+ 9ED5 ~            ;	pop	ix
2361+ 9ED5 ~            ;	ld	e,(ix+2)
2362+ 9ED5 ~            ;	ld	d,(ix+3)
2363+ 9ED5 ~            ;	push	ix
2364+ 9ED5 ~            ;	call	nasobeniHLDE.nasob
2365+ 9ED5 ~            ;vysledek je v IXHL
2366+ 9ED5 ~            ;
2367+ 9ED5 ~            ;	ld	l,h
2368+ 9ED5 ~            ;	ld	a,lx
2369+ 9ED5 ~            ;	ld	h,a
2370+ 9ED5 ~            ;	ld	e,hx
2371+ 9ED5 ~            ;
2372+ 9ED5 ~            ;delime 256 vysledek EHL
2373+ 9ED5 ~            ;	ld	b,3
2374+ 9ED5 ~            ;trikrat2
2375+ 9ED5 ~            ;	srl	e
2376+ 9ED5 ~            ;	rr	h
2377+ 9ED5 ~            ;	rr	l
2378+ 9ED5 ~            ;	djnz	trikrat2
2379+ 9ED5 ~            ;delime tremi
2380+ 9ED5 ~            ;	ld	bc,#121F
2381+ 9ED5 ~            ;	call	NUMBER3
2382+ 9ED5 ~            ;
2383+ 9ED5 ~            ;	pop	ix
2384+ 9ED5 ~            ;
2385+ 9ED5 ~            ;
2386+ 9ED5 ~            ;LBA 48Bits
2387+ 9ED5 ~            ;
2388+ 9ED5 ~            ;	inc	hx
2389+ 9ED5 ~            ;
2390+ 9ED5 ~            ;	ld	hl,TEXT_NO
2391+ 9ED5 ~            ;	bit	2,(ix-83)
2392+ 9ED5 ~            ;	jr	z,L13
2393+ 9ED5 ~            ;
2394+ 9ED5 ~            ;	ld	hl,TEXT_YES
2395+ 9ED5 ~            ;L13	ld	bc,#111C
2396+ 9ED5 ~            ;	call	T42_TEXT
2397+ 9ED5 ~            ;
2398+ 9ED5 ~            ;
2399+ 9ED5 ~            ;hledani prvni sectoru pro data
2400+ 9ED5 ~            ;prohledava se MBR, prvni partion, a hleda se v root dir. prvni datovy sector prvniho souboru
2401+ 9ED5 ~            ;prvni sektor disku je MBR:
2402+ 9ED5 ~            ;
2403+ 9ED5 ~            ;na 1BEh zacinaji parametry prvni partition (10h ka d )
2404+ 9ED5 ~            ;na 08h a  0Bh je cislo relativniho sektoru zacatku partition (nebo na 01h a  03h ve formatu hlava/sektor/cylindr)
2405+ 9ED5 ~            ;
2406+ 9ED5 ~            ;prvn  sektor partition je BOOT a tam jsou tyto zaj mav   daje:
2407+ 9ED5 ~            ;0Bh, 0Ch   pocet bytu na sektor
2408+ 9ED5 ~            ;0Eh, 0Fh   pocet sektoru pred prvni FAT
2409+ 9ED5 ~            ;10h   pocet FAT
2410+ 9ED5 ~            ;11h, 12h   pocet polozek v ROOTu
2411+ 9ED5 ~            ;16h, 17h   pocet sektoru ve FAT
2412+ 9ED5 ~            ;prvn  datov  sektor je: zacatek_partition + sektoru_pred_FAT + sektoru_ve_FAT * pocet_FAT + polozek_v_ROOT * 20h / bytu_na_sektor
2413+ 9ED5 ~            ;
2414+ 9ED5 ~            ;	ld	hl,TEXTPARSEC
2415+ 9ED5 ~            ;	ld	bc,#1302
2416+ 9ED5 ~            ;	call	T42_TEXT
2417+ 9ED5 ~            ;
2418+ 9ED5 ~            ;;nacteni MBR
2419+ 9ED5 ~            ;	ld	ix,BUFFER
2420+ 9ED5 ~            ;	ld	a,%00010000	;slave
2421+ 9ED5 ~            ;	ld	bc,0
2422+ 9ED5 ~            ;	ld	de,0		;LBA=0 MBR
2423+ 9ED5 ~            ;	call	LBAREAD
2424+ 9ED5 ~            ;; dodelat osetreni erroru
2425+ 9ED5 ~            ;	inc	hx
2426+ 9ED5 ~            ;	inc	hx 		;+512
2427+ 9ED5 ~            ;	ld	e,(ix-58)	;info o prvni partition zacina na #1BE
2428+ 9ED5 ~            ;	ld	d,(ix-57)
2429+ 9ED5 ~            ;	ex	de,hl		;v hl je cislo sectoru kde zacina boot prvni par.
2430+ 9ED5 ~            ;	ld	(bootsec2+1),hl	;schovame cislo bootsectoru pro vypocet
2431+ 9ED5 ~            ;	ld	bc,#1310
2432+ 9ED5 ~            ;	push	hl
2433+ 9ED5 ~            ;	call	NUMBER3
2434+ 9ED5 ~            ;nacteni BOOT sectoru prvni partition
2435+ 9ED5 ~            ;	pop	hl
2436+ 9ED5 ~            ;	ld	c,l
2437+ 9ED5 ~            ;	ld	e,h
2438+ 9ED5 ~            ;	ld	d,0
2439+ 9ED5 ~            ;	ld	b,d
2440+ 9ED5 ~            ;	ld	ix,BUFFER
2441+ 9ED5 ~            ;	ld	a,%00010000	;slave
2442+ 9ED5 ~            ;	call	LBAREAD
2443+ 9ED5 ~            ; dodelat osetreni erroru
2444+ 9ED5 ~            ; vypocet datove oblasti prvniho souboru
2445+ 9ED5 ~            ;
2446+ 9ED5 ~            ;	ld	hl,TEXTDATASEC
2447+ 9ED5 ~            ;	ld	bc,#1315
2448+ 9ED5 ~            ;	call	T42_TEXT
2449+ 9ED5 ~            ;
2450+ 9ED5 ~            ;bootsec2
2451+ 9ED5 ~            ;	ld	hl,0
2452+ 9ED5 ~            ;	ld	e,(ix+14)	;pricteme sectory pred FAT
2453+ 9ED5 ~            ;	ld	d,(ix+15)
2454+ 9ED5 ~            ;	add	hl,de
2455+ 9ED5 ~            ;	push	hl
2456+ 9ED5 ~            ;	push	ix
2457+ 9ED5 ~            ;	ld	e,(ix+16)	;pocet FAT
2458+ 9ED5 ~            ;	ld	d,0
2459+ 9ED5 ~            ;	ld	l,(ix+22)	;pocet sektoru ve FAT
2460+ 9ED5 ~            ;	ld	h,(ix+23)
2461+ 9ED5 ~            ;	call	nasobeniHLDE.nasob	;vysledek v IXHL
2462+ 9ED5 ~            ;	pop	ix
2463+ 9ED5 ~            ;	pop	de
2464+ 9ED5 ~            ;	add	hl,de		;pricteme jen spodnich 16 bitu
2465+ 9ED5 ~            ;	ld	e,(ix+17)	;pocet polozek v ROOTu
2466+ 9ED5 ~            ;	ld	d,(ix+18)
2467+ 9ED5 ~            ;	; vydelime 16; predpokladame velikost sec. 512 a 32bytu v root polozce
2468+ 9ED5 ~            ;	ld	b,4
2469+ 9ED5 ~            ;ctyrikrat2
2470+ 9ED5 ~            ;	srl	d
2471+ 9ED5 ~            ;	rr	e
2472+ 9ED5 ~            ;	djnz	ctyrikrat2
2473+ 9ED5 ~            ;	add	hl,de
2474+ 9ED5 ~            ;	push	hl
2475+ 9ED5 ~            ;	ld	bc,#1323
2476+ 9ED5 ~            ;	call	NUMBER4
2477+ 9ED5 ~            ;	pop	hl
2478+ 9ED5 ~            ;;pokud je General setting nastavena autoconfigurace, tak ulozi vypocteny prvni datovy sector
2479+ 9ED5 ~            ;
2480+ 9ED5 ~            ;	ld	a,(@autoconfig)
2481+ 9ED5 ~            ;	or	a
2482+ 9ED5 ~            ;	jr	z,nemenfirstdatasectorm2
2483+ 9ED5 ~            ;	ld	de,VDT+(VDTLEN/2)+5
2484+ 9ED5 ~            ;	ex	de,hl
2485+ 9ED5 ~            ;	ld	(hl),e
2486+ 9ED5 ~            ;	inc	hl
2487+ 9ED5 ~            ;	ld	(hl),d
2488+ 9ED5 ~            ;
2489+ 9ED5 ~            ;nemenfirstdatasectorm2
2490+ 9ED5 ~            ;
2491+ 9ED5 ~            ;/*
2492+ 9ED5 ~            ;LBA Total sectors
2493+ 9ED5 ~            ;
2494+ 9ED5 ~            ;	ld	hl,(BUFFER+200)
2495+ 9ED5 ~            ;	ld	(D2LBA),hl
2496+ 9ED5 ~            ;	ld	bc,#1124
2497+ 9ED5 ~            ;	call	NUMBER4
2498+ 9ED5 ~            ;
2499+ 9ED5 ~            ;	ld	hl,(BUFFER+202)
2500+ 9ED5 ~            ;	ld	(D2LBA+2),hl
2501+ 9ED5 ~            ;	ld	bc,#111E
2502+ 9ED5 ~            ;	call	NUMBER4
2503+ 9ED5 ~            ;
2504+ 9ED5 ~            ;	ld	hl,(BUFFER+204)
2505+ 9ED5 ~            ;	ld	(D2LBA+4),hl
2506+ 9ED5 ~            ;	ld	bc,#1118
2507+ 9ED5 ~            ;	call	NUMBER4
2508+ 9ED5 ~            ;*/
2509+ 9ED5 ~            ;
2510+ 9ED5 ~            ;vyruseni SLAVE
2511+ 9ED5 ~            ;*/
2512+ 9ED5 ~            */
2513+ 9ED5 21 58 A1     	ld	hl,TEXT17		;DMA info
2514+ 9ED8 01 02 14     	ld	bc,#1402
2515+ 9EDB CD CA A4     	call	T42_TEXT
2516+ 9EDE 0C           	inc	c
2517+ 9EDF 0C           	inc	c
2518+ 9EE0 21 64 A1     	ld	hl,TEXT18
2519+ 9EE3              ;	ld	bc,#1203
2520+ 9EE3 CD CA A4     	call	T42_TEXT
2521+ 9EE6 0C           	inc	c
2522+ 9EE7 21 70 A1     	ld	hl,TEXT19
2523+ 9EEA              ;	ld	bc,#1303
2524+ 9EEA CD CA A4     	call	T42_TEXT
2525+ 9EED
2526+ 9EED              Endinentify
2527+ 9EED              ;projed partisny, zda jsou vsechny platne
2528+ 9EED              ;	call	check_for_valid
2529+ 9EED              ;	jp	z,end_easy		;vyhodit, pri ani jedne platne partisne to slo primo do exitu
2530+ 9EED
2531+ 9EED              ;old
2532+ 9EED              ;	ld	a,(@autoconfig)
2533+ 9EED              ;	or	a
2534+ 9EED              ;	jp	nz,manual_partition_selection
2535+ 9EED
2536+ 9EED              ; @autoconfig: 0=AUTO, 1=MANUAL
2537+ 9EED              ; drzeny SPACE vynuti MANUAL pro tento beh
2538+ 9EED 3E 7F        	ld      a,#7f
2539+ 9EEF DB FE        	in      a,(#fe)                ; #7FFE, bit 0 = SPACE
2540+ 9EF1 2F           	cpl
2541+ 9EF2 E6 01        	and     1                      ; A=1 SPACE, A=0 bez SPACE
2542+ 9EF4
2543+ 9EF4 21 4C 80     	ld      hl,@autoconfig
2544+ 9EF7 B6           	or      (hl)                   ; spoj SPACE s konfiguracnim bajtem
2545+ 9EF8 77           	ld      (hl),a                 ; pri SPACE skutecne zmeni 0 -> 1
2546+ 9EF9 C2 C8 9F     	jp      nz,manual_partition_selection
2547+ 9EFC
2548+ 9EFC              ;automatic_partition_selection
2549+ 9EFC 3A 4D 80     	ld	a,(@partition)
2550+ 9EFF CD 6E 9F     	call	test_partition		;test just selected partition
2551+ 9F02 20 16        	jr	nz, fp1
2552+ 9F04
2553+ 9F04              ;Z=invalid, seek for valid one
2554+ 9F04              ;neni platna, hledej prvni platnou a nainstluj  ji
2555+ 9F04 CD 7B 9F     	call	check_for_valid
2556+ 9F07 20 0E        	jr	nz,found_partition
2557+ 9F09
2558+ 9F09              ;žádná platná partition. Co s tim? Vynulujeme VDT tabulku a partisn nechame, protoze pak se do VDT tabulky vepise 0
2559+ 9F09 21 00 B0     	ld	hl,VDT
2560+ 9F0C 11 01 B0     	ld	de,VDT+1
2561+ 9F0F 01 FF 00     	ld	bc,255
2562+ 9F12 75           	ld	(hl),l
2563+ 9F13 ED B0        	ldir
2564+ 9F15 18 76        	jr	end_easy		;nenasli jsme platnou partisnu
2565+ 9F17 ~            /*
2566+ 9F17 ~            vp1	ld	hl,TEXT_NO_VALID
2567+ 9F17 ~            	ld	bc,#1602
2568+ 9F17 ~            	call	T42_TEXT
2569+ 9F17 ~            	xor	a
2570+ 9F17 ~            	jr	ayn
2571+ 9F17 ~            */
2572+ 9F17
2573+ 9F17              found_partition
2574+ 9F17 32 4D 80     	ld	(@partition),a		;dame ji do configu, odtud si ji pak vezme hlavni prog v konfig casti bsdosu
2575+ 9F1A
2576+ 9F1A 21 87 A1     fp1	ld	hl,TEXT_CLR
2577+ 9F1D 01 02 16     	ld	bc,#1602
2578+ 9F20 CD CA A4     	call	T42_TEXT
2579+ 9F23 21 AE A1     	ld	hl,TEXT100
2580+ 9F26 01 02 16     	ld	bc,#1602
2581+ 9F29 CD CA A4     	call	T42_TEXT
2582+ 9F2C
2583+ 9F2C              valid_partition
2584+ 9F2C 3A 4D 80     	ld	a,(@partition)
2585+ 9F2F 26 00        	ld	h,0
2586+ 9F31 6F           	ld	l,a
2587+ 9F32 CD AD A4     	call	NUMBER0
2588+ 9F35 21 C7 A1     	ld	hl,TEXT_PRESS_KEY
2589+ 9F38 01 1A 16     	ld	bc,#161A
2590+ 9F3B CD CA A4     	call	T42_TEXT
2591+ 9F3E
2592+ 9F3E              autoinstall_yes_no
2593+ 9F3E 3A 4B 80     	ld	a,(@autoinstall)
2594+ 9F41 B7           	or	a
2595+ 9F42 C4 C3 A8     ayn	call	nz,ANYKEY
2596+ 9F45              	IFDEF ELEMENT
2597+ 9F45 21 87 A1     		ld	hl,TEXT_CLR
2598+ 9F48 01 02 16     		ld	bc,#1602
2599+ 9F4B CD CA A4     		call	T42_TEXT
2600+ 9F4E 21 D6 A1     		ld	hl,TEXT_AUTOSYS
2601+ 9F51 01 0C 16     		ld	bc,#160C
2602+ 9F54 CD CA A4     		call	T42_TEXT
2603+ 9F57              	ENDIF
2604+ 9F57 C9           	ret
2605+ 9F58              ; navrat
2606+ 9F58
2607+ 9F58              ;------------------------------------------------------------
2608+ 9F58              ; eLeMeNt only: service #30 returned, so AUTOSYS was not started.
2609+ 9F58              ; Replace the status line, wait for acknowledgement and return
2610+ 9F58              ; to MAIN, which will continue with the BSROM reset fallback.
2611+ 9F58              AUTOSYS_NOT_FOUND
2612+ 9F58 21 87 A1     	ld	hl,TEXT_CLR
2613+ 9F5B 01 02 16     	ld	bc,#1602
2614+ 9F5E CD CA A4     	call	T42_TEXT
2615+ 9F61 21 EA A1     	ld	hl,TEXT_AUTOSYS_NOT_FOUND
2616+ 9F64 01 06 16     	ld	bc,#1606
2617+ 9F67 CD CA A4     	call	T42_TEXT
2618+ 9F6A CD C3 A8     	call	ANYKEY
2619+ 9F6D C9           	ret
2620+ 9F6E
2621+ 9F6E              test_partition				;IN=A=partition number 1-4, OUT=Z=invalid partition, NZ=valid
2622+ 9F6E 11 20 00     	ld	de,32			;testuj zvolenou partisnu (v @partition), zda je platna
2623+ 9F71              ;	ld	a,(@partition)
2624+ 9F71 47           	ld	b,a
2625+ 9F72 21 E0 AF     	ld	hl,VDT-32
2626+ 9F75 19           loop1	add	hl,de
2627+ 9F76 10 FD        	djnz	loop1
2628+ 9F78 CB 4E        	bit	1,(hl)
2629+ 9F7A C9           	ret
2630+ 9F7B              ;	jr	nz,fp1			;NZ=set partition (from autoconfig or manual) is valid
2631+ 9F7B
2632+ 9F7B              ;IN=noothing, OUT=NZ=valid, Z=invalid
2633+ 9F7B              check_for_valid
2634+ 9F7B 11 20 00     	ld	de,32			; kazdy VDT zaznam ma presne 32 bajtu
2635+ 9F7E 21 00 B0     	ld	hl,VDT
2636+ 9F81 3E 01        	ld	a,1
2637+ 9F83 06 04        	ld	b,4
2638+ 9F85              find_valid:
2639+ 9F85 CB 4E                bit	1,(hl)
2640+ 9F87 C0           	ret	nz
2641+ 9F88              ;       jr      nz,found_partition
2642+ 9F88 19           	add	hl,de
2643+ 9F89 3C           	inc	a
2644+ 9F8A 10 F9                djnz    find_valid
2645+ 9F8C C9           	ret
2646+ 9F8D
2647+ 9F8D              end_easy
2648+ 9F8D 21 26 A3     	ld	hl,TEXT_NO_VALID
2649+ 9F90 01 02 16     	ld	bc,#1602
2650+ 9F93 CD CA A4     	call	T42_TEXT
2651+ 9F96
2652+ 9F96              	IFDEF ELEMENT		;stisk EDIT=konec, v pripade EL, ktery neni jeste inicializovany, musime udelat 128K reset
2653+ 9F96 AF           	xor	a
2654+ 9F97 C3 78 39     	jp	#3978
2655+ 9F9A              	ELSE
2656+ 9F9A ~
2657+ 9F9A ~            	call    #3C98
2658+ 9F9A ~                    di
2659+ 9F9A ~                    xor     a
2660+ 9F9A ~                    ld      bc,#5C00
2661+ 9F9A ~
2662+ 9F9A ~            clear_sysvars
2663+ 9F9A ~                    ld      (bc),a
2664+ 9F9A ~                    inc     c
2665+ 9F9A ~                    jr      nz,clear_sysvars
2666+ 9F9A ~
2667+ 9F9A ~                    ld      hl,START-1
2668+ 9F9A ~                    jp      #1200		;novy konec, neporusuje RAM a obnovuje BASIC
2669+ 9F9A ~
2670+ 9F9A ~            /*
2671+ 9F9A ~            	exx
2672+ 9F9A ~            	ld	hl,#2758
2673+ 9F9A ~            	exx
2674+ 9F9A ~            	ld	iy,#5c3a
2675+ 9F9A ~
2676+ 9F9A ~            	pop	hl		;navratova adresa
2677+ 9F9A ~            	ei
2678+ 9F9A ~            	ret			;navrat do BASICu
2679+ 9F9A ~            */
2680+ 9F9A              	ENDIF
2681+ 9F9A              ;user menu
2682+ 9F9A              ;priprava k menu, rutina IINKEY vraci v A kod klavesy, #B=nahoru, #A=dolu
2683+ 9F9A              ;definice
2684+ 9F9A              cursor		equ %00001000		;item with cursor (dark blue cursor)
2685+ 9F9A              no_curs		equ %11110111		;item without cursor
2686+ 9F9A
2687+ 9F9A              page		equ 3		;we will move around 4 items
2688+ 9F9A A1 59        cursor_w_stadr	dw #59A1	;start address of cursor (radek 13, sloupec 1)
2689+ 9F9C A1 59        cursor_w_curad	dw #59A1	;current address of cursor
2690+ 9F9E              cursor_len	equ 29
2691+ 9F9E 55           wind_curs_item	db #55		;current start cursor position of the window (0-page)
2692+ 9F9F              ;item_pg_start	dw #5555	;;;;;start address of first dir item on displayed page
2693+ 9F9F
2694+ 9F9F 3A 9E 9F     key_enter	ld	a,(wind_curs_item)
2695+ 9FA2 3C           		inc	a
2696+ 9FA3 CD 6E 9F     		call	test_partition
2697+ 9FA6 C2 17 9F     		jp	nz,found_partition	;NZ=we found the valid one
2698+ 9FA9
2699+ 9FA9 21 87 A1     		ld	hl,TEXT_CLR
2700+ 9FAC 01 02 16     		ld	bc,#1602
2701+ 9FAF C5           		push	bc
2702+ 9FB0 CD CA A4     		call	T42_TEXT
2703+ 9FB3
2704+ 9FB3 21 4D A3     		ld	hl,TEXT_PART_NOUSE
2705+ 9FB6 01 05 16     		ld	bc,#1605
2706+ 9FB9 CD CA A4     		call	T42_TEXT
2707+ 9FBC
2708+ 9FBC CD C3 A8     		call	ANYKEY
2709+ 9FBF
2710+ 9FBF 21 87 A1     		ld	hl,TEXT_CLR
2711+ 9FC2 C1           		pop	bc
2712+ 9FC3 CD CA A4     		call	T42_TEXT
2713+ 9FC6
2714+ 9FC6 18 0D        		jr	 mps1		;zachovej kurzor, kde je
2715+ 9FC8
2716+ 9FC8              ;		call	undraw_cursor
2717+ 9FC8
2718+ 9FC8              manual_partition_selection
2719+ 9FC8 AF           		xor	a	;inicializace
2720+ 9FC9 32 9E 9F     		ld	(wind_curs_item),a
2721+ 9FCC 2A 9A 9F     		ld	hl,(cursor_w_stadr)
2722+ 9FCF 22 9C 9F     		ld	(cursor_w_curad),hl
2723+ 9FD2
2724+ 9FD2 CD 2D A0     		call	draw_cursor
2725+ 9FD5
2726+ 9FD5 21 6E A3     mps1		ld	hl,TEXT_MAKE_SELEC
2727+ 9FD8 01 03 16     		ld	bc,#1603
2728+ 9FDB CD CA A4     		call	T42_TEXT
2729+ 9FDE              ;key detection loop
2730+ 9FDE CD CD A8     iik		call	KEYSCAN
2731+ 9FE1 11 20 00     		ld	de,32
2732+ 9FE4 FE 0B        		cp	#B
2733+ 9FE6 CC F8 9F     		call	z,key_up
2734+ 9FE9 FE 0A        		cp	#A
2735+ 9FEB CC 0F A0     		call	z,key_down
2736+ 9FEE FE 0D        		cp	13
2737+ 9FF0 28 AD        		jr	z,key_enter
2738+ 9FF2 FE 07        		cp	7
2739+ 9FF4 28 97        		jr	z,end_easy		;EDIT pressed, end EasySD
2740+ 9FF6 18 E6        		jr	iik
2741+ 9FF8
2742+ 9FF8 21 9E 9F     key_up		ld	hl,wind_curs_item
2743+ 9FFB 7E           		ld	a,(hl)
2744+ 9FFC B7           		or	a
2745+ 9FFD C8           		ret	z		;Z=already first line
2746+ 9FFE 35           		dec	(hl)
2747+ 9FFF CD 25 A0     		call	undraw_cursor
2748+ A002 2A 9C 9F     		ld	hl,(cursor_w_curad)
2749+ A005 B7           		or	a
2750+ A006 ED 52        		sbc	hl,de
2751+ A008 22 9C 9F     		ld	(cursor_w_curad),hl
2752+ A00B CD 2D A0     		call	draw_cursor
2753+ A00E C9           		ret
2754+ A00F
2755+ A00F 21 9E 9F     key_down	ld	hl,wind_curs_item
2756+ A012 7E           		ld	a,(hl)
2757+ A013 FE 03        		cp	page
2758+ A015 C8           		ret	z
2759+ A016 34           		inc	(hl)
2760+ A017 CD 25 A0     		call	undraw_cursor
2761+ A01A 2A 9C 9F     		ld	hl,(cursor_w_curad)
2762+ A01D 19           		add	hl,de
2763+ A01E 22 9C 9F     		ld	(cursor_w_curad),hl
2764+ A021 CD 2D A0     		call	draw_cursor
2765+ A024 C9           		ret
2766+ A025
2767+ A025 2A 9C 9F     undraw_cursor	ld	hl,(cursor_w_curad)
2768+ A028 7E           		ld	a,(hl)
2769+ A029 E6 F7        		and	no_curs
2770+ A02B              ;		and	%11110111
2771+ A02B 18 06        		jr	dc_1
2772+ A02D 2A 9C 9F     draw_cursor	ld	hl,(cursor_w_curad)
2773+ A030 7E           		ld	a,(hl)
2774+ A031              ;		or	%00001000
2775+ A031 F6 08        		or	cursor
2776+ A033
2777+ A033 06 1D        dc_1		ld	b,cursor_len
2778+ A035 77           dc_2		ld	(hl),a
2779+ A036 23           		inc	hl
2780+ A037 10 FC        		djnz	dc_2
2781+ A039 AF           		xor	a			;A=0 to avoid artifical key press
2782+ A03A C9           		ret
2783+ A03B ~            /*
2784+ A03B ~            undraw_cursor	ld	a,unmark_no_curs
2785+ A03B ~            		jr	dc_1
2786+ A03B ~            draw_cursor	ld	a,unmark_cursor
2787+ A03B ~            dc_1		ld	hl,(cursor_w_curad)
2788+ A03B ~            		ld	b,cursor_len
2789+ A03B ~            dc_2		ld	(hl),a
2790+ A03B ~            		inc	hl
2791+ A03B ~            		djnz	dc_2
2792+ A03B ~            		xor	a			;A=0 to avoid artifical key press
2793+ A03B ~            		ret
2794+ A03B ~            */
2795+ A03B              ;------------------------------
2796+ A03B              	IFDEF	ELEMENT
2797+ A03B 10 46 45 61  TEXT1	dc	16,70,"EasyCF 1.0-eLeMeNtZX"
2797+ A03F 73 79 43 46
2797+ A043 20 31 2E 30
2797+ A047 2D 65 4C 65
2797+ A04B 4D 65 4E 74
2797+ A04F 5A D8
2798+ A051              	ELSE
2799+ A051 ~            TEXT1	dc	16,70,"EasyCF 1.0 - MB03+"
2800+ A051              	ENDIF
2801+ A051 10 03 7F 20  TEXT2	dc	16,3,127," MB03+ team 2026"
2801+ A055 4D 42 30 33
2801+ A059 2B 20 74 65
2801+ A05D 61 6D 20 32
2801+ A061 30 32 B6
2802+ A064 10 46 4D 41  TEXT3	dc	16,70,"MASTER CF:"
2802+ A068 53 54 45 52
2802+ A06C 20 43 46 BA
2803+ A070 10 46 4D 6F  TEXT4	dc	16,70,"Model:"
2803+ A074 64 65 6C BA
2804+ A078 10 46 46 69  TEXT5	dc	16,70,"Firmware:"
2804+ A07C 72 6D 77 61
2804+ A080 72 65 BA
2805+ A083 10 46 53 65  TEXT6	dc	16,70,"Serial number:"
2805+ A087 72 69 61 6C
2805+ A08B 20 6E 75 6D
2805+ A08F 62 65 72 BA
2806+ A093 10 46 4C 42  TEXT7	dc	16,70,"LBA28-bit:     LBA48-bit:     DMA:"
2806+ A097 41 32 38 2D
2806+ A09B 62 69 74 3A
2806+ A09F 20 20 20 20
2806+ A0A3 20 4C 42 41
2806+ A0A7 34 38 2D 62
2806+ A0AB 69 74 3A 20
2806+ A0AF 20 20 20 20
2806+ A0B3 44 4D 41 BA
2807+ A0B7              ;TEXT8	dc	16,70,"SLAVE DISK:"
2808+ A0B7 10 42 63 68  TEXT8	dc	16,66,"checking..."
2808+ A0BB 65 63 6B 69
2808+ A0BF 6E 67 2E 2E
2808+ A0C3 AE
2809+ A0C4 54 6F 74 61  TEXT9	db	"Total LBA 48 bi"
2809+ A0C8 6C 20 4C 42
2809+ A0CC 41 20 34 38
2809+ A0D0 20 62 69
2810+ A0D3 74 20 73 65  	dc	"t sec.:"
2810+ A0D7 63 2E BA
2811+ A0DA 53 74 61 72  TEXT10	db	"Start cloning ("
2811+ A0DE 74 20 63 6C
2811+ A0E2 6F 6E 69 6E
2811+ A0E6 67 20 28
2812+ A0E9 31 2F 32 2F  	dc	"1/2/n)"
2812+ A0ED 6E A9
2813+ A0EF 10 42 44 69  TEXT11	dc	16,66,"Disk time out"
2813+ A0F3 73 6B 20 74
2813+ A0F7 69 6D 65 20
2813+ A0FB 6F 75 F4
2814+ A0FE 10 42 53 74  TEXT12	dc	16,66,"Status b0 error"
2814+ A102 61 74 75 73
2814+ A106 20 62 30 20
2814+ A10A 65 72 72 6F
2814+ A10E F2
2815+ A10F 10 42 44 52  TEXT13	dc	16,66,"DRQ error      "
2815+ A113 51 20 65 72
2815+ A117 72 6F 72 20
2815+ A11B 20 20 20 20
2815+ A11F A0
2816+ A120 10 42 44 72  TEXT14	dc	16,66,"Drive not ready"
2816+ A124 69 76 65 20
2816+ A128 6E 6F 74 20
2816+ A12C 72 65 61 64
2816+ A130 F9
2817+ A131 10 42 4F 74  TEXT15	dc	16,66,"Other error    "
2817+ A135 68 65 72 20
2817+ A139 65 72 72 6F
2817+ A13D 72 20 20 20
2817+ A141 A0
2818+ A142 10 45 4F 4B  TEXT16	db	16,69,"OK             "
2818+ A146 20 20 20 20
2818+ A14A 20 20 20 20
2818+ A14E 20 20 20 20
2818+ A152 20
2819+ A153 20 20 20 20  	dc	"     "
2819+ A157 A0
2820+ A158 10 46 44 4D  TEXT17	dc	16,70,"DMA Speed:"
2820+ A15C 41 20 53 70
2820+ A160 65 65 64 BA
2821+ A164 10 46 50 6F  TEXT18	db	16,70,"Port: "
2821+ A168 72 74 3A 20
2822+ A16C 10 45        	db	16,69
2823+ A16E 33 D4        	dc	"3T"
2824+ A170 10 46 4D 65  TEXT19	db	16,70,"Memory: "
2824+ A174 6D 6F 72 79
2824+ A178 3A 20
2825+ A17A 10 45        	db	16,69
2826+ A17C 33 D4        	dc	"3T"
2827+ A17E              ;/*
2828+ A17E              ;TEXT17	db	"Read errors:   "
2829+ A17E              ;	dc	"    "
2830+ A17E              ;TEXT18	db	"Write errors:  "
2831+ A17E              ;	dc	"   "
2832+ A17E              ;TEXT19	db	"Sector counter:"
2833+ A17E              ;	dc	"     "
2834+ A17E              ;TEXT20	db	"---------------"
2835+ A17E              ;	db	"---------------"
2836+ A17E              ;	dc	"----------"
2837+ A17E              ;TEXT21	db	"WARNING! "
2838+ A17E              ;	db	"Drives aren't i"
2839+ A17E              ;	dc	"dentical!!!"
2840+ A17E              ;TEXT22	db	"Drives are "
2841+ A17E              ;	dc	"idencial"
2842+ A17E              ;TEXT23	db	"Cloning complet"
2843+ A17E              ;	dc	"ed"
2844+ A17E              ;TEXT24	dc	"1. COUNTDOWN"
2845+ A17E              ;TEXT25	dc	"2. COUNTUP"
2846+ A17E              ;*/
2847+ A17E              TEXT_YES
2848+ A17E 10 45 59 65  	dc	16,69,"Yes"
2848+ A182 F3
2849+ A183 10 45 4E EF  TEXT_NO	dc	16,69,"No"
2850+ A187              TEXT_CLR
2851+ A187 20 20 20 20  	db	"               "
2851+ A18B 20 20 20 20
2851+ A18F 20 20 20 20
2851+ A193 20 20 20
2852+ A196 20 20 20 20  	db	"               "
2852+ A19A 20 20 20 20
2852+ A19E 20 20 20 20
2852+ A1A2 20 20 20
2853+ A1A5 20 20 20 20  	dc	"         "
2853+ A1A9 20 20 20 20
2853+ A1AD A0
2854+ A1AE
2855+ A1AE              ;TEXT100	dc	16,67,"Press a key to install to partition "
2856+ A1AE 10 43 49 6E  TEXT100		dc	16,67,"Installed to partition "
2856+ A1B2 73 74 61 6C
2856+ A1B6 6C 65 64 20
2856+ A1BA 74 6F 20 70
2856+ A1BE 61 72 74 69
2856+ A1C2 74 69 6F 6E
2856+ A1C6 A0
2857+ A1C7 10 43 2C 20  TEXT_PRESS_KEY	dc	16,67,", press a key"
2857+ A1CB 70 72 65 73
2857+ A1CF 73 20 61 20
2857+ A1D3 6B 65 F9
2858+ A1D6 10 43 52 75  TEXT_AUTOSYS	dc	16,67,"Running AUTOSYS..."
2858+ A1DA 6E 6E 69 6E
2858+ A1DE 67 20 41 55
2858+ A1E2 54 4F 53 59
2858+ A1E6 53 2E 2E AE
2859+ A1EA 10 43 41 55  TEXT_AUTOSYS_NOT_FOUND	dc	16,67,"AUTOSYS not found, press a key"
2859+ A1EE 54 4F 53 59
2859+ A1F2 53 20 6E 6F
2859+ A1F6 74 20 66 6F
2859+ A1FA 75 6E 64 2C
2859+ A1FE 20 70 72 65
2859+ A202 73 73 20 61
2859+ A206 20 6B 65 F9
2860+ A20A              ;TEXT101	dc	16,70,"C/H/S:"
2861+ A20A              ;TEXT101	dc	"Permanent WP:      Temporal WP:"
2862+ A20A 10 46 43 61  TEXT102	db	16,70,"Capacity: "
2862+ A20E 70 61 63 69
2862+ A212 74 79 3A 20
2863+ A216 10 45 20 20  	dc	16,69,"     MB"
2863+ A21A 20 20 20 4D
2863+ A21E C2
2864+ A21F              TEXTPARSEC
2865+ A21F              ;	db	16,70,"Par  1stParSec  1stDatSec 1stFile"
2866+ A21F 10 46 50 61  	db	16,70,"Par  1stParSec 1st_MBDFile  1stDatSec"
2866+ A223 72 20 20 31
2866+ A227 73 74 50 61
2866+ A22B 72 53 65 63
2866+ A22F 20 31 73 74
2866+ A233 5F 4D 42 44
2866+ A237 46 69 6C 65
2866+ A23B 20 20 31 73
2866+ A23F 74 44 61 74
2866+ A243 53 65 63
2867+ A246 10 45 A0     	dc	16,69," "
2868+ A249
2869+ A249              ;TEXTDATASEC
2870+ A249              ;	db	16,70,"1st Data Sec.:"
2871+ A249              ;	dc	16,69," "
2872+ A249
2873+ A249 50 61 6E 61  Manufacturer1	dc	"Panasonic"
2873+ A24D 73 6F 6E 69
2873+ A251 E3
2874+ A252 54 6F 73 68  Manufacturer2	dc	"Toshiba / Kioxia"
2874+ A256 69 62 61 20
2874+ A25A 2F 20 4B 69
2874+ A25E 6F 78 69 E1
2875+ A262 53 61 6E 44  Manufacturer3	dc	"SanDisk"
2875+ A266 69 73 EB
2876+ A269 53 61 6D 73  Manufacturer1b	dc	"Samsung"
2876+ A26D 75 6E E7
2877+ A270 41 44 61 74  Manufacturer1d	dc	"AData"
2877+ A274 E1
2878+ A275 50 68 69 73  Manufacturer27	dc	"Phison"
2878+ A279 6F EE
2879+ A27B 53 69 6C 69  Manufacturer31	dc	"Silicon Power"
2879+ A27F 63 6F 6E 20
2879+ A283 50 6F 77 65
2879+ A287 F2
2880+ A288 54 72 61 6E  Manufacturer74	dc	"Transcend"
2880+ A28C 73 63 65 6E
2880+ A290 E4
2881+ A291 4B 69 6E 67  Manufacturer9f	dc	"Kingston"
2881+ A295 73 74 6F EE
2882+ A299 4F 74 68 65  ManufacturerOther	dc	"Other"
2882+ A29D F2
2883+ A29E AC           carka		dc	","
2884+ A29F AF           lomeno		dc	"/"
2885+ A2A0 20 C7        TEXT_GB		dc	" G"
2886+ A2A2 30 2E B0     REV_TEXT	db	"0.","0"+#80	; CID Product Revision, napr. #61 -> 6.1
2887+ A2A5 43 53 44 BA  TEXT_CSD	dc	"CSD:"
2888+ A2A9 31 2E B0     TEXT_10		dc	"1.0"
2889+ A2AC 32 2E B0     TEXT_20		dc	"2.0"
2890+ A2AF 50 61 72 74  TEXT_PART_TYPE	dc	"Partition type:"
2890+ A2B3 69 74 69 6F
2890+ A2B7 6E 20 74 79
2890+ A2BB 70 65 BA
2891+ A2BE 10 45 46 31  TEXT_FAT16	dc	16,69,"F16"		; platna FAT partition vzdy cyan
2891+ A2C2 B6
2892+ A2C3 10 45 46 33  TEXT_FAT32	dc	16,69,"F32"		; platna FAT partition vzdy cyan
2892+ A2C7 B2
2893+ A2C8 10 42 4E 54  TEXT_NTFS	dc	16,66,"NTFS"
2893+ A2CC 46 D3
2894+ A2CE 10 42 65 78  TEXT_EXFAT	dc	16,66,"exFAT"
2894+ A2D2 46 41 D4
2895+ A2D5 10 42 4C 69  TEXT_LINUX	dc	16,66,"Linux"
2895+ A2D9 6E 75 F8
2896+ A2DC 10 42 4D 44  TEXT_MDOS3	dc	16,66,"MDOS3"
2896+ A2E0 4F 53 B3
2897+ A2E3 10 42 47 50  TEXT_GPT	dc	16,66,"GPT"
2897+ A2E7 D4
2898+ A2E8 10 42 45 78  TEXT_EXTENDED	dc	16,66,"Extended"
2898+ A2EC 74 65 6E 64
2898+ A2F0 65 E4
2899+ A2F2 10 42 4F 74  TEXT_OTHER	dc	16,66,"Other"		;muzeme si dovolit delsi text, bude na radku sam
2899+ A2F6 68 65 F2
2900+ A2F9 10 45 53 46  TEXT_SFL16	dc	16,69,"SFl_F16"	; superfloppy FAT16 cyan
2900+ A2FD 6C 5F 46 31
2900+ A301 B6
2901+ A302 10 45 53 46  TEXT_SFL32	dc	16,69,"SFl_F32"	; superfloppy FAT32 cyan
2901+ A306 6C 5F 46 33
2901+ A30A B2
2902+ A30B 10 42 4E 6F  TEXT_NODATA	dc	16,66,"No Data"
2902+ A30F 20 44 61 74
2902+ A313 E1
2903+ A314 10 42 50 61  TEXT_PART_EMPTY	dc	16,66,"Partittion empty"
2903+ A318 72 74 69 74
2903+ A31C 74 69 6F 6E
2903+ A320 20 65 6D 70
2903+ A324 74 F9
2904+ A326 10 42 4E 6F  TEXT_NO_VALID	dc	16,66,"No valid partition found, press a key"
2904+ A32A 20 76 61 6C
2904+ A32E 69 64 20 70
2904+ A332 61 72 74 69
2904+ A336 74 69 6F 6E
2904+ A33A 20 66 6F 75
2904+ A33E 6E 64 2C 20
2904+ A342 70 72 65 73
2904+ A346 73 20 61 20
2904+ A34A 6B 65 F9
2905+ A34D 10 42 50 61  TEXT_PART_NOUSE	dc	16,66,"Partition not usable, try again"
2905+ A351 72 74 69 74
2905+ A355 69 6F 6E 20
2905+ A359 6E 6F 74 20
2905+ A35D 75 73 61 62
2905+ A361 6C 65 2C 20
2905+ A365 74 72 79 20
2905+ A369 61 67 61 69
2905+ A36D EE
2906+ A36E              ;TEXT_MAKE_SELEC	dc	16,67,"Make selection. Press <EDIT> to exit"
2907+ A36E 10 43 50 72  TEXT_MAKE_SELEC	dc	16,67,"Press ENTER to select, EDIT to exit"
2907+ A372 65 73 73 20
2907+ A376 45 4E 54 45
2907+ A37A 52 20 74 6F
2907+ A37E 20 73 65 6C
2907+ A382 65 63 74 2C
2907+ A386 20 45 44 49
2907+ A38A 54 20 74 6F
2907+ A38E 20 65 78 69
2907+ A392 F4
2908+ A393              ;------------------------------
2909+ A393              ;------------------------------
2910+ A393              T_X	equ	0
2911+ A393              T_Y	equ	0
2912+ A393              T_XLEN	equ	31
2913+ A393              T_YLEN	equ	24
2914+ A393              T_ATTR1	equ	%01010110
2915+ A393              T_ATTR2	equ	%01000110
2916+ A393              T_ATTR3	equ	70
2917+ A393              ;------------------------------
2918+ A393              T_START
2919+ A393 06 01        T_ATTR	ld	b,T_Y+1
2920+ A395 11 20 00     	ld	de,32
2921+ A398 21 E0 57     	ld	hl,22528+T_X-32
2922+ A39B 19           T_COL1	add	hl,de
2923+ A39C 10 FD        	djnz	T_COL1
2924+ A39E 01 1F 00     	ld	bc,T_XLEN
2925+ A3A1 54           	ld	d,h
2926+ A3A2 5D           	ld	e,l
2927+ A3A3 13           	inc	de
2928+ A3A4 36 56        	ld	(hl),T_ATTR1
2929+ A3A6 E5           	push	hl
2930+ A3A7 C5           	push	bc
2931+ A3A8 ED B0        	ldir
2932+ A3AA C1           	pop	bc
2933+ A3AB E1           	pop	hl
2934+ A3AC 0B           	dec	bc
2935+ A3AD 3E 18        	ld	a,T_YLEN
2936+ A3AF 3D           	dec	a
2937+ A3B0 11 20 00     	ld	de,32
2938+ A3B3 19           	add	hl,de
2939+ A3B4 E5           T_COL2	push	hl
2940+ A3B5 C5           	push	bc
2941+ A3B6 D5           	push	de
2942+ A3B7 36 46        	ld	(hl),T_ATTR2
2943+ A3B9 54           	ld	d,h
2944+ A3BA 5D           	ld	e,l
2945+ A3BB 13           	inc	de
2946+ A3BC ED B0        	ldir
2947+ A3BE EB           	ex	de,hl
2948+ A3BF 36 56        	ld	(hl),T_ATTR1
2949+ A3C1 D1           	pop	de
2950+ A3C2 C1           	pop	bc
2951+ A3C3 E1           	pop	hl
2952+ A3C4 19           	add	hl,de
2953+ A3C5 3D           	dec	a
2954+ A3C6 20 EC        	jr	nz,T_COL2
2955+ A3C8
2956+ A3C8              T_CARY
2957+ A3C8 06 00        	ld	b,T_Y
2958+ A3CA 0E 00        	ld	c,T_X
2959+ A3CC 21 31 A4     	ld	hl,T_HELP1
2960+ A3CF C5           	push	bc
2961+ A3D0 CD F3 A3     	call	T_ONE
2962+ A3D3 C1           	pop	bc
2963+ A3D4 04           	inc	b
2964+ A3D5 21 34 A4     	ld	hl,T_HELP2
2965+ A3D8 C5           	push	bc
2966+ A3D9 CD F3 A3     	call	T_ONE
2967+ A3DC C1           	pop	bc
2968+ A3DD 04           	inc	b
2969+ A3DE 3E 18        	ld	a,T_YLEN
2970+ A3E0 D6 03        	sub	3
2971+ A3E2 21 37 A4     T_CAR1	ld	hl,T_HELP3
2972+ A3E5 C5           	push	bc
2973+ A3E6 F5           	push	af
2974+ A3E7 CD F3 A3     	call	T_ONE
2975+ A3EA F1           	pop	af
2976+ A3EB C1           	pop	bc
2977+ A3EC 04           	inc	b
2978+ A3ED 3D           	dec	a
2979+ A3EE 20 F2        	jr	nz,T_CAR1
2980+ A3F0 21 3A A4     	ld	hl,T_HELP4
2981+ A3F3
2982+ A3F3 7E           T_ONE	ld	a,(hl)
2983+ A3F4 E5           	push	hl
2984+ A3F5 C5           	push	bc
2985+ A3F6 CD 10 A4     	call	T_ZNAK
2986+ A3F9 C1           	pop	bc
2987+ A3FA E1           	pop	hl
2988+ A3FB 0C           	inc	c
2989+ A3FC 23           	inc	hl
2990+ A3FD 16 1E        	ld	d,T_XLEN-1
2991+ A3FF 5E           	ld	e,(hl)
2992+ A400 E5           	push	hl
2993+ A401 C5           T_CYKL	push	bc
2994+ A402 D5           	push	de
2995+ A403 7B           	ld	a,e
2996+ A404 CD 10 A4     	call	T_ZNAK
2997+ A407 D1           	pop	de
2998+ A408 C1           	pop	bc
2999+ A409 0C           	inc	c
3000+ A40A 15           	dec	d
3001+ A40B 20 F4        	jr	nz,T_CYKL
3002+ A40D E1           	pop	hl
3003+ A40E 23           	inc	hl
3004+ A40F 7E           	ld	a,(hl)
3005+ A410
3006+ A410 26 00        T_ZNAK	ld	h,0
3007+ A412 6F           	ld	l,a
3008+ A413 11 3D A4     	ld	de,T_0
3009+ A416 29           	add	hl,hl
3010+ A417 29           	add	hl,hl
3011+ A418 29           	add	hl,hl
3012+ A419 19           	add	hl,de
3013+ A41A 78           	ld	a,b
3014+ A41B 0F           	rrca
3015+ A41C 0F           	rrca
3016+ A41D 0F           	rrca
3017+ A41E E6 E0        	and	#E0
3018+ A420 81           	add	a,c
3019+ A421 5F           	ld	e,a
3020+ A422 78           	ld	a,b
3021+ A423 E6 18        	and	#18
3022+ A425 F6 40        	or	#40
3023+ A427 57           	ld	d,a
3024+ A428 06 08        	ld	b,8
3025+ A42A 7E           T_ZNA1	ld	a,(hl)
3026+ A42B 12           	ld	(de),a
3027+ A42C 23           	inc	hl
3028+ A42D 14           	inc	d
3029+ A42E 10 FA        	djnz	T_ZNA1
3030+ A430 C9           	ret
3031+ A431
3032+ A431 00 01 02     T_HELP1	defb	0,1,2
3033+ A434 03 0A 06     T_HELP2	defb	3,10,6
3034+ A437 03 0A 04     T_HELP3	defb	3,10,4
3035+ A43A 05 09 07     T_HELP4	defb	5,9,7
3036+ A43D
3037+ A43D FF           T_0	defb	255
3038+ A43E 81           	defb	129
3039+ A43F 81           	defb	129
3040+ A440 BD           	defb	189
3041+ A441 BD           	defb	189
3042+ A442 81           	defb	129
3043+ A443 81           	defb	129
3044+ A444 FF           	defb	255
3045+ A445 FF           T_1	defb	255
3046+ A446 00           	defb	0
3047+ A447 00           	defb	0
3048+ A448 00           	defb	0
3049+ A449 00           	defb	0
3050+ A44A 00           	defb	0
3051+ A44B 00           	defb	0
3052+ A44C FF           	defb	255
3053+ A44D FF           T_2	defb	255
3054+ A44E 81           	defb	129
3055+ A44F B9           	defb	%10111001
3056+ A450 B9           	defb	%10111001
3057+ A451 9D           	defb	%10011101
3058+ A452 9D           	defb	%10011101
3059+ A453 81           	defb	129
3060+ A454 FF           	defb	255
3061+ A455 80           T_3	defb	128
3062+ A456 80           	defb	128
3063+ A457 80           	defb	128
3064+ A458 80           	defb	128
3065+ A459 80           	defb	128
3066+ A45A 80           	defb	128
3067+ A45B 80           	defb	128
3068+ A45C 80           	defb	128
3069+ A45D 81           T_4	defb	129
3070+ A45E 81           	defb	129
3071+ A45F 81           	defb	129
3072+ A460 81           	defb	129
3073+ A461 81           	defb	129
3074+ A462 81           	defb	129
3075+ A463 81           	defb	129
3076+ A464 81           	defb	129
3077+ A465 80           T_5	defb	128
3078+ A466 80           	defb	128
3079+ A467 80           	defb	128
3080+ A468 80           	defb	128
3081+ A469 80           	defb	128
3082+ A46A 80           	defb	128
3083+ A46B 80           	defb	128
3084+ A46C FF           	defb	255
3085+ A46D FF           T_6	defb	255
3086+ A46E 81           	defb	129
3087+ A46F 99           	defb	153
3088+ A470 BD           	defb	189
3089+ A471 99           	defb	153
3090+ A472 99           	defb	153
3091+ A473 81           	defb	129
3092+ A474 FF           	defb	255
3093+ A475 FF           T_7	defb	255
3094+ A476 81           	defb	129
3095+ A477 99           	defb	153
3096+ A478 99           	defb	153
3097+ A479 BD           	defb	189
3098+ A47A 99           	defb	153
3099+ A47B 81           	defb	129
3100+ A47C FF           	defb	255
3101+ A47D FF           T_8	defb	255
3102+ A47E 81           	defb	129
3103+ A47F 81           	defb	129
3104+ A480 99           	defb	153
3105+ A481 99           	defb	153
3106+ A482 81           	defb	129
3107+ A483 81           	defb	129
3108+ A484 FF           	defb	255
3109+ A485 00           T_9	defb	0
3110+ A486 00           	defb	0
3111+ A487 00           	defb	0
3112+ A488 00           	defb	0
3113+ A489 00           	defb	0
3114+ A48A 00           	defb	0
3115+ A48B 00           	defb	0
3116+ A48C FF           	defb	255
3117+ A48D 00           T_10	defb	0
3118+ A48E 00           	defb	0
3119+ A48F 00           	defb	0
3120+ A490 00           	defb	0
3121+ A491 00           	defb	0
3122+ A492 00           	defb	0
3123+ A493 00           	defb	0
3124+ A494 00           	defb	0
3125+ A495              ;------------------------------
3126+ A495              ;TISK CISLA BC-POZICE HL-HODNOT
3127+ A495              ;TISKNE CISLO TYPU INTEGER
3128+ A495              ;STAR-RUTINA TISKU 1 ZNAKU NA
3129+ A495              ;POZICI BC (0,0)
3130+ A495 11 F0 D8     NUMBER4	ld	de,-10000
3131+ A498 CD B6 A4     	call	NUM_JED
3132+ A49B 11 18 FC     NUMBER3	ld	de,-1000
3133+ A49E CD B6 A4     	call	NUM_JED
3134+ A4A1 11 9C FF     NUMBER2	ld	de,-100
3135+ A4A4 CD B6 A4     	call	NUM_JED
3136+ A4A7 11 F6 FF     NUMBER1	ld	de,-10
3137+ A4AA CD B6 A4     	call	NUM_JED
3138+ A4AD 7D           NUMBER0	ld	a,l
3139+ A4AE C6 30        	add	a,48
3140+ A4B0 C5           	push	bc		;new
3141+ A4B1 CD 02 A5     	call	T42
3142+ A4B4 C1           	pop	bc
3143+ A4B5 C9           	ret
3144+ A4B6
3145+ A4B6 AF           NUM_JED	xor	a
3146+ A4B7              NUM_JED1
3147+ A4B7 19           	add	hl,de
3148+ A4B8 30 03        	jr	nc,NUM_PRIC
3149+ A4BA 3C           	inc	a
3150+ A4BB 18 FA        	jr	NUM_JED1
3151+ A4BD              NUM_PRIC
3152+ A4BD ED 52        	sbc	hl,de
3153+ A4BF C6 30        	add	a,48
3154+ A4C1 C5           	push	bc
3155+ A4C2 E5           	push	hl
3156+ A4C3 CD 02 A5     	call	T42
3157+ A4C6 E1           	pop	hl
3158+ A4C7 C1           	pop	bc
3159+ A4C8 0C           	inc	c
3160+ A4C9 C9           	ret
3161+ A4CA              ;/*
3162+ A4CA              ;T42_TEXT ld	a,(hl)
3163+ A4CA              ;	and	127
3164+ A4CA              ;	push	hl
3165+ A4CA              ;	push	bc
3166+ A4CA              ;	call	T42
3167+ A4CA              ;	pop	bc
3168+ A4CA              ;	pop	hl
3169+ A4CA              ;	inc	c
3170+ A4CA              ;	ld	a,(hl)
3171+ A4CA              ;	rla
3172+ A4CA              ;	inc	hl
3173+ A4CA              ;	jr	nc,T42_TEXT
3174+ A4CA              ;	ret
3175+ A4CA              ;*/
3176+ A4CA              ;Tisk textu 42 znaku na radek
3177+ A4CA              ;-umi tisknou v danych mezich urcenych promenymi t42_borb a t42_bore
3178+ A4CA              ;-posledni znak ma nastaveny bit7
3179+ A4CA              ;-podporuje enter 13
3180+ A4CA              ;-umi tiskout i barvy dle promene t42_att; pokud je nula neobarvuje
3181+ A4CA              ;-podporuje znemu barvy pres kod 16 nasledovany hodnotou attributu
3182+ A4CA              T42_TEXT
3183+ A4CA 7E           	ld	a,(hl)
3184+ A4CB E6 7F        	and	127
3185+ A4CD FE 0D        	cp	13
3186+ A4CF 28 19        	jr	z,T42_ZMEN
3187+ A4D1 FE 10        	cp	16
3188+ A4D3 28 23        	jr	z,T42_ZMENCOLOR
3189+ A4D5 E5           	push	hl
3190+ A4D6 C5           	push	bc
3191+ A4D7 CD 02 A5     	call	T42
3192+ A4DA C1           	pop	bc
3193+ A4DB E1           	pop	hl
3194+ A4DC 3A 00 A5     	ld	a,(T42_BORE)
3195+ A4DF 3D           	dec	a
3196+ A4E0 B9           	cp	c
3197+ A4E1 38 07        	jr	c,T42_ZMEN
3198+ A4E3 0C           	inc	c
3199+ A4E4              T42_BACK
3200+ A4E4 7E           	ld	a,(hl)
3201+ A4E5 17           	rla
3202+ A4E6 D8           	ret	c
3203+ A4E7 23           	inc	hl
3204+ A4E8 18 E0        	jr	T42_TEXT
3205+ A4EA
3206+ A4EA              T42_ZMEN
3207+ A4EA 3A FF A4     	ld	a,(T42_BORB)
3208+ A4ED 4F           	ld	c,a
3209+ A4EE 04           	inc	b
3210+ A4EF 78           	ld	a,b
3211+ A4F0 FE 18        	cp	24
3212+ A4F2 38 F0        	jr	c,T42_BACK
3213+ A4F4 06 00        	ld	b,0
3214+ A4F6 18 EC        	jr	T42_BACK
3215+ A4F8              T42_ZMENCOLOR
3216+ A4F8 23           	inc	hl
3217+ A4F9 7E           	ld	a,(hl)
3218+ A4FA 32 01 A5     	ld	(T42_ATT),a
3219+ A4FD 18 E5        	jr	T42_BACK
3220+ A4FF
3221+ A4FF              T42_BORB
3222+ A4FF 01           	defb	1
3223+ A500              T42_BORE
3224+ A500 29           	defb	41
3225+ A501 00           T42_ATT	defb	0
3226+ A502
3227+ A502              ;Tisk 42 znaku na radek
3228+ A502              ;pocatek vlevo nahore (0,0)
3229+ A502
3230+ A502 11 C3 A4     T42	ld	de,T42_SADA-256
3231+ A505 26 00        	ld	h,0
3232+ A507 6F           	ld	l,a
3233+ A508 29           	add	hl,hl
3234+ A509 29           	add	hl,hl
3235+ A50A 29           	add	hl,hl
3236+ A50B 19           	add	hl,de
3237+ A50C 78           	ld	a,b
3238+ A50D 0F           	rrca
3239+ A50E 0F           	rrca
3240+ A50F 0F           	rrca
3241+ A510 E6 E0        	and	%11100000
3242+ A512 5F           	ld	e,a
3243+ A513 78           	ld	a,b
3244+ A514 E6 18        	and	%00011000
3245+ A516 F6 40        	or	%01000000
3246+ A518 57           	ld	d,a
3247+ A519 79           	ld	a,c
3248+ A51A E6 3C        	and	%00111100
3249+ A51C 0F           	rrca
3250+ A51D 0F           	rrca
3251+ A51E 47           	ld	b,a
3252+ A51F 79           	ld	a,c
3253+ A520 E6 3C        	and	%00111100
3254+ A522 90           	sub	b
3255+ A523 83           	add	a,e
3256+ A524 5F           	ld	e,a
3257+ A525 79           	ld	a,c
3258+ A526 E6 03        	and	%00000011
3259+ A528 06 08        	ld	b,8
3260+ A52A 20 0B        	jr	nz,T42_T123
3261+ A52C 1A           T42_T0	ld	a,(de)
3262+ A52D E6 03        	and	%00000011
3263+ A52F B6           	or	(hl)
3264+ A530 12           	ld	(de),a
3265+ A531 14           	inc	d
3266+ A532 23           	inc	hl
3267+ A533 10 F7        	djnz	T42_T0
3268+ A535 18 68        	jr	T42_COLOR
3269+ A537              ;	ret
3270+ A537
3271+ A537              T42_T123
3272+ A537 FE 02        	cp	2
3273+ A539 38 13        	jr	c,T42_T1
3274+ A53B 28 29        	jr	z,T42_T2
3275+ A53D 1C           T42_T3	inc	e
3276+ A53E 1C           	inc	e
3277+ A53F 1A           T42_T31	ld	a,(de)
3278+ A540 E6 C0        	and	%11000000
3279+ A542 4F           	ld	c,a
3280+ A543 7E           	ld	a,(hl)
3281+ A544 0F           	rrca
3282+ A545 0F           	rrca
3283+ A546 B1           	or	c
3284+ A547 12           	ld	(de),a
3285+ A548 14           	inc	d
3286+ A549 23           	inc	hl
3287+ A54A 10 F3        	djnz	T42_T31
3288+ A54C 18 51        	jr	T42_COLOR
3289+ A54E
3290+ A54E              ;	ret
3291+ A54E
3292+ A54E AF           T42_T1	xor	a
3293+ A54F 32 8C A5     	ld	(T42_P3),a
3294+ A552 32 8D A5     	ld	(T42_P4),a
3295+ A555 3E FC        	ld	a,%11111100
3296+ A557 32 87 A5     	ld	(T42_P1+1),a
3297+ A55A 2F           	cpl
3298+ A55B CD 80 A5     	call	T42_P_A
3299+ A55E 3E 0F        	ld	a,%00001111
3300+ A560 32 87 A5     	ld	(T42_P1+1),a
3301+ A563 2F           	cpl
3302+ A564 18 18        	jr	T42_P_B
3303+ A566
3304+ A566 1C           T42_T2	inc	e
3305+ A567 3E 07        	ld	a,7
3306+ A569 32 8C A5     	ld	(T42_P3),a
3307+ A56C 32 8D A5     	ld	(T42_P4),a
3308+ A56F 3E F0        	ld	a,%11110000
3309+ A571 32 87 A5     	ld	(T42_P1+1),a
3310+ A574 2F           	cpl
3311+ A575 CD 80 A5     	call	T42_P_A
3312+ A578 3E 3F        	ld	a,%00111111
3313+ A57A 32 87 A5     	ld	(T42_P1+1),a
3314+ A57D 2F           	cpl
3315+ A57E
3316+ A57E 06 08        T42_P_B	ld	b,8
3317+ A580 32 8F A5     T42_P_A	ld	(T42_P2+1),a
3318+ A583 E5           	push	hl
3319+ A584 D5           	push	de
3320+ A585 1A           T42_P0	ld	a,(de)
3321+ A586 E6 00        T42_P1	and	0
3322+ A588 4F           	ld	c,a
3323+ A589 7E           	ld	a,(hl)
3324+ A58A 07           	rlca
3325+ A58B 07           	rlca
3326+ A58C 00           T42_P3	nop
3327+ A58D 00           T42_P4	nop
3328+ A58E E6 00        T42_P2	and	0
3329+ A590 B1           	or	c
3330+ A591 12           	ld	(de),a
3331+ A592 14           	inc	d
3332+ A593 23           	inc	hl
3333+ A594 10 EF        	djnz	T42_P0
3334+ A596
3335+ A596 D5           	push	de
3336+ A597 CD 9F A5     	call	T42_COLOR
3337+ A59A D1           	pop	de
3338+ A59B              ; podpora barev
3339+ A59B D1           	pop	de
3340+ A59C E1           	pop	hl
3341+ A59D 1C           	inc	e
3342+ A59E
3343+ A59E C9           	ret
3344+ A59F
3345+ A59F              T42_COLOR
3346+ A59F 3A 01 A5     	ld	a,(T42_ATT)
3347+ A5A2 B7           	or	a
3348+ A5A3 C8           	ret	z
3349+ A5A4              ; pokud je nula, tak se neobarvuje
3350+ A5A4 15           	dec	d
3351+ A5A5 7A           	ld	a,d
3352+ A5A6 0F           	rrca
3353+ A5A7 0F           	rrca
3354+ A5A8 0F           	rrca
3355+ A5A9 E6 03        	and	3
3356+ A5AB F6 58        	or	88
3357+ A5AD 57           	ld	d,a
3358+ A5AE 3A 01 A5     	ld	a,(T42_ATT)
3359+ A5B1 12           	ld	(de),a
3360+ A5B2 C9           	ret
3361+ A5B3
3362+ A5B3 FC           	defb	%11111100
3363+ A5B4 84           	defb	%10000100
3364+ A5B5 84           	defb	%10000100
3365+ A5B6 84           	defb	%10000100
3366+ A5B7 84           	defb	%10000100
3367+ A5B8 84           	defb	%10000100
3368+ A5B9 84           	defb	%10000100
3369+ A5BA FC           	defb	%11111100
3370+ A5BB
3371+ A5BB 00           	defb	%00000000
3372+ A5BC 78           	defb	%01111000
3373+ A5BD 78           	defb	%01111000
3374+ A5BE 78           	defb	%01111000
3375+ A5BF 78           	defb	%01111000
3376+ A5C0 78           	defb	%01111000
3377+ A5C1 78           	defb	%01111000
3378+ A5C2 00           	defb	%00000000
3379+ A5C3
3380+ A5C3              T42_SADA
3381+ A5C3 00 00 00 00  	defw	0,0,0,0
3381+ A5C7 00 00 00 00
3382+ A5CB F8 88 50 50  	defw	35064,20560
3383+ A5CF 20 00 20 00  	defw	32,32,53456,0,0,0
3383+ A5D3 D0 D0 00 00
3383+ A5D7 00 00 00 00
3384+ A5DB 50 F8 50 50  	defw	63568,20560,63568
3384+ A5DF 50 F8
3385+ A5E1 50 00 20 F8  	defw	80,63520,63648
3385+ A5E5 A0 F8
3386+ A5E7 28 F8 20 00  	defw	63528,32,51200
3386+ A5EB 00 C8
3387+ A5ED D8 30 60 D8  	defw	12504,55392,152
3387+ A5F1 98 00
3388+ A5F3 00 20 50 20  	defw	8192,8272,34896
3388+ A5F7 50 88
3389+ A5F9 70 00 30 60  	defw	112,24624,0,0,0
3389+ A5FD 00 00 00 00
3389+ A601 00 00
3390+ A603 30 60        	defw	24624
3391+ A605 60 60        	defw	24672
3392+ A607 60 60        	defw	24672
3393+ A609 30 00        	defw	48
3394+ A60B 60 30        	defw	12384
3395+ A60D 30 30        	defw	12336
3396+ A60F 30 30        	defw	12336
3397+ A611 60 00        	defw	96
3398+ A613 00 50        	defw	20480
3399+ A615 20 F8        	defw	63520
3400+ A617 20 50        	defw	20512
3401+ A619 00 00        	defw	0
3402+ A61B 00 20        	defw	8192
3403+ A61D 20 F8        	defw	63520
3404+ A61F 20 20        	defw	8224
3405+ A621 00 00        	defw	0
3406+ A623 00 00        	defw	0
3407+ A625 00 00        	defw	0
3408+ A627 00 30        	defw	12288
3409+ A629 60 00        	defw	96
3410+ A62B 00 00        	defw	0
3411+ A62D 00 78        	defw	30720
3412+ A62F 00 00        	defw	0
3413+ A631 00 00        	defw	0
3414+ A633 00 00        	defw	0
3415+ A635 00 00        	defw	0
3416+ A637 00 60        	defw	24576
3417+ A639 60 00        	defw	96
3418+ A63B 00 08        	defw	2048
3419+ A63D 18 30        	defw	12312
3420+ A63F 60 C0        	defw	49248
3421+ A641 80 00        	defw	128
3422+ A643 70 D8        	defw	55408
3423+ A645 E8 C8        	defw	51432
3424+ A647 C8 C8        	defw	51400
3425+ A649 70 00        	defw	112
3426+ A64B 20 60        	defw	24608
3427+ A64D E0 60        	defw	24800
3428+ A64F 60 60        	defw	24672
3429+ A651 F0 00        	defw	240
3430+ A653 70 88        	defw	34928
3431+ A655 08 70        	defw	28680
3432+ A657 C0 C0        	defw	49344
3433+ A659 F8 00        	defw	248
3434+ A65B 70 C8        	defw	51312
3435+ A65D 08 30        	defw	12296
3436+ A65F 08 C8        	defw	51208
3437+ A661 70 00        	defw	112
3438+ A663 10 20        	defw	8208
3439+ A665 40 D0        	defw	53312
3440+ A667 F8 10        	defw	4344
3441+ A669 10 00        	defw	16
3442+ A66B F8 C0        	defw	49400
3443+ A66D C0 F0        	defw	61632
3444+ A66F 08 C8        	defw	51208
3445+ A671 70 00        	defw	112
3446+ A673 70 C8        	defw	51312
3447+ A675 C0 F0        	defw	61632
3448+ A677 C8 C8        	defw	51400
3449+ A679 70 00        	defw	112
3450+ A67B F8 18        	defw	6392
3451+ A67D 18 30        	defw	12312
3452+ A67F 60 C0        	defw	49248
3453+ A681 80 00        	defw	128
3454+ A683 70 C8        	defw	51312
3455+ A685 C8 70        	defw	28872
3456+ A687 C8 C8        	defw	51400
3457+ A689 70 00        	defw	112
3458+ A68B 70 C8        	defw	51312
3459+ A68D C8 78        	defw	30920
3460+ A68F 08 C8        	defw	51208
3461+ A691 70 00        	defw	112
3462+ A693 00 00        	defw	0
3463+ A695 60 00        	defw	96
3464+ A697 00 60        	defw	24576
3465+ A699 00 00        	defw	0
3466+ A69B 00 00        	defw	0
3467+ A69D 30 00        	defw	48
3468+ A69F 00 30        	defw	12288
3469+ A6A1 60 00        	defw	96
3470+ A6A3 00 18        	defw	6144
3471+ A6A5 30 60        	defw	24624
3472+ A6A7 30 18        	defw	6192
3473+ A6A9 00 00        	defw	0
3474+ A6AB 00 00        	defw	0
3475+ A6AD 78 00        	defw	120
3476+ A6AF 78 00        	defw	120
3477+ A6B1 00 00        	defw	0
3478+ A6B3 00 60        	defw	24576
3479+ A6B5 30 18        	defw	6192
3480+ A6B7 30 60        	defw	24624
3481+ A6B9 00 00        	defw	0
3482+ A6BB 70 D8        	defw	55408
3483+ A6BD 18 30        	defw	12312
3484+ A6BF 20 00        	defw	32
3485+ A6C1 20 00        	defw	32
3486+ A6C3 70 88        	defw	34928
3487+ A6C5 A8 D8        	defw	55464
3488+ A6C7 B0 80        	defw	32944
3489+ A6C9 70 00        	defw	112
3490+ A6CB 70 C8        	defw	51312
3491+ A6CD C8 F8        	defw	63688
3492+ A6CF C8 C8        	defw	51400
3493+ A6D1 C8 00        	defw	200
3494+ A6D3 F0 C8        	defw	51440
3495+ A6D5 C8 F0        	defw	61640
3496+ A6D7 C8 C8        	defw	51400
3497+ A6D9 F0 00        	defw	240
3498+ A6DB 70 C8        	defw	51312
3499+ A6DD C0 C0        	defw	49344
3500+ A6DF C0 C8        	defw	51392
3501+ A6E1 70 00        	defw	112
3502+ A6E3 F0 C8        	defw	51440
3503+ A6E5 C8 C8        	defw	51400
3504+ A6E7 C8 C8        	defw	51400
3505+ A6E9 F0 00        	defw	240
3506+ A6EB F8 C0        	defw	49400
3507+ A6ED C0 F0        	defw	61632
3508+ A6EF C0 C0        	defw	49344
3509+ A6F1 F8 00        	defw	248
3510+ A6F3 F8 C0        	defw	49400
3511+ A6F5 C0 F0        	defw	61632
3512+ A6F7 C0 C0        	defw	49344
3513+ A6F9 C0 00        	defw	192
3514+ A6FB 70 C8        	defw	51312
3515+ A6FD C0 D8        	defw	55488
3516+ A6FF C8 C8        	defw	51400
3517+ A701 70 00        	defw	112
3518+ A703 C8 C8        	defw	51400
3519+ A705 C8 F8        	defw	63688
3520+ A707 C8 C8        	defw	51400
3521+ A709 C8 00        	defw	200
3522+ A70B F8 60        	defw	24824
3523+ A70D 60 60        	defw	24672
3524+ A70F 60 60        	defw	24672
3525+ A711 F8 00        	defw	248
3526+ A713 08 08        	defw	2056
3527+ A715 08 08        	defw	2056
3528+ A717 C8 C8        	defw	51400
3529+ A719 70 00        	defw	112
3530+ A71B C8 C8        	defw	51400
3531+ A71D D0 E0        	defw	57552
3532+ A71F D0 C8        	defw	51408
3533+ A721 C8 00        	defw	200
3534+ A723 C0 C0        	defw	49344
3535+ A725 C0 C0        	defw	49344
3536+ A727 C0 C0        	defw	49344
3537+ A729 F8 00        	defw	248
3538+ A72B 88 D8        	defw	55432
3539+ A72D E8 C8        	defw	51432
3540+ A72F C8 C8        	defw	51400
3541+ A731 C8 00        	defw	200
3542+ A733 C8 C8        	defw	51400
3543+ A735 C8 E8        	defw	59592
3544+ A737 D8 C8        	defw	51416
3545+ A739 C8 00        	defw	200
3546+ A73B 70 C8        	defw	51312
3547+ A73D C8 C8        	defw	51400
3548+ A73F C8 C8        	defw	51400
3549+ A741 70 00        	defw	112
3550+ A743 F0 C8        	defw	51440
3551+ A745 C8 F0        	defw	61640
3552+ A747 C0 C0        	defw	49344
3553+ A749 C0 00        	defw	192
3554+ A74B 70 C8        	defw	51312
3555+ A74D C8 C8        	defw	51400
3556+ A74F E8 D8        	defw	55528
3557+ A751 78 00        	defw	120
3558+ A753 F0 C8        	defw	51440
3559+ A755 C8 F0        	defw	61640
3560+ A757 D0 C8        	defw	51408
3561+ A759 C8 00        	defw	200
3562+ A75B 70 C8        	defw	51312
3563+ A75D C0 70        	defw	28864
3564+ A75F 08 C8        	defw	51208
3565+ A761 70 00        	defw	112
3566+ A763 F8 60        	defw	24824
3567+ A765 60 60        	defw	24672
3568+ A767 60 60        	defw	24672
3569+ A769 60 00        	defw	96
3570+ A76B C8 C8        	defw	51400
3571+ A76D C8 C8        	defw	51400
3572+ A76F C8 C8        	defw	51400
3573+ A771 70 00        	defw	112
3574+ A773 C8 C8        	defw	51400
3575+ A775 C8 C8        	defw	51400
3576+ A777 C8 50        	defw	20680
3577+ A779 20 00        	defw	32
3578+ A77B C8 C8        	defw	51400
3579+ A77D C8 C8        	defw	51400
3580+ A77F C8 E8        	defw	59592
3581+ A781 50 00        	defw	80
3582+ A783 88 D8        	defw	55432
3583+ A785 70 60        	defw	24688
3584+ A787 70 D8        	defw	55408
3585+ A789 88 00        	defw	136
3586+ A78B 88 D0        	defw	53384
3587+ A78D 60 60        	defw	24672
3588+ A78F 60 60        	defw	24672
3589+ A791 60 00        	defw	96
3590+ A793 F8 18        	defw	6392
3591+ A795 30 60        	defw	24624
3592+ A797 C0 C0        	defw	49344
3593+ A799 F8 00        	defw	248
3594+ A79B 78 60        	defw	24696
3595+ A79D 60 60        	defw	24672
3596+ A79F 60 60        	defw	24672
3597+ A7A1 78 00        	defw	120
3598+ A7A3 00 80        	defw	32768
3599+ A7A5 C0 60        	defw	24768
3600+ A7A7 30 18        	defw	6192
3601+ A7A9 08 00        	defw	8
3602+ A7AB 78 18        	defw	6264
3603+ A7AD 18 18        	defw	6168
3604+ A7AF 18 18        	defw	6168
3605+ A7B1 78 00        	defw	120
3606+ A7B3 20 70        	defw	28704
3607+ A7B5 A8 20        	defw	8360
3608+ A7B7 20 20        	defw	8224
3609+ A7B9 20 00        	defw	32
3610+ A7BB 00 00        	defw	0
3611+ A7BD 00 00        	defw	0
3612+ A7BF 00 00        	defw	0
3613+ A7C1 FC 00        	defw	252
3614+ A7C3 30 48        	defw	18480
3615+ A7C5 48 E0        	defw	57416
3616+ A7C7 40 40        	defw	16448
3617+ A7C9 F8 00        	defw	248
3618+ A7CB 00 00        	defw	0
3619+ A7CD 70 08        	defw	2160
3620+ A7CF 78 C8        	defw	51320
3621+ A7D1 78 00        	defw	120
3622+ A7D3 00 C0        	defw	49152
3623+ A7D5 C0 F0        	defw	61632
3624+ A7D7 C8 C8        	defw	51400
3625+ A7D9 F0 00        	defw	240
3626+ A7DB 00 00        	defw	0
3627+ A7DD 70 C0        	defw	49264
3628+ A7DF C0 C0        	defw	49344
3629+ A7E1 70 00        	defw	112
3630+ A7E3 00 08        	defw	2048
3631+ A7E5 08 78        	defw	30728
3632+ A7E7 C8 C8        	defw	51400
3633+ A7E9 78 00        	defw	120
3634+ A7EB 00 00        	defw	0
3635+ A7ED 70 C8        	defw	51312
3636+ A7EF F0 C0        	defw	49392
3637+ A7F1 78 00        	defw	120
3638+ A7F3 00 38        	defw	14336
3639+ A7F5 60 70        	defw	28768
3640+ A7F7 60 60        	defw	24672
3641+ A7F9 60 00        	defw	96
3642+ A7FB 00 00        	defw	0
3643+ A7FD 78 C8        	defw	51320
3644+ A7FF C8 78        	defw	30920
3645+ A801 08 70        	defw	28680
3646+ A803 00 C0        	defw	49152
3647+ A805 C0 F0        	defw	61632
3648+ A807 C8 C8        	defw	51400
3649+ A809 C8 00        	defw	200
3650+ A80B 00 60        	defw	24576
3651+ A80D 00 E0        	defw	57344
3652+ A80F 60 60        	defw	24672
3653+ A811 F0 00        	defw	240
3654+ A813 00 30        	defw	12288
3655+ A815 00 30        	defw	12288
3656+ A817 30 30        	defw	12336
3657+ A819 B0 60        	defw	24752
3658+ A81B 00 C0        	defw	49152
3659+ A81D D0 E0        	defw	57552
3660+ A81F E0 D0        	defw	53472
3661+ A821 C8 00        	defw	200
3662+ A823 00 60        	defw	24576
3663+ A825 60 60        	defw	24672
3664+ A827 60 60        	defw	24672
3665+ A829 38 00        	defw	56
3666+ A82B 00 00        	defw	0
3667+ A82D D0 E8        	defw	59600
3668+ A82F E8 E8        	defw	59624
3669+ A831 E8 00        	defw	232
3670+ A833 00 00        	defw	0
3671+ A835 F0 C8        	defw	51440
3672+ A837 C8 C8        	defw	51400
3673+ A839 C8 00        	defw	200
3674+ A83B 00 00        	defw	0
3675+ A83D 70 C8        	defw	51312
3676+ A83F C8 C8        	defw	51400
3677+ A841 70 00        	defw	112
3678+ A843 00 00        	defw	0
3679+ A845 F0 C8        	defw	51440
3680+ A847 C8 F0        	defw	61640
3681+ A849 C0 C0        	defw	49344
3682+ A84B 00 00        	defw	0
3683+ A84D 78 C8        	defw	51320
3684+ A84F C8 78        	defw	30920
3685+ A851 18 18        	defw	6168
3686+ A853 00 00        	defw	0
3687+ A855 78 C0        	defw	49272
3688+ A857 C0 C0        	defw	49344
3689+ A859 C0 00        	defw	192
3690+ A85B 00 00        	defw	0
3691+ A85D 70 C0        	defw	49264
3692+ A85F 70 08        	defw	2160
3693+ A861 F0 00        	defw	240
3694+ A863 00 60        	defw	24576
3695+ A865 70 60        	defw	24688
3696+ A867 60 60        	defw	24672
3697+ A869 38 00        	defw	56
3698+ A86B 00 00        	defw	0
3699+ A86D C8 C8        	defw	51400
3700+ A86F C8 C8        	defw	51400
3701+ A871 70 00        	defw	112
3702+ A873 00 00        	defw	0
3703+ A875 C8 C8        	defw	51400
3704+ A877 70 70        	defw	28784
3705+ A879 20 00        	defw	32
3706+ A87B 00 00        	defw	0
3707+ A87D C8 E8        	defw	59592
3708+ A87F E8 E8        	defw	59624
3709+ A881 50 00        	defw	80
3710+ A883 00 00        	defw	0
3711+ A885 88 D8        	defw	55432
3712+ A887 70 D8        	defw	55408
3713+ A889 88 00        	defw	136
3714+ A88B 00 00        	defw	0
3715+ A88D C8 C8        	defw	51400
3716+ A88F C8 78        	defw	30920
3717+ A891 08 70        	defw	28680
3718+ A893 00 00        	defw	0
3719+ A895 F8 30        	defw	12536
3720+ A897 60 C0        	defw	49248
3721+ A899 F8 00        	defw	248
3722+ A89B 78 60        	defw	24696
3723+ A89D 60 C0        	defw	49248
3724+ A89F 60 60        	defw	24672
3725+ A8A1 78 00        	defw	120
3726+ A8A3 60 60        	defw	24672
3727+ A8A5 60 60        	defw	24672
3728+ A8A7 60 60        	defw	24672
3729+ A8A9 60 00        	defw	96
3730+ A8AB F0 30        	defw	12528
3731+ A8AD 30 18        	defw	6192
3732+ A8AF 30 30        	defw	12336
3733+ A8B1 F0 00        	defw	240
3734+ A8B3 34 68        	defw	26676
3735+ A8B5 00 00        	defw	0
3736+ A8B7 00 00        	defw	0
3737+ A8B9 00 00        	defw	0
3738+ A8BB 70 88        	defw	34928
3739+ A8BD A8 C8        	defw	51368
3740+ A8BF A8 88        	defw	34984
3741+ A8C1 70 00        	defw	112
3742+ A8C3
3743+ A8C3 CD CD A8     ANYKEY	call	KEYSCAN
3744+ A8C6 28 FB        	jr	z,ANYKEY
3745+ A8C8 C9           	ret
3746+ A8C9
3747+ A8C9              	include	inkey.a80
# file opened: inkey.a80
   1++A8C9              ;/* update 21:18 2.10.2016
   2++A8C9              ;
   3++A8C9              ;Busy's inkey routine taken from MRS
   4++A8C9              ;
   5++A8C9              ;
   6++A8C9              ;"# inkey 03"
   7++A8C9              ;Rutina INKEY na zacitanie prave stlacenej klavesy
   8++A8C9              ;...pracuje presne tak ako funkcia INKEY$ v basicu
   9++A8C9              ;Vracia:ASCII-kod prave stlacenej klavesy v registri A
  10++A8C9              ;ak nie je nic stlacene tak vrati nulu
  11++A8C9              ;prizrak ZERO sa nastavi podla nulovosti registra A
  12++A8C9              ;*/
  13++A8C9
  14++A8C9 00           lastkey     db 0
  15++A8CA 00           otherkey    db 0
  16++A8CB 00           keysound    db 0
  17++A8CC 00           BORDER      db 0
  18++A8CD
  19++A8CD              ;pro volani klavesnice pouzivame call KEYSCAN
  20++A8CD              KEYSCAN
  21++A8CD              return_key			;first press, returns NZ, next presses Z, no return if no key pressed
  22++A8CD
  23++A8CD CD 28 A9     keyboard	call inkey	;Busy's MRS solution- the best:))
  24++A8D0 B7           		or a
  25++A8D1 20 04        		jr nz,keyb1
  26++A8D3 32 C9 A8     		ld (lastkey),a
  27++A8D6 C9           		ret		;if no key pressed, RETurn with A=0 and Z flag
  28++A8D7              ;		jr keyboard
  29++A8D7 ~            /*alternativa, zpomaleni klavesnice pro rychlejsi CPU
  30++A8D7 ~            keyb1		ei
  31++A8D7 ~            		halt
  32++A8D7 ~            		halt
  33++A8D7 ~            		di
  34++A8D7 ~            key_cont	ld c,a
  35++A8D7 ~            */
  36++A8D7 01 00 04     keyb1		ld bc,$400
  37++A8DA
  38++A8DA
  39++A8DA 0D           keyb2		dec c
  40++A8DB 20 FD        		jr nz,keyb2
  41++A8DD 10 FB        		djnz keyb2
  42++A8DF 4F           		ld c,a
  43++A8E0 CD 28 A9     		call inkey
  44++A8E3 B9           		cp c
  45++A8E4 20 E7        		jr nz,keyboard
  46++A8E6 3A C9 A8     		ld a,(lastkey)
  47++A8E9 B9           		cp c
  48++A8EA 28 04        		jr z,keyb3
  49++A8EC 3E 80        		ld a,$80
  50++A8EE 18 12        		jr keyb4
  51++A8F0 3A CA A8     keyb3		ld a,(otherkey)
  52++A8F3 47           		ld b,a
  53++A8F4 AF           keyb7		xor a
  54++A8F5 3D           keyb5		dec a
  55++A8F6 20 FD        		jr nz,keyb5
  56++A8F8 CD 28 A9     		call inkey
  57++A8FB B9           		cp c
  58++A8FC 20 CF        		jr nz,keyboard
  59++A8FE 10 F4        		djnz keyb7
  60++A900 3E 01        		ld a,1
  61++A902 32 CA A8     keyb4		ld (otherkey),a
  62++A905 79           		ld a,c
  63++A906 32 C9 A8     		ld (lastkey),a
  64++A909 F5           beep		push af
  65++A90A              ;		or a			;tento or je pro rutinu MRS dulezity, jinak rutina kvici
  66++A90A CD 0F A9     		call beepk		;beep
  67++A90D F1           		pop af
  68++A90E C9           		ret		;end of Busy's solution
  69++A90F
  70++A90F 3A CB A8     beepk		ld a,(keysound)		;Busyho nahradni rutina,kratsi
  71++A912 B7           		or a
  72++A913 C0           		ret nz
  73++A914 3A CC A8     		ld a,(BORDER)
  74++A917 AF           		xor	a		;black border
  75++A918 5F           		ld e,a
  76++A919 06 10        		ld b,$10
  77++A91B 80           		add a,b
  78++A91C              ;		ld a,$10+border
  79++A91C D3 FE        		out ($fe),a
  80++A91E 06 1C        		ld b,$1c
  81++A920 10 FE        beepk1		djnz beepk1
  82++A922 3E 08        		ld a,$08
  83++A924 83           		add a,e
  84++A925              ;		ld a,$08+border
  85++A925 D3 FE        		out ($fe),a
  86++A927 C9           		ret
  87++A928
  88++A928
  89++A928
  90++A928
  91++A928              za
  92++A928 E5           inkey	push hl                  ;Odlozenie
  93++A929 D5           	push de                  ;povodneho
  94++A92A C5           	push bc                  ;obsahu registrov
  95++A92B 01 FE 7F     	ld   bc,$7ffe            ;adresa portu prvej polrady
  96++A92E 26 00        	ld   h,$00               ;h=pocitadlo klaves
  97++A930 54           	ld   d,h                 ;d,e=pomocny buffer pre
  98++A931 5C           	ld   e,h                 ;dve stlacene klavesy
  99++A932 2E 05        ii1	ld   l,$05               ;v kazdej polrade je 5 klaves
 100++A934 ED 78        	in   a,(c)               ;nacitanie polrady klavesnice
 101++A936 24           ii2	inc  h                   ;pre kazdy test sa pripocita +1
 102++A937 0F           	rrca                     ;test jednej klavesy z polrady
 103++A938 38 02        	jr   c,ii3               ;nestlacena - skok
 104++A93A 53           	ld   d,e                 ;stlacena: zapise sa do pomocneho
 105++A93B 5C           	ld   e,h                 ;buffera (tvoreneho registrom de)
 106++A93C 2D           ii3	dec  l                   ;A toto vsetko opakuj
 107++A93D 20 F7        	jr   nz,ii2              ;pre vsetky klavesy z polrady
 108++A93F CB 08        	rrc  b                   ;A toto vsetko opakuj
 109++A941 38 EF        	jr   c,ii1               ;pre vsetky polrady klavesnice
 110++A943 7B           	ld   a,e                 ;\
 111++A944
 112++A944 FE 24        	cp   $24                 ;Prehodenie poradia klaves tak
 113++A946 20 03        	jr   nz,ii5              ;aby shifty boli v registri D
 114++A948 5A           	ld   e,d                 ;a vyznamne klavesy v E
 115++A949 16 24        	ld   d,$24               ; |
 116++A94B FE 02        ii5	cp   $02                 ; |
 117++A94D 20 03        	jr   nz,ii6              ; |
 118++A94F 5A           	ld   e,d                 ; |
 119++A950 16 02        	ld   d,$02               ;/
 120++A952 21 74 A9     ii6	ld   hl,iinn             ;Z tabulky pre neshiftove
 121++A955 AF           	xor  a                   ;klavesy sa bude citat
 122++A956 AA           	xor  d                   ;ak nebol stlaceny ziadny shift
 123++A957 28 12        	jr   z,ii7               ;- vtedy skoc
 124++A959 21 C6 A9     	ld   hl,iiss             ;Ak bol stlaceny symbol shift
 125++A95C FE 02        	cp   $02                 ;tak sa bude citat z tejto
 126++A95E 28 0B        	jr   z,ii7               ;tabulky - vtedy skoc
 127++A960 21 9D A9     	ld   hl,iics             ;A na koniec je tu tabulka
 128++A963 FE 24        	cp   $24                 ;pre caps shift
 129++A965 28 04        	jr   z,ii7               ;- vtedy skoc
 130++A967 3E 01        	ld   a,$01               ;Ak su stlacene dve vyznamne
 131++A969 18 04        	jr   ii8                 ;klavesy - vtedy sa vrati kod #01
 132++A96B 16 00        ii7	ld   d,$00               ;Prekodovanie kodovania klaves
 133++A96D 19           	add  hl,de               ;podla pocitadla na kod ASCII
 134++A96E 7E           	ld   a,(hl)              ;Ak nie je nic stlacene,
 135++A96F A7           ii8	and  a                   ;bude a=#00 a teda aj zero.
 136++A970 C1           	pop  bc                  ;Obnovenie
 137++A971 D1           	pop  de                  ;povodneho
 138++A972 E1           	pop  hl                  ;obsahu registrov
 139++A973 C9           	ret                      ;a koniec rutinky.
 140++A974
 141++A974 00 20 1C 6D  iinn	db   $00," ",$1c,"mnb"   ;Tabulka klaves
 141++A978 6E 62
 142++A97A 0D 6C 6B 6A          db   13,"lkjh"           ;pre neshiftove klavesy
 142++A97E 68
 143++A97F 70 6F 69 75          db   "poiuy"
 143++A983 79
 144++A984 30 39 38 37          db   "09876"
 144++A988 36
 145++A989 31 32 33 34          db   "12345"
 145++A98D 35
 146++A98E 71 77 65 72          db   "qwert"
 146++A992 74
 147++A993 61 73 64 66          db   "asdfg"
 147++A997 67
 148++A998 00 7A 78 63          db   $00,"zxcv"
 148++A99C 76
 149++A99D 00 01 0E 4D  iics	db   $00,1,$0e,"MNB"   ;Tabulka klaves
 149++A9A1 4E 42
 150++A9A3 02 4C 4B 4A          db   $02,"LKJH"          ;pre caps shift
 150++A9A7 48
 151++A9A8 50 4F 49 55          db   "POIUY"
 151++A9AC 59
 152++A9AD 0C 0F 09 0B          db   $0c,$0f,$09,$0b,$0a
 152++A9B1 0A
 153++A9B2 07 06 04 05          db   $07,$06,$04,$05,$08
 153++A9B6 08
 154++A9B7 51 57 45 52          db   "QWERT"
 154++A9BB 54
 155++A9BC 41 53 44 46          db   "ASDFG"
 155++A9C0 47
 156++A9C1 1F 5A 58 43          db   $1f,"ZXCV"
 156++A9C5 56
 157++A9C6              ;Tabulka klaves pre symbol shift, bohuzel pro MBC nutno prekopat
 158++A9C6 00 10 1E 2E  iiss	db   $00,$10,$1e,".,*"  ;SPC,SS,mnb
 158++A9CA 2C 2A
 159++A9CC 03 3D 2B 2D          db   $03,"=+-^"         ;ENT,lkjh
 159++A9D0 5E
 160++A9D1 22 3B 7F 5D  	db   $22,";]["		;poiuy
 160++A9D5 5B
 161++A9D6 5F 29 28 27          db   "_)(","'","&"	;09876
 161++A9DA 26
 162++A9DB 21 40 23 24  	db   "!@#$%"		;12345
 162++A9DF 25
 163++A9E0 C7 13 14 3C  	db   199,$13,$14,"<>"	;qwert	    misto 199 bylo #12
 163++A9E4 3E
 164++A9E5 7E 7C 5C 7B          db   "~|",$5C,$7B,$7D	;asdfg	    \{}
 164++A9E9 7D
 165++A9EA 1D 3A 60 3F          db   $1d,":`?/"		;CS,zxcv
 165++A9EE 2F
 166++A9EF              ko
 167++A9EF              le      =    ko-za
 168++A9EF
# file closed: inkey.a80
3748+ A9EF
3749+ A9EF ~            /*LMNho rutinu davame pryc, neumi autorepeat, bude nahrazena tou od Busyho
3750+ A9EF ~            ;------------------------------
3751+ A9EF ~            ANYKEY	call	IINKEY
3752+ A9EF ~            	jr	z,ANYKEY
3753+ A9EF ~            	push	af
3754+ A9EF ~            ANYKEY_0
3755+ A9EF ~            	call	IINKEY
3756+ A9EF ~            	jr	nz,ANYKEY_0
3757+ A9EF ~            	pop	af
3758+ A9EF ~            	ret
3759+ A9EF ~            ;------------------------------
3760+ A9EF ~            IINKEY	push	hl
3761+ A9EF ~            	push	de
3762+ A9EF ~            	push	bc
3763+ A9EF ~            	ld	bc,#7FFE
3764+ A9EF ~            	ld	h,0
3765+ A9EF ~            	ld	d,h
3766+ A9EF ~            	ld	e,h
3767+ A9EF ~            II1	ld	l,5
3768+ A9EF ~            	in	a,(c)
3769+ A9EF ~            II2	inc	h
3770+ A9EF ~            	rrca
3771+ A9EF ~            	jr	c,II3
3772+ A9EF ~            	ld	d,e
3773+ A9EF ~            	ld	e,h
3774+ A9EF ~            II3	dec	l
3775+ A9EF ~            	jr	nz,II2
3776+ A9EF ~            	rrc	b
3777+ A9EF ~            	jr	c,II1
3778+ A9EF ~            	ld	a,e
3779+ A9EF ~            	cp	#24
3780+ A9EF ~            	jr	nz,II5
3781+ A9EF ~            	ld	e,d
3782+ A9EF ~            	ld	d,#24
3783+ A9EF ~            II5	cp	2
3784+ A9EF ~            	jr	nz,II6
3785+ A9EF ~            	ld	e,d
3786+ A9EF ~            	ld	d,2
3787+ A9EF ~            II6	ld	hl,IINN
3788+ A9EF ~            	xor	a
3789+ A9EF ~            	xor	d
3790+ A9EF ~            	jr	z,II7
3791+ A9EF ~            	ld	hl,IISS
3792+ A9EF ~            	cp	2
3793+ A9EF ~            	jr	z,II7
3794+ A9EF ~            	ld	hl,IICS
3795+ A9EF ~            	cp	#24
3796+ A9EF ~            	jr	z,II7
3797+ A9EF ~            	ld	a,1
3798+ A9EF ~            	jr	II8
3799+ A9EF ~
3800+ A9EF ~            II7	ld	d,0
3801+ A9EF ~            	add	hl,de
3802+ A9EF ~            	ld	a,(hl)
3803+ A9EF ~            II8	and	a
3804+ A9EF ~            	pop	bc
3805+ A9EF ~            	pop	de
3806+ A9EF ~            	pop	hl
3807+ A9EF ~            	ret
3808+ A9EF ~
3809+ A9EF ~            IINN	defb	0," ",#1C
3810+ A9EF ~            	defb	"mnb"
3811+ A9EF ~            	defb	13
3812+ A9EF ~            	defb	"lkjh"
3813+ A9EF ~            	defb	"poiuy"
3814+ A9EF ~            	defb	"09876"
3815+ A9EF ~            	defb	"12345"
3816+ A9EF ~            	defb	"qwert"
3817+ A9EF ~            	defb	"asdfg"
3818+ A9EF ~            	defb	0
3819+ A9EF ~            	defb	"zxcv"
3820+ A9EF ~
3821+ A9EF ~            IICS	defb	0,#11,#0E
3822+ A9EF ~            	defb	"MNB"
3823+ A9EF ~            	defb	2
3824+ A9EF ~            	defb	"LKJH"
3825+ A9EF ~            	defb	"POIUY"
3826+ A9EF ~            	defb	#0C,#0F,9,#0B,#0A
3827+ A9EF ~            	defb	7,6,4,5,8
3828+ A9EF ~            	defb	"QWERT"
3829+ A9EF ~            	defb	"ASDFG"
3830+ A9EF ~            	defb	#1F
3831+ A9EF ~            	defb	"ZXCV"
3832+ A9EF ~
3833+ A9EF ~            IISS	defb	0,16,#1E
3834+ A9EF ~            	defb	".,*"
3835+ A9EF ~            	defb	3
3836+ A9EF ~            	defb	"=+-^"
3837+ A9EF ~            	defb	34 ;"
3838+ A9EF ~            	defb	";}{"
3839+ A9EF ~            	defb	"_)('&"
3840+ A9EF ~            	defb	"!@#$%"
3841+ A9EF ~            	defb	#12,#13,#14
3842+ A9EF ~            	defb	"<>"
3843+ A9EF ~            	defb	"~|"
3845+ A9EF ~            	defb	92 ;	defb	123 ;{
3846+ A9EF ~            	defb	125 ;}
3847+ A9EF ~            	defb	#1D
3848+ A9EF ~            	defb	":`?/"
3849+ A9EF ~            */
3850+ A9EF
3851+ A9EF              ;------------------------------
3852+ A9EF              ; ATA IDENTIFY DEVICE pro jedinou podporovanou CF kartu MASTER.
3853+ A9EF              ; Vstup: IX=512B buffer. Vystup: Z=OK, NZ=kod chyby.
3854+ A9EF              IDENTIFY
3855+ A9EF CD 51 AA     	call	TST_BSY
3856+ A9F2 C0           	ret	nz
3857+ A9F3 3E E0        	ld	a,#E0			;MASTER + LBA mode
3858+ A9F5 D3 DB        	out	(P_HEA),a
3859+ A9F7 AF           	xor	a
3860+ A9F8 D3 CB        	out	(P_HSE),a
3861+ A9FA D3 AF        	out	(P_NSE),a
3862+ A9FC D3 D3        	out	(P_CYL),a
3863+ A9FE D3 B7        	out	(P_CYH),a
3864+ AA00 3E EC        	ld	a,#EC			;ATA IDENTIFY DEVICE
3865+ AA02 D3 BF        	out	(P_COM),a
3866+ AA04 CD 6B AA     	call	TST_DR
3867+ AA07 C0           	ret	nz
3868+ AA08 CD 85 AA     	call	RD_512
3869+ AA0B CD 51 AA     	call	TST_BSY
3870+ AA0E C0           	ret	nz
3871+ AA0F CB 47        	bit	0,a
3872+ AA11 20 38        	jr	nz,ATA_GUI_STATUS_ERROR
3873+ AA13 AF           	xor	a
3874+ AA14 C9           	ret
3875+ AA15
3876+ AA15              ; Fyzicke cteni jednoho 512B ATA sektoru.
3877+ AA15              ; Vstup: HL=horni 16 bitu LBA, DE=dolni 16 bitu LBA, IX=buffer.
3878+ AA15              ATA_READ
3879+ AA15 CD 51 AA     	call	TST_BSY
3880+ AA18 C0           	ret	nz
3881+ AA19 7C           	ld	a,h
3882+ AA1A E6 F0        	and	#F0
3883+ AA1C 20 29        	jr	nz,ATA_GUI_LBA_RANGE
3884+ AA1E 7C           	ld	a,h
3885+ AA1F E6 0F        	and	#0F
3886+ AA21 F6 E0        	or	#E0			;MASTER + LBA mode + LBA 27..24
3887+ AA23 D3 DB        	out	(P_HEA),a
3888+ AA25 3E 01        	ld	a,1
3889+ AA27 D3 CB        	out	(P_HSE),a
3890+ AA29 7B           	ld	a,e
3891+ AA2A D3 AF        	out	(P_NSE),a		;LBA 7..0
3892+ AA2C 7A           	ld	a,d
3893+ AA2D D3 D3        	out	(P_CYL),a		;LBA 15..8
3894+ AA2F 7D           	ld	a,l
3895+ AA30 D3 B7        	out	(P_CYH),a		;LBA 23..16
3896+ AA32 3E 20        	ld	a,#20			;ATA READ SECTORS
3897+ AA34 D3 BF        	out	(P_COM),a
3898+ AA36 CD 6B AA     	call	TST_DR
3899+ AA39 C0           	ret	nz
3900+ AA3A CD 85 AA     	call	RD_512
3901+ AA3D CD 51 AA     	call	TST_BSY
3902+ AA40 C0           	ret	nz
3903+ AA41 CB 47        	bit	0,a
3904+ AA43 20 06        	jr	nz,ATA_GUI_STATUS_ERROR
3905+ AA45 AF           	xor	a
3906+ AA46 C9           	ret
3907+ AA47
3908+ AA47              ATA_GUI_LBA_RANGE
3909+ AA47 3E 10        	ld	a,%00010000
3910+ AA49 B7           	or	a
3911+ AA4A C9           	ret
3912+ AA4B
3913+ AA4B              ATA_GUI_STATUS_ERROR
3914+ AA4B DB A7        	in	a,(P_ERR)
3915+ AA4D B7           	or	a
3916+ AA4E C0           	ret	nz
3917+ AA4F 3C           	inc	a			;ERR byl nastaven, nevracej falesne Z
3918+ AA50 C9           	ret
3919+ AA51
3920+ AA51              ; Ceka na konec BSY. #FF znamena, ze zarizeni/port neodpovida.
3921+ AA51              TST_BSY
3922+ AA51 E5           	push	hl
3923+ AA52 21 00 00     	ld	hl,0
3924+ AA55              .ata_bsy_loop
3925+ AA55 2B           	dec	hl
3926+ AA56 7D           	ld	a,l
3927+ AA57 B4           	or	h
3928+ AA58 28 0C        	jr	z,.ata_timeout
3929+ AA5A DB BF        	in	a,(P_COM)
3930+ AA5C FE FF        	cp	#FF
3931+ AA5E 28 F5        	jr	z,.ata_bsy_loop
3932+ AA60 CB 7F        	bit	7,a
3933+ AA62 20 F1        	jr	nz,.ata_bsy_loop
3934+ AA64 E1           	pop	hl
3935+ AA65 C9           	ret
3936+ AA66              .ata_timeout
3937+ AA66 3E FF        	ld	a,#FF
3938+ AA68 B7           	or	a
3939+ AA69 E1           	pop	hl
3940+ AA6A C9           	ret
3941+ AA6B
3942+ AA6B              ; Test BSY, DRDY, DRQ a ERR po ATA prikazu.
3943+ AA6B              TST_DR
3944+ AA6B CD 51 AA     	call	TST_BSY
3945+ AA6E C0           	ret	nz
3946+ AA6F CB 77        	bit	6,a
3947+ AA71 28 0A        	jr	z,.ata_not_ready
3948+ AA73 CB 5F        	bit	3,a
3949+ AA75 28 0A        	jr	z,.ata_no_drq
3950+ AA77 CB 47        	bit	0,a
3951+ AA79 20 D0        	jr	nz,ATA_GUI_STATUS_ERROR
3952+ AA7B AF           	xor	a
3953+ AA7C C9           	ret
3954+ AA7D              .ata_not_ready
3955+ AA7D 3E 06        	ld	a,6
3956+ AA7F B7           	or	a
3957+ AA80 C9           	ret
3958+ AA81              .ata_no_drq
3959+ AA81 3E 03        	ld	a,3
3960+ AA83 B7           	or	a
3961+ AA84 C9           	ret
3962+ AA85
3963+ AA85              ; DMA prenos 512 bajtu z ATA datoveho portu do adresy v IX.
3964+ AA85              RD_512
3965+ AA85 DD 22 A0 AA  	ld	(DMADR1),ix
3966+ AA89 21 96 AA     	ld	hl,RD1S
3967+ AA8C 01 0B 0F     	ld	bc,((RD1END-RD1S)*256)+DMA
3968+ AA8F ED B3        	otir
3969+ AA91 06 87        	ld	b,#87			;WR6 enable DMA
3970+ AA93 ED 41        	out	(c),b
3971+ AA95 C9           	ret
3972+ AA96
3973+ AA96              RD1S
3974+ AA96 C3           	db	#C3			;WR6 reset
3975+ AA97 7D           	db	%01111101		;WR0 A->B, transfer
3976+ AA98 C3 00        	dw	P_DAT			;source port
3977+ AA9A FF 01        	dw	511			;block length - 1
3978+ AA9C 6C           	db	%01101100		;WR1 A fixed I/O, variable cycle
3979+ AA9D CD           	db	%11001101		;3T, no early cycle end
3980+ AA9E 10           	db	%00010000		;WR2 B memory, increment
3981+ AA9F AD           	db	%10101101		;WR4 continuous
3982+ AAA0 00 00        DMADR1	dw	0			;destination
3983+ AAA2 92           	db	%10010010		;WR5 ready low, stop on end
3984+ AAA3 CF           	db	#CF			;WR6 load
3985+ AAA4 B3           	db	#B3			;WR6 force ready
3986+ AAA5              RD1END
3987+ AAA5
3988+ AAA5              ;------------------------------
3989+ AAA5 ~            /* also not needed for SD cards
3990+ AAA5 ~            ;IDENTIFY:ix-adresa, a-mas/slv
3991+ AAA5 ~            IDENTIFY
3992+ AAA5 ~            	or	%11100000
3993+ AAA5 ~            	ld	(ACCMODE0+1),a
3994+ AAA5 ~            	call	TST_BSY
3995+ AAA5 ~            	ret	nz
3996+ AAA5 ~
3997+ AAA5 ~            ACCMODE0
3998+ AAA5 ~            	ld	a,0
3999+ AAA5 ~            	out	(P_HEA),a
4000+ AAA5 ~            	ld	a,#EC
4001+ AAA5 ~            	out	(P_COM),a
4002+ AAA5 ~            	call	TST_DR
4003+ AAA5 ~            	ret	nz
4004+ AAA5 ~
4005+ AAA5 ~            	call	RD_512
4006+ AAA5 ~
4007+ AAA5 ~            	call	TST_BSY
4008+ AAA5 ~            ;
4009+ AAA5 ~            	ret
4010+ AAA5 ~            */
4011+ AAA5
4012+ AAA5              ; Fyzicke cteni LBA sektoru se nyni vola primo pres SD_READ.
4013+ AAA5              ; Vstup SD_READ: HL = horni 16 bitu LBA, DE = dolni 16 bitu LBA, IX = buffer.
4014+ AAA5
4015+ AAA5 ~            /* old IDE (CF card) part, replaced by SD card routines
4016+ AAA5 ~            	or	%11100000
4017+ AAA5 ~            ;natvrdo LBA  bit6 urcuje, ze se pouzije LBA pristup
4018+ AAA5 ~            	ld	(HEA_REG+1),a
4019+ AAA5 ~            	call	TST_BSY
4020+ AAA5 ~            	ret	nz
4021+ AAA5 ~
4022+ AAA5 ~            HEA_REG	ld	a,%11100000
4023+ AAA5 ~            	or	b
4024+ AAA5 ~            ; prictou se nejvyssi ctyri bity LBA
4025+ AAA5 ~            	out	(P_HEA),a
4026+ AAA5 ~            ;cislo hlavicky
4027+ AAA5 ~
4028+ AAA5 ~            	ld	a,1
4029+ AAA5 ~            	out	(P_HSE),a
4030+ AAA5 ~            ;pocet sektoru 1*512B
4031+ AAA5 ~
4032+ AAA5 ~            	ld	a,c
4033+ AAA5 ~            	out	(P_NSE),a
4034+ AAA5 ~            ;cislo sektoru od 1
4035+ AAA5 ~
4036+ AAA5 ~            	ld	a,e
4037+ AAA5 ~            	out	(P_CYL),a
4038+ AAA5 ~            	ld	a,d
4039+ AAA5 ~            	out	(P_CYH),a
4040+ AAA5 ~            ;cislo cylindru
4041+ AAA5 ~
4042+ AAA5 ~            	ld	a,#21
4043+ AAA5 ~            	out	(P_COM),a
4044+ AAA5 ~
4045+ AAA5 ~
4046+ AAA5 ~            	call	TST_DR
4047+ AAA5 ~            	ret	nz
4048+ AAA5 ~
4049+ AAA5 ~            	call	RD_512
4050+ AAA5 ~            	call	TST_BSY
4051+ AAA5 ~            ;	ret	nz
4052+ AAA5 ~
4053+ AAA5 ~            	ret
4054+ AAA5 ~
4055+ AAA5 ~
4056+ AAA5 ~            TST_BSY
4057+ AAA5 ~            	push	hl
4058+ AAA5 ~            	ld	hl,0
4059+ AAA5 ~            TST1
4060+ AAA5 ~            	dec	hl
4061+ AAA5 ~            	ld	a,l
4062+ AAA5 ~            	or	h
4063+ AAA5 ~            	jr	z,TOUT1
4064+ AAA5 ~            P84	in	a,(P_COM)
4065+ AAA5 ~            	cp	255
4066+ AAA5 ~            	jr	z,TST1
4067+ AAA5 ~            	bit	7,a
4068+ AAA5 ~            	jr	nz,TST1
4069+ AAA5 ~            	pop	hl
4070+ AAA5 ~            	ret
4071+ AAA5 ~            TOUT1
4072+ AAA5 ~            	ld	a,255
4073+ AAA5 ~            	or	a
4074+ AAA5 ~            	pop	hl
4075+ AAA5 ~            	ret
4076+ AAA5 ~            ;------------------------------
4077+ AAA5 ~            ;test BSY,DRDY,DRQ,ERR statusu
4078+ AAA5 ~            TST_DR
4079+ AAA5 ~            	call	TST_BSY
4080+ AAA5 ~            	ret	nz
4081+ AAA5 ~            	bit	6,a
4082+ AAA5 ~            	jr	z,ER6
4083+ AAA5 ~            	bit	3,a
4084+ AAA5 ~            	jr	z,ER3
4085+ AAA5 ~            	bit	0,a
4086+ AAA5 ~            	jr	nz,ER1
4087+ AAA5 ~            	ret
4088+ AAA5 ~            ER6	ld	a,7
4089+ AAA5 ~            	dec	a
4090+ AAA5 ~            	ret
4091+ AAA5 ~            ER3	ld	a,4
4092+ AAA5 ~            	dec	a
4093+ AAA5 ~            	ret
4094+ AAA5 ~            ER1	ld	a,1
4095+ AAA5 ~            	ret
4096+ AAA5 ~            ;------------------------------
4097+ AAA5 ~            RD_512
4098+ AAA5 ~            	ld	(DMADR1),ix
4099+ AAA5 ~            	push	hl
4100+ AAA5 ~            	ld	hl,RD1S
4101+ AAA5 ~            	ld	bc,RD1L*256+DMA
4102+ AAA5 ~            RDWR1	otir
4103+ AAA5 ~            	ld	b,#87			;WR6 enable dma
4104+ AAA5 ~            	out	(c),b
4105+ AAA5 ~            	pop	hl
4106+ AAA5 ~            	ld	bc,512
4107+ AAA5 ~            	add	hl,bc
4108+ AAA5 ~            	ret
4109+ AAA5 ~
4110+ AAA5 ~
4111+ AAA5 ~            ;------------------------------
4112+ AAA5 ~            WR_512					;not use
4113+ AAA5 ~            	ld	(DMADR2),ix
4114+ AAA5 ~            	push	hl
4115+ AAA5 ~            	ld	hl,WR1S
4116+ AAA5 ~            	ld	bc,WR1L*256+DMA
4117+ AAA5 ~            	jr	RDWR1
4118+ AAA5 ~
4119+ AAA5 ~            ;---<DMA_IN>-------------------
4120+ AAA5 ~            RD1S
4121+ AAA5 ~            	defb	195			;WR6 #C3 reset
4122+ AAA5 ~            	defb	%01111101		;WR0 A->B, transfer
4123+ AAA5 ~            	defw	P_DAT			;source port
4124+ AAA5 ~            	defw	511			;lenght
4125+ AAA5 ~            	defb	%00101100		;WR1 A-port,A-fixed
4126+ AAA5 ~            	defb	%00010000		;WR2 B-memory, B-increment
4127+ AAA5 ~            	defb	%10101101		;WR4 continuous,
4128+ AAA5 ~            DMADR1	defw	0			;destination
4129+ AAA5 ~            	defb	%10010010		;WR5 ready low,CE/WAIT,stop on end of block
4130+ AAA5 ~            	defb	#CF			;WR6 load
4131+ AAA5 ~            	defb	#B3			;WR6 force ready
4132+ AAA5 ~            RD1L	equ	$-RD1S
4133+ AAA5 ~            ;---<DMA_OUT>------------------
4134+ AAA5 ~
4135+ AAA5 ~            WR1S	defb	195
4136+ AAA5 ~            	defb	%01111101
4137+ AAA5 ~            DMADR2	defw	0
4138+ AAA5 ~            	defw	511
4139+ AAA5 ~            	defb	%00010100
4140+ AAA5 ~            	defb	%00101000
4141+ AAA5 ~            	defb	%10101101
4142+ AAA5 ~            	defw	P_DAT
4143+ AAA5 ~            	defb	%10010010
4144+ AAA5 ~            	defb	#CF
4145+ AAA5 ~            	defb	#B3
4146+ AAA5 ~            WR1L	equ	$-WR1S
4147+ AAA5 ~            */
4148+ AAA5
4149+ AAA5              ;------------------------------
4150+ AAA5              ;prohazuje vyssi a nizsi byte
4151+ AAA5              ;zkurveny system
4152+ AAA5              PROHOD
4153+ AAA5              ;HL adresa
4154+ AAA5              ;B kolik bytu
4155+ AAA5              ;MENI: A
4156+ AAA5 E5           	push	hl
4157+ AAA6 C5           	push	bc
4158+ AAA7 CB 08        	rrc	b
4159+ AAA9              PROHOD1
4160+ AAA9 7E           	ld	a,(hl)
4161+ AAAA 23           	inc	hl
4162+ AAAB 4E           	ld	c,(hl)
4163+ AAAC 2B           	dec	hl
4164+ AAAD 71           	ld	(hl),c
4165+ AAAE 23           	inc	hl
4166+ AAAF 77           	ld	(hl),a
4167+ AAB0 23           	inc	hl
4168+ AAB1 10 F6        	djnz	PROHOD1
4169+ AAB3 C1           	pop	bc
4170+ AAB4 E1           	pop	hl
4171+ AAB5 C9           	ret
4172+ AAB6
4173+ AAB6              ;------------------------------
4174+ AAB6 00 00 00 00  D1LBA	defw	0,0,0
4174+ AABA 00 00
4175+ AABC 00 00 00 00  D2LBA	defw	0,0,0
4175+ AAC0 00 00
4176+ AAC2              LEN	equ	$-32768
4177+ AAC2
4178+ AAC2 00 00 00 00  FirstDataLBA	dw	0,0		;absolutni LBA zacatku datove oblasti
4179+ AAC6
4180+ AAC6              ;pracovni data pro FAT32 root-chain hledani fyzicky prvniho MBD/MBH
4181+ AAC6 00 00 00 00  FAT32_FirstFATLBA	dw	0,0
4182+ AACA 00 00 00 00  FAT32_CurCluster	dw	0,0
4183+ AACE 00 00 00 00  FAT32_DirLBA		dw	0,0
4184+ AAD2 FF FF FF FF  FAT32_BestCluster	dw	#FFFF,#FFFF
4185+ AAD6 00           FAT32_SecPerClus	db	0
4186+ AAD7 00           FAT32_SectorsLeft	db	0
4187+ AAD8 00           FAT32_Found		db	0
4188+ AAD9 00 00 00...  FAT32_BestEntry		block	32
4189+ AAF9
4190+ AAF9              ; POZOR: fat_type MUSI zustat bezprostredne pred BUFFER.
4191+ AAF9              ; Stavajici kod testuje FAT typ take pres (ix-1), kdyz IX=BUFFER.
4192+ AAF9 55           fat_type	db	#55		;bit 0=Z=FAT16, bit 0=NZ=FAT32
4193+ AAFA              BUFFER	;equ	25000
4194+ AAFA 00 00 00...  	block	512
4195+ ACFA              BUFFER2	;equ	38000
4196+ ACFA 00 00 00...  	block	512
4197+ AEFA              zvukplay
4198+ AEFA 4F           	ld	c,a
4199+ AEFB 3A 4F 80     	ld	a,(@playnoise)
4200+ AEFE B7           	or	a
4201+ AEFF C8           	ret	z
4202+ AF00 79           	ld	a,c
4203+ AF01              ;	ld	a,1
4204+ AF01 32 64 EA     	ld	(zvukcmp+4),a
4205+ AF04 C5           	push	bc
4206+ AF05 CD 60 EA     	call	zvukcmp
4207+ AF08 C1           	pop	bc
4208+ AF09              zvukloop
4209+ AF09 C5           	push	bc
4210+ AF0A CD A9 EA     	call	zvukcmp+73
4211+ AF0D 01 C4 09     	ld	bc,2500
4212+ AF10              zvukpause
4213+ AF10 0B           	dec	bc
4214+ AF11 78           	ld	a,b
4215+ AF12 B1           	or	c
4216+ AF13 20 FB        	jr	nz,zvukpause
4217+ AF15 C1           	pop	bc
4218+ AF16 10 F1        	djnz	zvukloop
4219+ AF18 C9           	ret
4220+ AF19
4221+ AF19              ;------------------------------------------------------------------------------
4222+ AF19              ; Matematicke rutiny - fyzicka kopie pro GUI (MODULE GUI)
4223+ AF19              ;------------------------------------------------------------------------------
4224+ AF19              MUL32x8:
4225+ AF19              	MATH_MUL32x8
4225+ AF19 DD E5       >        push    ix
4225+ AF1B             >
4225+ AF1B 22 50 AF    >        ld      (.value),hl
4225+ AF1E ED 53 52 AF >        ld      (.value+2),de
4225+ AF22             >
4225+ AF22 47          >        ld      b,a
4225+ AF23 DD 2E 08    >        ld      ixl,8
4225+ AF26             >
4225+ AF26 11 00 00    >        ld      de,0
4225+ AF29 21 00 00    >        ld      hl,0
4225+ AF2C             >
4225+ AF2C             >.loop:
4225+ AF2C 29          >        add     hl,hl
4225+ AF2D CB 13       >        rl      e
4225+ AF2F CB 12       >        rl      d
4225+ AF31             >
4225+ AF31 CB 20       >        sla     b
4225+ AF33 30 14       >        jr      nc,.next
4225+ AF35             >
4225+ AF35 3A 50 AF    >        ld      a,(.value)
4225+ AF38 85          >        add     a,l
4225+ AF39 6F          >        ld      l,a
4225+ AF3A             >
4225+ AF3A 3A 51 AF    >        ld      a,(.value+1)
4225+ AF3D 8C          >        adc     a,h
4225+ AF3E 67          >        ld      h,a
4225+ AF3F             >
4225+ AF3F 3A 52 AF    >        ld      a,(.value+2)
4225+ AF42 8B          >        adc     a,e
4225+ AF43 5F          >        ld      e,a
4225+ AF44             >
4225+ AF44 3A 53 AF    >        ld      a,(.value+3)
4225+ AF47 8A          >        adc     a,d
4225+ AF48 57          >        ld      d,a
4225+ AF49             >
4225+ AF49             >.next:
4225+ AF49 DD 2D       >        dec     ixl
4225+ AF4B 20 DF       >        jr      nz,.loop
4225+ AF4D             >
4225+ AF4D DD E1       >        pop     ix
4225+ AF4F C9          >        ret
4225+ AF50             >
4225+ AF50             >.value:
4225+ AF50 00 00 00 00 >        ds      4
4226+ AF54
4227+ AF54              ADD32_16:
4228+ AF54              	MATH_ADD32_16
4228+ AF54 09          >        add     hl,bc
4228+ AF55 D0          >        ret     nc
4228+ AF56             >
4228+ AF56 13          >        inc     de
4228+ AF57 C9          >        ret
4229+ AF58
4230+ AF58              SUB32_8:
4231+ AF58              	MATH_SUB32_8
4231+ AF58 47          >        ld      b,a
4231+ AF59             >
4231+ AF59 7D          >        ld      a,l
4231+ AF5A 90          >        sub     b
4231+ AF5B 6F          >        ld      l,a
4231+ AF5C             >
4231+ AF5C 7C          >        ld      a,h
4231+ AF5D DE 00       >        sbc     a,0
4231+ AF5F 67          >        ld      h,a
4231+ AF60             >
4231+ AF60 7B          >        ld      a,e
4231+ AF61 DE 00       >        sbc     a,0
4231+ AF63 5F          >        ld      e,a
4231+ AF64             >
4231+ AF64 7A          >        ld      a,d
4231+ AF65 DE 00       >        sbc     a,0
4231+ AF67 57          >        ld      d,a
4231+ AF68             >
4231+ AF68 C9          >        ret
4232+ AF69
4233+ AF69              ADD32_32:
4234+ AF69              	MATH_ADD32_32
4234+ AF69 D9          >        exx
4234+ AF6A             >
4234+ AF6A D5          >        push    de
4234+ AF6B E5          >        push    hl
4234+ AF6C             >
4234+ AF6C D9          >        exx
4234+ AF6D             >
4234+ AF6D C1          >        pop     bc
4234+ AF6E 09          >        add     hl,bc
4234+ AF6F             >
4234+ AF6F C1          >        pop     bc
4234+ AF70             >
4234+ AF70 EB          >        ex      de,hl
4234+ AF71 ED 4A       >        adc     hl,bc
4234+ AF73 EB          >        ex      de,hl
4234+ AF74 C9          >        ret
4235+ AF75
4236+ AF75
4237+ AF75              	endmodule
4238+ AF75
# file closed: GUI.a80
2039  AF75
2040  AF75
2041  AF75 00 00 00...  	ALIGN	256
2042  B000 00 00 00...  VDT		ds	256,0			;VDT tabulka bude 256 bajtu (8 zaznamu po 32 bajtech)
2043  B100
2044  B100              endfile
2045  B100
2046  B100              patchLEN	equ 	$-START
2047  B100
2048  B100              		savesna "EasyCF.sna",START
2049  B100              ;		savebin "EasyCF.bin",START,patchLEN	;binarky se resi v ramci compile.bat od AI
2050  B100
# file closed: easyhdd.a80
