# file opened: easyhdd.a80
   1  0000              ;"osetreni stavu karty (neni MBR, partition je prazdny, oddil neni FAT, atd....implementace nove VDT tabulky, jeji format je ve zdroji GUI.a80- a eji vyplneni. Zbyva vybrat user defined partisnu, tj dodat kurzor, a taky doladit degault byte, jaka tabulka se ma sama vybrat ajko auto, aby uzivatel nemusel porad jezdit kurzorem"
   2  0000
   3  0000              ;doma pushujeme
   4  0000              ;piseme: podpora 4 partisen. FAT16/FAT32
   5  0000
   6  0000              ;LMN Patch (EasyHDD) build on Dron's HDDpatch 1.62
   7  0000              ;public version for GIT
   8  0000              ;20200830 - zmena rychlosti portu z 2T na 3T. Pro CPU vetsi nez 7MHz uz CF nestiha
   9  0000              ;version 2.07
  10  0000              ;change driver identification text "HddDrive" to "HddEH207"
  11  0000              ;change/speed up splash screen, removed anykey
  12  0000              ;version 2.06
  13  0000              ; update ATA command, some was obsolete
  14  0000              ;verze 2.05
  15  0000              ; vylepseni detekce prvniho datoveho souboru, nyni se prohledava root a vypocte datovy sektor podle prvniho nalezeneho souboru mbd nebo mbh
  16  0000              ; http://www.tavi.co.uk/phobos/fat.html
  17  0000              ; detekce zda-li se jedna o disk s MBR nebo bez
  18  0000              ; oprava vypisu kapacity velkych disku
  19  0000              ;verze 2.04
  20  0000              ;-uprava pro jenom master, zato muzou byt jednotky 3-255
  21  0000              ;verze 2.03
  22  0000              ;-porty HOOD
  23  0000              ;verze 2.02
  24  0000              ;- zruseni detekce slave
  25  0000              ;- vypis rychlosti DMA prenosu
  26  0000              ;- zmena rychlosti DMA na 3T memory a 2T port
  27  0000              ;verze 2.01
  28  0000              ;- deaktivace zapisu na port #0F kvuli kolizi s SounDrive
  29  0000              ;- update 8BC logo
  30  0000              ;verze 2.00
  31  0000              ;- only for MB03+ Ultimate
  32  0000              ;- deaktivace cteni portu #0F (FDC statusu)
  33  0000              ;verze 1.06
  34  0000              ;- oprava aplikace zmeny DMA portu, navesti se projevilo jen GUI a ne v rutinach prenosu patche
  35  0000              ;- kosmeticke upravy zdrojoveho kodu
  36  0000              ;- zmena barvy copyright na fialovou
  37  0000              ;verze 1.05
  38  0000              ;- nova DMA sekvence umoznujici pouziti i originalniho Z80-DMA chipu
  39  0000              ;- oprava chyby ve zvukovem efektu
  40  0000              ;- oprava detekce jednotky @127
  41  0000              ;- upravena DMAOUT sekvence pro pouziti s originalnim Z80DMA obvodem
  42  0000              ;verze 1.04
  43  0000              ;- do VDT pridano General setting
  44  0000              ;- pri autoconfiguraci se do VDT (CHS udaje) zapisuji zjistene udaje
  45  0000              ;- vypocet prvniho datoveho sectoru
  46  0000              ;- pridany zvukove efekty (diky pro Factor6)
  47  0000              ;verze 1.03
  48  0000              ;- pridano GUI
  49  0000              ;- zobrazovani CHS a kapacity disku
  50  0000              ;- graficka uprava
  51  0000              ;-vsechny loga prevedeny do formatu SpriteEditoru typ 2
  52  0000              ;verze 1.02
  53  0000              ;- odstranen nadbytecny kod ze zdrojaku
  54  0000              ;- opraveny chyby
  55  0000              ;- prvni funkcni verze
  56  0000              ;- pridana obsluha WriteProtect a master/slave
  57  0000              ;- kontrola DMA prog. sekvence, orig. Z80DMA ready (nutno vyzkouset)
  58  0000              ;verze 1.01
  59  0000              ;- zruseny vsechny rezimy krome LBA, podpora zatim pouze master disku a wp disable
  60  0000              ;- nova VDT tabulka
  61  0000              ;verze 1.00
  62  0000              ;- upraveno pro preklad SjASM
  63  0000              ;- zrusena modifikace portu, nyni jsou porty natvrdo, pro jine je treba nova kompilace
  64  0000
  65  0000
  66  0000              ;poznamky
  67  0000              ;-pri formatovani pres ff17, se disk formatuje presto ze je WP. Chyba se projevi az na konci. Delal to i hddpatch 162.
  68  0000
  69  0000              ;pouziva dma prenosy
  70  0000              ;kapacita diskimage - 2MB
  71  0000              ;diskimage format   - 128x8x2
  72  0000              ;slave/master, write protect
  73  0000              ;------------------------------
  74  0000
  75  0000              	DEVICE ZXSPECTRUM48
  76  0000
  77  0000              		include "math_macros.a80"
# file opened: math_macros.a80
   1+ 0000              ;==============================================================================
   2+ 0000              ; EasySD - matematicka makra
   3+ 0000              ; SjASMPlus 1.20.3
   4+ 0000              ;
   5+ 0000              ; Tento soubor pouze DEFINUJE makra. Sam o sobe negeneruje zadny kod.
   6+ 0000              ; Makra obsahuji pouze telo rutiny. Navesti rutiny se uvede pri instanci:
   7+ 0000              ;
   8+ 0000              ;   MUL32x8:
   9+ 0000              ;           MATH_MUL32x8
  10+ 0000              ;
  11+ 0000              ; Lokalni navesti zacinajici teckou jsou pro kazdou expanzi makra samostatna.
  12+ 0000              ;==============================================================================
  13+ 0000              ;seznam rutin:
  14+ 0000              ;1) MUL32x8	nasobeni DEHL x A ->DEHL
  15+ 0000              ;2) ADD32_16	přičtení 16 bitoveho cisla, DEHL=DEHL+BC
  16+ 0000              ;3) SUB32_8	odečtení 8 bitoveho cisla, DEHL=DEHL-A
  17+ 0000              ;4) ADD32_32	sečtení dvou 32 bitových čísel, DEHL=první číslo, DE'HL'=druhé číslo
  18+ 0000              ;*************************************************************************************
  19+ 0000                      MACRO MATH_MUL32x8
  20+ 0000 ~                    push    ix
  21+ 0000 ~
  22+ 0000 ~                    ld      (.value),hl
  23+ 0000 ~                    ld      (.value+2),de
  24+ 0000 ~
  25+ 0000 ~                    ld      b,a
  26+ 0000 ~                    ld      ixl,8
  27+ 0000 ~
  28+ 0000 ~                    ld      de,0
  29+ 0000 ~                    ld      hl,0
  30+ 0000 ~
  31+ 0000 ~            .loop:
  32+ 0000 ~                    add     hl,hl
  33+ 0000 ~                    rl      e
  34+ 0000 ~                    rl      d
  35+ 0000 ~
  36+ 0000 ~                    sla     b
  37+ 0000 ~                    jr      nc,.next
  38+ 0000 ~
  39+ 0000 ~                    ld      a,(.value)
  40+ 0000 ~                    add     a,l
  41+ 0000 ~                    ld      l,a
  42+ 0000 ~
  43+ 0000 ~                    ld      a,(.value+1)
  44+ 0000 ~                    adc     a,h
  45+ 0000 ~                    ld      h,a
  46+ 0000 ~
  47+ 0000 ~                    ld      a,(.value+2)
  48+ 0000 ~                    adc     a,e
  49+ 0000 ~                    ld      e,a
  50+ 0000 ~
  51+ 0000 ~                    ld      a,(.value+3)
  52+ 0000 ~                    adc     a,d
  53+ 0000 ~                    ld      d,a
  54+ 0000 ~
  55+ 0000 ~            .next:
  56+ 0000 ~                    dec     ixl
  57+ 0000 ~                    jr      nz,.loop
  58+ 0000 ~
  59+ 0000 ~                    pop     ix
  60+ 0000 ~                    ret
  61+ 0000 ~
  62+ 0000 ~            .value:
  63+ 0000 ~                    ds      4
  64+ 0000                      ENDM
  65+ 0000
  66+ 0000
  67+ 0000                      MACRO MATH_ADD32_16
  68+ 0000 ~                    add     hl,bc
  69+ 0000 ~                    ret     nc
  70+ 0000 ~
  71+ 0000 ~                    inc     de
  72+ 0000 ~                    ret
  73+ 0000                      ENDM
  74+ 0000
  75+ 0000
  76+ 0000                      MACRO MATH_SUB32_8
  77+ 0000 ~                    ld      b,a
  78+ 0000 ~
  79+ 0000 ~                    ld      a,l
  80+ 0000 ~                    sub     b
  81+ 0000 ~                    ld      l,a
  82+ 0000 ~
  83+ 0000 ~                    ld      a,h
  84+ 0000 ~                    sbc     a,0
  85+ 0000 ~                    ld      h,a
  86+ 0000 ~
  87+ 0000 ~                    ld      a,e
  88+ 0000 ~                    sbc     a,0
  89+ 0000 ~                    ld      e,a
  90+ 0000 ~
  91+ 0000 ~                    ld      a,d
  92+ 0000 ~                    sbc     a,0
  93+ 0000 ~                    ld      d,a
  94+ 0000 ~
  95+ 0000 ~                    ret
  96+ 0000                      ENDM
  97+ 0000
  98+ 0000
  99+ 0000                      MACRO MATH_ADD32_32
 100+ 0000 ~                    exx
 101+ 0000 ~
 102+ 0000 ~                    push    de
 103+ 0000 ~                    push    hl
 104+ 0000 ~
 105+ 0000 ~                    exx
 106+ 0000 ~
 107+ 0000 ~                    pop     bc
 108+ 0000 ~                    add     hl,bc
 109+ 0000 ~
 110+ 0000 ~                    pop     bc
 111+ 0000 ~
 112+ 0000 ~                    ex      de,hl
 113+ 0000 ~                    adc     hl,bc
 114+ 0000 ~                    ex      de,hl
 115+ 0000 ~                    ret
 116+ 0000                      ENDM
 117+ 0000
# file closed: math_macros.a80
  78  0000
  79  0000
  80  0000              		org	32768
  81  8000              START
  82  8000              	IFDEF ELEMENT
  83  8000 ~            		; Vyber externi MB03+ a prepni jej do MB02+/BSDOS rezimu
  84  8000 ~            		; jeste pred prvnim ATA/IDENTIFY pristupem.
  85  8000 ~            		call	EL_MB02_INIT
  86  8000              	ENDIF
  87  8000 CD F4 93     		call	GUI.gui
  88  8003 C3 0E 80     		jp	MAIN.INSTALL
  89  8006
  90  8006
  91  8006              	IFDEF ELEMENT
  92  8006 ~            ;------------------------------------------------------------
  93  8006 ~            ; eLeMeNt ZX + external MB03+: route ZXi accesses to the external
  94  8006 ~            ; MB03+ and switch that interface to MB02+/BSDOS mode.
  95  8006 ~            ;
  96  8006 ~            ; First verify that this really is an eLeMeNt family machine.
  97  8006 ~            ; e_zxi_0FF: upper nibble #E identifies the eLeMeNt family.
  98  8006 ~            ; Lower nibble may change on future eLeMeNt revisions.
  99  8006 ~            ;
 100  8006 ~            ; g_zxi_000 = #00  -> external device (MB03+)
 101  8006 ~            ; m_zxi_000 = #01  -> MB02+ / BSDOS mode
 102  8006 ~            ;
 103  8006 ~            ; m_zxi_002 = #03 -> Hood/EasyCF IDE mapping, verified on real MB03+ hardware.
 104  8006 ~            EL_MB02_INIT
 105  8006 ~            		push	af
 106  8006 ~            		push	bc
 107  8006 ~
 108  8006 ~            		ld	bc,#783B
 109  8006 ~            		ld	a,#FF
 110  8006 ~            		out	(c),a
 111  8006 ~            		ld	bc,#793B
 112  8006 ~            		in	a,(c)
 113  8006 ~            		and	#F0
 114  8006 ~            		cp	#E0
 115  8006 ~            		jr	nz,.done
 116  8006 ~
 117  8006 ~            		; Select external MB03+ in the general ZXi device selector.
 118  8006 ~            		ld	bc,#7C3B
 119  8006 ~            		xor	a
 120  8006 ~            		out	(c),a
 121  8006 ~            		ld	bc,#7D3B
 122  8006 ~            		out	(c),a
 123  8006 ~
 124  8006 ~            		; Switch the external MB03+ to MB02+/BSDOS mode.
 125  8006 ~            		ld	bc,#703B
 126  8006 ~            		xor	a
 127  8006 ~            		out	(c),a
 128  8006 ~            		ld	bc,#713B
 129  8006 ~            		ld	a,#01
 130  8006 ~            		out	(c),a
 131  8006 ~
 132  8006 ~            		; Enable the Hood/EasyCF IDE mapping required by the ATA routines.
 133  8006 ~            		; Value #03 was verified on real MB03+ hardware with working BSDOS+CF.
 134  8006 ~            		ld	bc,#703B
 135  8006 ~            		ld	a,#02
 136  8006 ~            		out	(c),a
 137  8006 ~            		ld	bc,#713B
 138  8006 ~            		ld	a,#03
 139  8006 ~            		out	(c),a
 140  8006 ~
 141  8006 ~            .done		pop	bc
 142  8006 ~            		pop	af
 143  8006 ~            		ret
 144  8006 ~
 145  8006              	ENDIF
 146  8006
 147  8006              ;virtual (floppy)disk table
 148  8006              ;General settings
 149  8006 00           @autoinstall	db	0		;auto install (/wait for any key)
 150  8007 01           @autoconfig	db	1		;1=auto configure (automatic search for first sector & set hdd parameters to VDT)
 151  8008              ;new parameter for EasyCF. If set to 0, selection will be done manually.
 152  8008 04           @partition	db	4		;if @autoconfig=1, use partition 1-4. If not usable, use the first available from start
 153  8009 00           @showsplash	db	0		;show splash screen
 154  800A 00           @playnoise	db	0		;playnoise
 155  800B 01           		db	1		;show gui
 156  800C 00           @noverify 	db	0		;disable write verify
 157  800D 01           @dmar3		db	1		;install dma patch (oprava hodnoty dma registru R3)
 158  800E
 159  800E ~            /* presouvame na konec RAMky
 160  800E ~            ;master disk
 161  800E ~            VDT		db	32,16		;Sectors/Heads
 162  800E ~            		dw	980		;Cylinders
 163  800E ~            		db	0		;Write protect
 164  800E ~            		dw	128		;first LBA sector of first file on disk
 165  800E ~
 166  800E ~            ;slave disk
 167  800E ~            		db	32,16		;Sectors/Heads
 168  800E ~            		dw	980		;Cylinders
 169  800E ~            		db	0		; Write protect
 170  800E ~            		dw	128		; first LBA sector of first file on disk
 171  800E ~
 172  800E ~            VDTLEN		equ 	$-VDT
 173  800E ~            */
 174  800E              VDTLEN		equ	256
 175  800E              ;		org	align		; "align" neni definovane navesti - puvodni radek docasne vypnut
 176  800E
 177  800E              HDD_MAIN_START		equ	#0090		;zacatek hlavniho EasyCF driveru v HDD bance
 178  800E              PIT_START		equ	#0383		;odtud zacina oblast prepisovana PIT patchem
 179  800E              CF_ROUTINES_START	equ	#F00		;ATA rutiny mimo oblast prepisovanou PIT patchem
 180  800E
 181  800E              ;porty HOOD
 182  800E              P_DAT		equ	195		;8'b110xx011
 183  800E              P_ERR		equ	167		;8'b101xx111
 184  800E              P_HSE		equ	203		;8'b110xx011
 185  800E              P_NSE		equ	175		;8'b101xx111
 186  800E              P_CYL		equ	211		;8'b110xx011
 187  800E              P_CYH		equ	183		;8'b101xx111
 188  800E              P_HEA		equ	219		;8'b110xx011
 189  800E              P_COM		equ	191		;8'b101xx111
 190  800E
 191  800E              ;porty hdd interface DRON
 192  800E              ;P_DAT		equ	195
 193  800E              ;P_ERR		equ	199
 194  800E              ;P_HSE		equ	203
 195  800E              ;P_NSE		equ	207
 196  800E              ;P_CYL		equ	211
 197  800E              ;P_CYH		equ	215
 198  800E              ;P_HEA		equ	219
 199  800E              ;P_COM		equ	223
 200  800E
 201  800E              ;porty hdd interface PVL
 202  800E              ;P_DAT		equ	163
 203  800E              ;P_ERR		equ	167
 204  800E              ;P_HSE		equ	171
 205  800E              ;P_NSE		equ	175
 206  800E              ;P_CYL		equ	179
 207  800E              ;P_CYH		equ	183
 208  800E              ;P_HEA		equ	187
 209  800E              ;P_COM		equ	191
 210  800E
 211  800E              ;MB02 porty
 212  800E              DMA		equ	11
 213  800E
 214  800E              ;;;;;;;;;;;;;;;;;;;;;
 215  800E              ; Instalace driveru ;
 216  800E              ;;;;;;;;;;;;;;;;;;;;;
 217  800E              	module	MAIN
 218  800E
 219  800E              ; VDT kopie pro bezici BSDOS bude fyzicky za ATA rutinami, zarovnana na xx00.
 220  800E              TAB		equ	CFroutines.BSDOS_VDT
 221  800E              TAB_DRV		equ	CFroutines.BSDOS_VDT
 222  800E
 223  800E F3           INSTALL		di
 224  800F              	IFDEF ELEMENT
 225  800F ~            		call	EL_MB02_INIT
 226  800F              	ENDIF
 227  800F
 228  800F              ;;presun fontu do HDD banky
 229  800F 21 00 3D     		ld	hl,15616
 230  8012 11 00 AF     		ld	de,endfile
 231  8015 01 00 03     		ld	bc,768
 232  8018 ED B0        		ldir
 233  801A
 234  801A              ; VDT se sem uz NEkopiruje.
 235  801A              ; Cilem je adresa v HDD/patch bance, ktera bude pripojena az pozdeji.
 236  801A CD 9C 3C     	call #3c9c
 237  801D 21 05 81     	ld hl,zamek	;ver 1.18
 238  8020 11 E8 3C     	ld de,#3cE8
 239  8023 01 08 00     	ld bc,8
 240  8026 E5           	push hl
 241  8027 D5           	push de
 242  8028 C5           	push bc
 243  8029 ED B0        	ldir		;end ver 1.18
 244  802B
 245  802B 3E 61        	ld a,97
 246  802D D3 17        	out (23),a
 247  802F
 248  802F C1           	pop bc		;ver 1.18
 249  8030 D1           	pop de
 250  8031 E1           	pop hl
 251  8032 ED B0        	ldir
 252  8034 3E 1D        	ld a,#1d	;rozsir bsdos o jeden znak, a to zamek
 253  8036 32 A1 21     	ld (#21a1),a	;end 1.18
 254  8039
 255  8039
 256  8039              ; ███████████████ MB03+ only ███████████████████████████████████████
 257  8039              		; by BusySoft
 258  8039              		; disable cteni portu #0F pro vyblokovani detekce WP z FDC
 259  8039              		; nahrada instrukce in a,(#0F) za ld a,0
 260  8039 21 0E 02     		ld	hl,#020E 	;adresa v bsdosram
 261  803C 36 3E        		ld	(hl),62		;ld a,
 262  803E 23           		inc	hl
 263  803F 36 00        		ld	(hl),0		;0
 264  8041              		; disable sending data to fdc port #0F
 265  8041              		; prepsani instrukce out(#0F),a dvema nopy
 266  8041 21 00 00     		ld	hl,0
 267  8044 22 9F 01     		ld	(#019F),hl
 268  8047 22 33 02     		ld	(#0233),hl
 269  804A              ; ███████████████ end - MB03+ only ███████████████████████████████████████
 270  804A
 271  804A 21 22 82     		ld	hl,ADR20
 272  804D 11 14 00     		ld	de,20
 273  8050 01 0C 00     		ld	bc,12
 274  8053 ED B0        		ldir
 275  8055
 276  8055 21 2E 82     		ld	hl,ADR35
 277  8058 11 23 00     		ld	de,35
 278  805B 0E 05        		ld	c,5
 279  805D ED B0        		ldir
 280  805F
 281  805F 21 33 82              ld   hl,ADR43		;ver 1.07, Hood
 282  8062 11 2B 00              ld   de,#2B
 283  8065 0E 03                 ld   c,3
 284  8067 ED B0                 ldir			;end 1.07
 285  8069
 286  8069              ;		ld	hl,ADR43
 287  8069              ;		ld	de,43
 288  8069              ;		ld	c,5
 289  8069              ;		ldir
 290  8069
 291  8069 21 17 82     		ld	hl,ADR62
 292  806C 11 3E 00     		ld	de,62
 293  806F 0E 0B        		ld	c,11
 294  8071 ED B0        		ldir
 295  8073
 296  8073 21 E8 80     	ld hl,qform	;ver. 1.13
 297  8076 11 3A 12     	ld de,#123A
 298  8079 01 07 00     	ld bc,#7
 299  807C ED B0        	ldir		;end 1.13
 300  807E
 301  807E
 302  807E 21 EA 1C     	ld hl,#1CEA	;ver. 1.12, nejdrive vycistime vsech 38 bajtu
 303  8081 11 EB 1C     	ld de,#1CEB
 304  8084 01 39 00     	ld bc,#39
 305  8087 2A 00 00     	ld hl,(0)
 306  808A ED B0        	ldir
 307  808C
 308  808C 21 B7 80     	ld hl,new_r	;preneseme novou rutinu
 309  808F 11 EA 1C     	ld de,#1CEA
 310  8092 01 31 00     	ld bc,newlen
 311  8095 ED B0        	ldir
 312  8097 ED 53 26 81  	ld (fspldir1+1),de
 313  809B ED 53 66 82  	ld (FREE_JP+1),de
 314  809F
 315  809F 21 02 81     	ld hl,rp2	;preneseme patch dosu na zobrazovani statusu WP primo v katalogu disku, melo by fungovat i na diskety
 316  80A2 11 C3 17     	ld de,#17c3
 317  80A5 01 03 00     	ld bc,3
 318  80A8 ED B0        	ldir
 319  80AA 21 EF 80     	ld hl,reset_patch
 320  80AD 11 58 03     	ld de,#358
 321  80B0 01 13 00     	ld bc,19
 322  80B3 ED B0        	ldir
 323  80B5
 324  80B5 18 63        	jr fspldir
 325  80B7              new_r
 326  80B7              	disp #1cea
 327  1CEA 1E 01        nr	ld e,#01
 328  1CEC CD 2D 1D     	call #1d2d	;bootrd
 329  1CEF B7           	or a
 330  1CF0 C8           	ret z
 331  1CF1 1E 00        	ld e,#00
 332  1CF3 CD 2D 1D     	call #1d2d	;bootrd
 333  1CF6 B7           	or a
 334  1CF7 C8           	ret z
 335  1CF8 CD FA 1E     cant	call #1EFA	;error
 336  1CFB 43 61 6E 27  	db	"Can",39,"t "			;39 = ´
 336  1CFF 74 20
 337  1D01 72 65 61 64  	db	"read the ",2,0
 337  1D05 20 74 68 65
 337  1D09 20 02 00
 338  1D0C
 339  1D0C              adr144_cont		;ver 1.16- zde je zbytek rutiny AAA, v miste dosu #90-#FF uz nebylo misto
 340  1D0C DA BA 00     	jp c,RDWRSEC
 341  1D0F FE 12        	cp 18
 342  1D11 CA BA 00     	jp z,RDWRSEC
 343  1D14 FE 08        	cp 8		;ver. 1.11- pri volani cteni a zapisu stopy se vrat s chybou
 344  1D16 3E 80        	ld a,#80
 345  1D18 D8           	ret c
 346  1D19              ;LOOP12   cp   7
 347  1D19              ;         jr   z,RDWRSEC
 348  1D19              ;         xor  a
 349  1D19 AF           LOOP12	xor a
 350  1D1A C9           LO11      ret		;end 1.11
 351  1D1B
 352  1D1B              newrend
 353  1D1B              newlen equ newrend-nr		;end 1.12
 354  1D1B              	ent
 355  80E8
 356  80E8 00           qform	nop		;ver 1.13
 357  80E9 03           form3	inc bc
 358  80EA CB 58        	bit 3,b
 359  80EC 00           	nop
 360  80ED 28 ED        	db #28,#ed ;jr z,form2	;end 1.13
 361  80EF
 362  80EF              reset_patch		;ver 1.18
 363  80EF F5           	push af
 364  80F0 AF           	xor a
 365  80F1 DF           	rst #18
 366  80F2 F5           	push af
 367  80F3 CB 77        	bit 6,a
 368  80F5 3E 1F        	ld a,#1F
 369  80F7 28 02        	jr z,rp1
 370  80F9 3E 1D        	ld a,#1D
 371  80FB 32 C1 0D     rp1	ld (#dc1),a
 372  80FE F1           	pop af
 373  80FF C3 C6 17     	jp #17C6
 374  8102
 375  8102 C3 58 03     rp2	jp #358	;patch umistime hned za rutiny nmi menu do volneho mista
 376  8105
 377  8105              ;definice znaku zamek
 378  8105 00 3C 24 7E  zamek	defb 0,60,36,126,110,102,126,0		;end 1.18
 378  8109 6E 66 7E 00
 379  810D              new_cat_text
 380  810D 43 46 3A 50          defb    "CF:P0 BSD 308"
 380  8111 30 20 42 53
 380  8115 44 20 33 30
 380  8119 38
 381  811A
 382  811A
 383  811A
 384  811A
 385  811A 21 65 82     fspldir	LD HL,FREE_JP	;ver. 1.09, ldir patche na opravu volného místa v BSDOSu 308, tento usek ponechavame i ve verzi 1.10
 386  811D 11 7A 1B     	 ld DE,FREE2
 387  8120 01 03 00     	 ld BC,3
 388  8123 ED B0                 LDIR
 389  8125              ;         LD HL,FRE2
 390  8125 11 55 00     fspldir1 ld de,#55
 391  8128              ;	 ld DE,FREEDOS	;ver. 1.12
 392  8128 01 11 00              LD BC,FREE_SPLEN
 393  812B ED B0                 LDIR		;end 1.09
 394  812D
 395  812D
 396  812D              ;set no_verify patch
 397  812D 3A 0C 80     		ld	a,(@noverify)
 398  8130 B7           		or	a
 399  8131 28 18        		jr	z,verifyyes
 400  8133
 401  8133 3A CA 13     		ld	a,(#13CA)
 402  8136 FE CD        		cp	205
 403  8138 20 11        		jr	nz,verifyyes	;alespon nejaka kontrola, jesli se upravuje spravne misto
 404  813A
 405  813A              ;uprava dle BUSYho
 406  813A 3E 21        		ld	a,#21
 407  813C 32 CA 13     		ld	(#13CA),a	;patch ROM obsluhy #04C6
 408  813F 3A 47 14     		ld	a,(#1447)
 409  8142 FE CD        		cp	205
 410  8144 20 05        		jr	nz,verifyyes	;alespon nejaka kontrola, jesli se upravuje spravne misto
 411  8146 3E C3        		ld	a,#C3
 412  8148 32 47 14     		ld	(#1447),a	;patch sluzby #25 SAVEX
 413  814B
 414  814B              ;noverify podle drona ; proc se skace na adresu 62?
 415  814B              ;(lebo je tam test, ktory pre drajvy @1-@4 povoli verify a pre drajvy @5 a vyssie ho zakaze)
 416  814B              ;		ld	a,205
 417  814B              ;		ld	(#13CA),a
 418  814B              ;		ld	hl,62
 419  814B              ;		ld	(#13CA+1),hl
 420  814B
 421  814B              verifyyes
 422  814B              ;dmapatch; uprava cele DMA sekvence pro pouziti i originalniho Z80-DMA chipu
 423  814B 3A 0D 80     		ld	a,(@dmar3)
 424  814E B7           		or	a
 425  814F 28 2E        		jr	z,dmano
 426  8151
 427  8151 3A BA 01     		ld	a,(#1BA)
 428  8154 FE C3        		cp	#C3
 429  8156 20 27        		jr	nz,dmano 	;alespon nejaka kontrola, jesli se upravuje spravne misto
 430  8158 3A BB 01     		ld	a,(#1BB)
 431  815B FE C7        		cp	#C7
 432  815D 20 20        		jr	nz,dmano 	;alespon nejaka kontrola, jesli se upravuje spravne misto
 433  815F
 434  815F              ;prepsani sekvence
 435  815F 21 06 82     		ld	hl,ADR442
 436  8162 11 BA 01     		ld	de,#1BA		;442
 437  8165 01 11 00     		ld	bc,17
 438  8168 ED B0        		ldir
 439  816A
 440  816A              ;prepsani odkazu do nove sekvence
 441  816A              ;		ld	a,#1c8
 442  816A 3E C8        		ld	a,#C8
 443  816C 32 48 01     		ld	(#148),a
 444  816F 32 66 01     		ld	(#166),a
 445  8172              ;		ld	a,#1bc
 446  8172 3E BC        		ld	a,#BC
 447  8174 32 44 01     		ld	(#144),a
 448  8177 32 62 01     		ld	(#162),a
 449  817A              ;		ld	a,#1BE
 450  817A 3E BE        		ld	a,#BE
 451  817C 32 B7 01     		ld	(#1B7),a
 452  817F              dmano
 453  817F 21 79 82     		ld	hl,SEM
 454  8182 11 90 00     		ld	de,HDD_MAIN_START
 455  8185 01 70 00     		ld	bc,112
 456  8188 ED B0        		ldir
 457  818A
 458  818A              ;pridavame do katalogu disku text CF a cislo partisny P1-P4
 459  818A              ; BS-DOS 308 ** BUSY SOFT'96
 460  818A              ; BS-DOS 308b * BUSY SOFT'19
 461  818A              ; CF:P4 BSD 308 BUSY SOFT'96
 462  818A              ; CF:P4 BSD 308bBUSY SOFT'19
 463  818A
 464  818A 3A CE 0D             ld      a,(#DCE)               ; mezera nebo 'b'
 465  818D 32 D1 0D             ld      (#DD1),a               ; za nove "308"
 466  8190
 467  8190 21 0D 81             ld      hl,new_cat_text
 468  8193 11 C4 0D             ld      de,#DC4
 469  8196 01 0D 00             ld      bc,13
 470  8199 ED B0                ldir
 471  819B
 472  819B 3A 08 80             ld      a,(@partition)
 473  819E C6 30                add     a,'0'
 474  81A0 32 C8 0D             ld      (#DC8),a               ; P1-P4
 475  81A3
 476  81A3 3E 62        		ld	a,98
 477  81A5 D3 17        		out	(23),a
 478  81A7
 479  81A7 21 36 82     		ld	hl,ADR16
 480  81AA 11 00 00     		ld	de,0
 481  81AD 01 2F 00     		ld	bc,33+8+6	;ver 1.07, end 1.07
 482  81B0              ;bez inir
 483  81B0 ED B0        		ldir
 484  81B2
 485  81B2 21 FB C9     		ld	hl,201*256+251
 486  81B5 22 38 00     		ld	(56),hl
 487  81B8
 488  81B8 21 E9 82     		ld	hl,SEM1
 489  81BB 11 90 00     		ld	de,144
 490  81BE              ;		ld	bc,LEN
 491  81BE 01 49 02     		ld	bc,LEN_MAIN
 492  81C1 ED B0        		ldir
 493  81C3
 494  81C3 11 00 0F     		ld	de,CF_ROUTINES_START
 495  81C6 01 A0 00     		ld	bc,LEN_CF
 496  81C9 ED B0        		ldir
 497  81CB
 498  81CB              ; Ted je stale pripojena HDD/patch banka (98).
 499  81CB              ; Preneseme pracovni VDT na zarovnanou adresu za ATA rutinami.
 500  81CB 21 00 AE     		ld	hl,VDT
 501  81CE 11 00 10     		ld	de,CFroutines.BSDOS_VDT
 502  81D1 D5           		push	de
 503  81D2 01 00 01     		ld	bc,VDTLEN
 504  81D5 ED B0        		ldir
 505  81D7
 506  81D7
 507  81D7 3A 08 80     		ld	a,(@partition)		;umistime vybrany 1. sektor do rutiny TST_DRV
 508  81DA 3D           		dec	a			;zatim jen podle zaznamu v autoconfigu, ale chce to inteligentnejsi vyber
 509  81DB
 510  81DB 6F           		ld	l,a
 511  81DC 26 00        		ld	h,0
 512  81DE
 513  81DE 29               		add     hl,hl            ; *2
 514  81DF 29                   	add     hl,hl            ; *4
 515  81E0 29           	        add     hl,hl            ; *8
 516  81E1 29                   	add     hl,hl            ; *16
 517  81E2 29           	        add     hl,hl            ; *32
 518  81E3
 519  81E3 D1           		pop	de
 520  81E4 19                   	add     hl,de            ; HL = adresa vybraneho 32B zaznamu
 521  81E5 23           		inc	hl		;jsme na LBA sektoru
 522  81E6
 523  81E6 4E                   ld      c,(hl)          ; LBA byte 0
 524  81E7 23                   inc     hl
 525  81E8 46                   ld      b,(hl)          ; LBA byte 1
 526  81E9 23                   inc     hl
 527  81EA
 528  81EA ED 43 6B 02          ld      (current_1st_sector+1),bc
 529  81EE
 530  81EE 4E                   ld      c,(hl)          ; LBA byte 2
 531  81EF 23                   inc     hl
 532  81F0 46                   ld      b,(hl)          ; LBA byte 3
 533  81F1
 534  81F1 ED 43 6E 02          ld      (current_1st_sector+4),bc	;ulozili jsme vybrane LBA primo do rutiny TST_DRV
 535  81F5
 536  81F5
 537  81F5              ;mezera na PIT103
 538  81F5
 539  81F5              ;presun fontu do HDD banky
 540  81F5 21 00 AF     		ld	hl,endfile
 541  81F8 11 00 3D     		ld	de,15616
 542  81FB 01 00 03     		ld	bc,768
 543  81FE ED B0        		ldir
 544  8200
 545  8200              ;------------------------------------------------------------
 546  8200              ; Vystup z EasyCF
 547  8200              ; ELEMENT: korektni start BSDOSu pres systemovou sluzbu #30.
 548  8200              ;          Pokud AUTOSYS neni nalezen / vrati se, provedeme
 549  8200              ;          velky 128K reset pres BSROM (BusySoft).
 550  8200              ; MB03+:   puvodni zpusob ukonceni zustava beze zmeny.
 551  8200              ;
 552  8200              ; Pri buildu pro eLeMeNt definuj symbol ELEMENT.
 553  8200              	IFDEF ELEMENT
 554  8200 ~            		ld	a,97		; BSDOS banka 1, zapis povolen
 555  8200 ~            		out	(23),a
 556  8200 ~            		ld	a,1		; aktualni BSDOS disk @1
 557  8200 ~            		ld	(#03EE),a
 558  8200 ~            		ld	a,#30		; BSDOS service #30 START
 559  8200 ~            		rst	#20		; pokud se AUTOSYS nenajde, sluzba se vrati
 560  8200 ~            		call	GUI.AUTOSYS_NOT_FOUND
 561  8200 ~            		call	#3C98		; prepne na BSROM + zakaz zapisu
 562  8200 ~            		xor	a
 563  8200 ~            		jp	#3978		; velky 128K reset (BSROM 1.18/1.40)
 564  8200              	ELSE
 565  8200 3E 40        		ld	a,%01000000
 566  8202 D3 17        		out	(23),a
 567  8204 FB           		ei
 568  8205 C9           		ret
 569  8206              	ENDIF
 570  8206
 571  8206              ;------------------------------
 572  8206              ;------------------------------
 573  8206              ADR442
 574  8206 C3           		db	$c3		;stop DMA
 575  8207 79           		db	$79		;r0 must be temporary B->A for Zilog DMA
 576  8208 55 55        		dw	$5555		;rd:kam
 577  820A FF FF        		dw	$ffff		;dlzka
 578  820C 14           		db	$14		;r1
 579  820D 28           		db	$28		;r2
 580  820E 80           		db	$80		;r3
 581  820F 8D           		db	$8d		;r4
 582  8210 6F 00        		dw	$006f		;rd:odkud (fdd)
 583  8212 92           		db	$92		;r5 Zmena:Enable wait state
 584  8213 CF           		db	$cf		;zapis udajov do kanalu B
 585  8214 01           		db	$01		;r0 rd:B->A wr:A->B
 586  8215 CF 87        		db	$cf,$87		;zapis udajov,start
 587  8217
 588  8217              ;------------------------------
 589  8217              ;------------------------------
 590  8217              ;adresa 62 v dos_bnk
 591  8217              ADR62
 592  8217 4F           		ld	c,a		;test, jestli je treba verify
 593  8218 3A EF 03     		ld	a,(#03EF)	;to pujde do dosu urcite
 594  821B FE 05        		cp	5
 595  821D 79           		ld	a,c
 596  821E D0           		ret	nc
 597  821F C3 63 14     		jp	#1463
 598  8222
 599  8222              ;------------------------------
 600  8222              ;------------------------------
 601  8222
 602  8222              ;adresa 20 v dos_bnk
 603  8222              ;hdd_bnk musi byt dos_bnk+1
 604  8222
 605  8222              ADR20
 606  8222 70           		ld	(hl),b		;zapis bajtu do dos_bnk
 607  8223 3C           		inc	a		;to by se melo taky hodit jinam
 608  8224 D3 17        		out	(23),a
 609  8226 C3 90 00     		jp	144
 610  8229
 611  8229              ;adresa 27
 612  8229 3E 62        		ld	a,98		;prestrankovani do patch_bnk
 613  822B D3 17        		out	(23),a
 614  822D C9           		ret
 615  822E
 616  822E              ;------------------------------
 617  822E              ;------------------------------
 618  822E
 619  822E              ;adresa 35 v dos_bnk
 620  822E
 621  822E              ADR35
 622  822E ED 41        		out	(c),b		;start dma prenosu a prestrankovani z5
 623  8230 3C           		inc	a
 624  8231 D3 17        		out	(23),a
 625  8233
 626  8233              ADR43			;ver.1.07, vycteni bajtu z DOSu z adresy HL do B, Hood
 627  8233 46           	ld b,(hl)
 628  8234 18 F7        	db 24, 247	;jr #25, bajt mas v B, skoc zpet do hdd banky na ADR35, instrukci inc a, end 1.07
 629  8236
 630  8236              ;------------------------------
 631  8236              ;------------------------------
 632  8236
 633  8236              ;adresa 43 v dos_bnk
 634  8236
 635  8236              ;ADR43
 636  8236              ;		inir			;puvodni non-dma prenos
 637  8236              ;		inc	a
 638  8236              ;		out	(23),a
 639  8236
 640  8236              ;------------------------------
 641  8236              ;------------------------------
 642  8236
 643  8236              ;------------------------------
 644  8236              ;------------------------------
 645  8236
 646  8236              ;adresa 16 v hdd_bnk
 647  8236
 648  8236              ;INIR		equ	41
 649  8236              OTIR		equ	33
 650  8236
 651  8236              ADR16
 652  8236 F3           		di
 653  8237 AF           		xor	a
 654  8238 11 FF FF     		ld	de,65535
 655  823B C3 05 00     		jp	5
 656  823E 45 61 73 79  		db	"EasyCF10"
 656  8242 43 46 31 30
 657  8246              ;		db	"EasySD10"
 658  8246              ;		db	"HddEH207"
 659  8246
 660  8246 3E 61        		ld	a,97
 661  8248 D3 17        		out	(23),a
 662  824A 70           		ld	(hl),b
 663  824B 3C           		inc	a
 664  824C D3 17        		out	(23),a
 665  824E C9           		ret
 666  824F 00           		nop
 667  8250 00           		nop
 668  8251
 669  8251              ;adr27 - route to hdd_bnk
 670  8251 3E 61        		ld	a,97
 671  8253 D3 17        		out	(23),a
 672  8255 18 6F        		db	24,111		;jr	144
 673  8257
 674  8257              ;adr33 - route to otir
 675  8257              ;musi byt ld  a,97
 676  8257              ;a taky ld bc,data_port
 677  8257 D3 17        		out	(23),a
 678  8259 ED 79        		out	(c),a
 679  825B 3C           		inc	a
 680  825C D3 17        		out	(23),a
 681  825E C9           		ret
 682  825F
 683  825F D3 17        v1      out (23),a	;ver 1.07, vycteni bajtu z DOSu z adresy v HL do B, Hood
 684  8261 3E 61        vycti   ld a,97		;ADR43rutina bude vypadat: ld hl,adresa:call vycti: B=vycteny bajt
 685  8263 18 FA                 db 24, 250	;jr v1;skok na v1;end 1.07
 686  8265
 687  8265
 688  8265              ;adr41
 689  8265              ;musi byt ld  a,97
 690  8265              ;a taky ld bc,data_port
 691  8265              ;		out	(23),a
 692  8265              ;		inir
 693  8265              ;		inc	a
 694  8265              ;		out	(23),a
 695  8265              ;		ret
 696  8265
 697  8265              ;------------------------------
 698  8265              ;------------------------------
 699  8265              			;ver. 1.09, patch na opravu vypoctu volneho mista, v pripade ze formatujeme maximalni mozny format pro BSDOS308, t.j. 128x8x2
 700  8265              ;adr856 (#358)		;ver. 1.10
 701  8265              ;FREEDOS EQU #358	;ver. 1.12, ver. 1.10,here we place the patch
 702  8265              FREE2   EQU #1B7A	;routine that will be repaired
 703  8265
 704  8265 C3 55 00     FREE_JP JP #55		;to be placed on #1B7A(FREE2)
 705  8268              ;FR2
 706  8268              ;	PHASE FREEDOS	;ver. 1.12
 707  8268 23           FRE2 INC HL		;to be placed at free space on #1CFB
 708  8269 F5                   PUSH AF
 709  826A 7C                   LD A,H
 710  826B FE 34                CP #34
 711  826D 30 06                JR NC,YES
 712  826F F1                   POP AF
 713  8270 A3                   AND E
 714  8271 3C                   INC A
 715  8272 C3 7D 1B             JP #1B7D
 716  8275 F1           YES     POP AF
 717  8276 C3 7F 1B             JP #1B7F
 718  8279              FREE_SPEND
 719  8279              FREE_SPLEN=FREE_SPEND-FRE2
 720  8279              ;	DEPHASE		;ver. 1.12
 721  8279              PATCHEND		;end ver. 1.09
 722  8279
 723  8279              ;------------------------------
 724  8279              ;------------------------------
 725  8279
 726  8279              ;adresa 144 v dos_bnk
 727  8279
 728  8279
 729  8279              SEM
 730  8279              		DISP	144
 731  0090              ;;		DISP	SEM
 732  0090              ;;		put	SEM
 733  0090
 734  0090
 735  0090              ADR144D
 736  0090 E5           		push	hl
 737  0091 21 FF 00     		ld	hl,255
 738  0094 77           		ld	(hl),a
 739  0095 2B           		dec	hl
 740  0096 E3           		ex	(sp),hl
 741  0097
 742  0097 FE 0C        		cp	12
 743  0099              ;		jr	z,PRYC
 744  0099 38 04        		jr	c,SKIP1
 745  009B FE 0F        		cp	15
 746  009D 38 3E        		jr	c,SLUZ1214
 747  009F              SKIP1
 748  009F FE 12        		cp 18		;ver. 1.16, WRENA probehne pouze pokud byla predtim volana sluzba AKTIVE, vraci v a=0 pokud probehne, pokud ne, vraci 18
 749  00A1 28 08        		jr z,ACT	;end 1.16
 750  00A3
 751  00A3 FE 10        		cp	16
 752  00A5 28 2B        		jr	z,SETMLT
 753  00A7 FE 0F        		cp	15
 754  00A9 D0           		ret	nc
 755  00AA B7           		or	a
 756  00AB C9           ACT		ret
 757  00AC
 758  00AC 33           		inc	sp
 759  00AD 33           		inc	sp
 760  00AE              AAA
 761  00AE 28 0A        		jr	z,RDWRSEC
 762  00B0 FE 04        		cp	4
 763  00B2 DA 19 1D     		jp	c,LOOP12
 764  00B5 FE 06        		cp	6
 765  00B7 C3 0C 1D     		jp	adr144_cont	;ver 1.16, skok na #1DOC, zbytek rutiny umistujeme za patch volneho mista v dosu
 766  00BA              ;	cp 8		;ver. 1.11- pri volani cteni a zapisu stopy se vrat s chybou
 767  00BA              ;	ld a,#80
 768  00BA              ;	jr c,LO11
 769  00BA              ;LOOP12   cp   7
 770  00BA              ;         jr   z,RDWRSEC
 771  00BA              ;         xor  a
 772  00BA              ;LOOP12	xor a
 773  00BA              ;LO11      ret		;end 1.11
 774  00BA
 775  00BA
 776  00BA E5           RDWRSEC		push	hl
 777  00BB D5           		push	de
 778  00BC 47           		ld	b,a
 779  00BD ED 73 C8 00  		ld	(SP_ST+1),sp
 780  00C1 31 80 00     		ld	sp,128		;!!!
 781  00C4 CD 1B 00     		call	27		;rutina v im2 by radeji nemela strankovat rom...
 782  00C7 31 00 00     SP_ST		ld	sp,0		;im1 fpohode, nmi nevim
 783  00CA C5           		push	bc
 784  00CB CD D1 00     RUT		call	NIC
 785  00CE F1           		pop	af
 786  00CF D1           		pop	de
 787  00D0 E1           		pop	hl
 788  00D1 C9           NIC		ret
 789  00D2
 790  00D2
 791  00D2 7C           SETMLT		ld	a,h
 792  00D3 B5           		or	l
 793  00D4 20 03        		jr	nz,LOOP14
 794  00D6 21 D1 00     		ld	hl,NIC
 795  00D9 22 CC 00     LOOP14		ld	(RUT+1),hl
 796  00DC C9           		ret
 797  00DD
 798  00DD
 799  00DD              SLUZ1214
 800  00DD D5           		push	de
 801  00DE E5           		push	hl
 802  00DF 47           		ld	b,a
 803  00E0 ED 73 C8 00  		ld	(SP_ST+1),sp
 804  00E4 31 80 00     		ld	sp,128
 805  00E7 CD 1B 00     		call	27
 806  00EA ED 7B C8 00  		ld	sp,(SP_ST+1)
 807  00EE 78           		ld	a,b
 808  00EF E1           		pop	hl
 809  00F0 B7           		or	a
 810  00F1 20 03        		jr	nz,NO_NFO
 811  00F3 33           		inc	sp
 812  00F4 33           		inc	sp
 813  00F5 D5           		push	de
 814  00F6              NO_NFO
 815  00F6 D1           		pop	de
 816  00F7 FE FF        		cp	255
 817  00F9 C8           		ret	z
 818  00FA              ;nz=hned se vrat
 819  00FA              ;z=predej dal
 820  00FA              PRYC
 821  00FA 33           		inc	sp
 822  00FB 33           		inc	sp
 823  00FC C9           		ret
 824  00FD
 825  00FD              ;         nop		;oba nopy vyhodit, zvetsila se nam rutina AAA
 826  00FD 00                    nop		;ver 1.18
 827  00FE
 828  00FE              A1_254
 829  00FE 3E 55        		ld	a,85
 830  0100              ;tady je uz adresa 256
 831  0100
 832  0100
 833  0100              ;------------------------------
 834  0100              ; HDD banka
 835  0100              ;------------------------------
 836  0100              					ent
 837  82E9
 838  82E9
 839  82E9              SEM1     	;equ	$-ADR144D+SEM
 840  82E9              		disp	144
 841  0090              ;;		DISP	SEM1
 842  0090              ;;		put	SEM1
 843  0090
 844  0090              ;adresa 144 v hdd_bnk
 845  0090
 846  0090              ;tabulku musime presouvat jinam, protoze leze do kodu PITa
 847  0090 ~            /*
 848  0090 ~            KKK
 849  0090 ~            		jp	PRESKOC
 850  0090 ~
 851  0090 ~            TAB		equ	$-KKK+SEM1
 852  0090 ~            TAB_DRV
 853  0090 ~            		block	VDTLEN
 854  0090 ~            */
 855  0090              ;; obsluha sluzeb bsdosu
 856  0090              PRESKOC
 857  0090 E5           		push	hl
 858  0091 21 B5 00     		ld	hl,RET
 859  0094 E3           		ex	(sp),hl
 860  0095
 861  0095 78           		ld	a,b
 862  0096
 863  0096 FE 0C        		cp	12
 864  0098 28 35        		jr	z,AKTIVE1
 865  009A FE 0D        		cp	13
 866  009C 28 27        		jr	z,PASIVE1
 867  009E FE 0E        		cp	14
 868  00A0 28 17        		jr	z,INFO1
 869  00A2
 870  00A2 FE 04        		cp	4
 871  00A4              ; zmena, nyni se skace pouze na rutiny LBA
 872  00A4              ;SET_RDM
 873  00A4 CA 8E 01     		jp	z,RD_SEC2
 874  00A7 FE 05        		cp	5
 875  00A9              ; zmena, nyni se skace pouze na rutiny LBA
 876  00A9
 877  00A9              ;SET_WRM1
 878  00A9 CA C5 01     		jp	z,WR_SEC2
 879  00AC              ;        cp   7			;ver. 1.11
 880  00AC              ;        jp   z,WR_TRK		;end 1.11
 881  00AC FE 12        	cp 18			;ver 1.16
 882  00AE 28 73        	jr z,WRENA		;end 1.16
 883  00B0 B7           	or a		;ver 1.18
 884  00B1 28 78        	jr z,bios_reset
 885  00B3 AF                    xor  a
 886  00B4
 887  00B4 C9                    ret
 888  00B5
 889  00B5
 890  00B5              RET
 891  00B5 47           		ld	b,a
 892  00B6 C3 1B 00     		jp	27
 893  00B9
 894  00B9
 895  00B9              ;---------
 896  00B9
 897  00B9 7B           INFO1		ld	a,e
 898  00BA CD 5B 02     		call	TST_DRV
 899  00BD 3E FF        		ld	a,255
 900  00BF C8           		ret	z
 901  00C0 11 09 FF      	        ld de,#FF09	        ;ver. 1.08, vracime v D pocet stop a v E do bitu 3 davame BS-DOSu info, ze se jedna o IDE zarizeni
 902  00C3              ;      		ld   de,128*256+3	;end 1.08, puv. hodnota ve verzi 1.05
 903  00C3 AF           		xor	a
 904  00C4 C9           		ret
 905  00C5
 906  00C5              ;---------
 907  00C5
 908  00C5 3E C9        PASIVE1		ld	a,201
 909  00C7 21 AB 00     		ld	hl,ACT
 910  00CA 47           		ld	b,a
 911  00CB D7           		rst	16
 912  00CC 3E FF        		ld	a,255
 913  00CE C9           		ret
 914  00CF
 915  00CF              ;---------
 916  00CF
 917  00CF CD C5 00     AKTIVE1		call	PASIVE1
 918  00D2 7B           		ld	a,e
 919  00D3 32 E5 00     		ld (curd+1),a		;ver 1.16, end 1.16
 920  00D6
 921  00D6 CD 5B 02     		call	TST_DRV
 922  00D9 3E FF        		ld	a,255
 923  00DB C8           		ret	z
 924  00DC AF           		xor	a
 925  00DD 21 AB 00     		ld	hl,ACT
 926  00E0 47           		ld	b,a
 927  00E1 D7           		rst	16
 928  00E2              ;sem umistit vycteni boot sektoru	;ver 1.14
 929  00E2              ;	ld hl,rd512_1			;pro tento ucel treba patchnout rutinu RD512, aby nacitala sektor boot do stranky EH, nasledujici pouky pouzit tehdy, kdyz potrebuju cist do stranky EH
 930  00E2              ;	ld a,#ed
 931  00E2              ;	ld (hl),a
 932  00E2              ;	inc hl
 933  00E2              ;	ld a,#41
 934  00E2              ;	ld (hl),a
 935  00E2              ;	ld hl,mbbootsec		;adresa kam vycist boot sektor
 936  00E2
 937  00E2 3E 00        lastd	ld a,0			;ver 1.16, tady je cislo disku, se kterym se naposledy pracovalo. Pokud je AKTIVE volan se stale jednim a tim samym diskem, pak se nebude dit vycitani boot sektoru na #3800. Je to proto, protoze bsdos si na #3800 kesuje napr. DIRs sektor, a pocita s tim, ze disk nebyl vymenen a ze ten DIRs sektor na #3800 stale ma. No a pokud mu ho pokazde premazeme boot sektorem, tak pri SEARCH vyhodi chybu.
 938  00E4 1E 55        curd	ld e,#55		;je porovnavan posledni disk a soucasny disk. Pokud pracujeme s diskem poprve, vykonej sluzbu komplet (tzn. vycti boot sektor na #3800 a vycti z nej oba udaje) a zapamatuj si cislo disku. Pokud pracujeme s diskem, se kterym jsme uz pracovali, nic nedelej a vrat se s a=2.
 939  00E6 BB           	cp e
 940  00E7 7B           	ld a,e
 941  00E8 28 36        	jr z,akret
 942  00EA 32 E3 00     	ld (lastd+1),a		;end 1.16
 943  00ED
 944  00ED 3E C9        	ld a,#C9
 945  00EF 32 B3 01     	ld (rds2),a		;v RD_SEC2 nebudeme nic menit, jde jen o nacteni bootu
 946  00F2 21 00 38     	ld hl,#3800		;ctu do bufferu pro jeden sektor v bsdosu
 947  00F5 11 01 00     	ld de,1			;boot sektor
 948  00F8 CD 8E 01     	call RD_SEC2
 949  00FB              ;	ld a,(mbbootsec+6)
 950  00FB F5           	push af
 951  00FC 3E C0        	ld a,#C0		;nastav RD_SEC2 aby pri nacteni boot sektoru na jakoukoliv adresu opravila bit write protectu, aby bsdos umel s timto diskem pracovat a nehazel chybu
 952  00FE 32 B3 01     	ld (rds2),a		;end 1.15
 953  0101 F1           	pop af
 954  0102 B7           	or a
 955  0103 3E 01        	ld a,1
 956  0105 C0           	ret nz			;vrat se ze sluzby AKTIVE s priznakem DISK NOT READY, pokud pri cteni sektoru nastala jakakoliv chyba
 957  0106 21 06 38     	ld hl,#3806		;vyctu pocet sektoru z boot sektoru z dosu
 958  0109 CD 2B 00     	call 43
 959  010C 78           	ld a,b
 960  010D 32 52 01     	ld (sctrk+1),a
 961  0110
 962  0110 21 0A 38     	ld hl,#380A		;ver 1.15, vyctu info o writeprotectu. 7.bit=0= zapis povolen, 1= zapis zakazan
 963  0113 CD 2B 00     	call 43
 964  0116 CB 78        	bit 7,b
 965  0118 3E 40        	ld a,%01000000		;ver 1.18, rovnou nastavime status WP pro BSDOS
 966  011A 20 01        	jr nz,ak1
 967  011C AF           	xor a			;nastavime WP interne pro EH
 968  011D              ;ak1	ld (TAB_DRV+4),a
 969  011D              ;	ld (TAB_DRV+4+(VDTLEN/2)),a
 970  011D 32 C6 01     ak1	ld (WR_PROT+1),a
 971  0120              ;	ld hl,rd512_1		;vrat puvodni hodnoty
 972  0120              ;	ld a,#cd
 973  0120              ;	ld (hl),a
 974  0120              ;	inc hl
 975  0120              ;	ld a,#21
 976  0120              ;	ld (hl),a	;end ver 1.14
 977  0120 3E 02        akret	ld   a,2
 978  0122 C9                    ret
 979  0123
 980  0123              ;--------------------
 981  0123
 982  0123 AF           WRENA xor a			;ver 1.16, sluzba WRENA nastavi interne EH na prepis boot sektoru, i kdyz ma na offsetu #A, zakazany zapis, slouzi pro vypnuti write protectu
 983  0124 32 C6 01     	ld (WR_PROT+1),a
 984  0127 32 E3 00     	ld (lastd+1),a
 985  012A C9           	ret			;end 1.16
 986  012B              ;------------------------------
 987  012B
 988  012B              bios_reset		;ver 1.18
 989  012B 21 22 02     	ld hl,#222
 990  012E CD 2B 00     	call 43
 991  0131 48           	ld c,b
 992  0132 2B           	dec hl
 993  0133 CD 2B 00     	call 43
 994  0136 3A C6 01     	ld a,(WR_PROT+1)	;v A nam sluzba AKTIVE primo nastavuje hotovy status pro BSDOS
 995  0139 C9           	ret		;end ver 1.18
 996  013A              ;------------------------------
 997  013A
 998  013A
 999  013A
1000  013A              ;------------------------------
1001  013A              ;vypocita log.cislo sektoru
1002  013A              ;z udaju pro disketu
1003  013A              ;hl se nezmeni, udaj je vlozen
1004  013A              ;primo do rutiny prepoc
1005  013A              ;SECT_NUM
1006  013A              ;
1007  013A              ;         push hl
1008  013A              ;         ld   l,d
1009  013A              ;         ld   h,0
1010  013A              ;         add  hl,hl
1011  013A              ;         add  hl,hl
1012  013A              ;         add  hl,hl
1013  013A              ;         add  hl,hl
1014  013A              ;*16
1015  013A              ;         ld   a,e
1016  013A              ;         dec  a
1017  013A              ;         and  %00000111
1018  013A              ;         bit  7,e
1019  013A              ;         jr   z,RDS1
1020  013A              ;         or   %00001000
1021  013A              ;RDS1
1022  013A              ;         or   l
1023  013A              ;         ld   l,a
1024  013A
1025  013A              ;hl = log. cislo sectoru
1026  013A              ;     pocita se od 0
1027  013A
1028  013A              ;ver 1.07, radne pocitani cisla sektoru, napsal Busy
1029  013A              SECT_NUM           ;Vstup: DE = fyzicke cislo sektora z BSDOSu
1030  013A E5                   push hl
1031  013B 21 06 23             ld hl,#2306
1032  013E CD 2B 00             call 43       ;skok na rutinu vycti
1033  0141 78                   ld a,b
1034  0142 32 52 01             ld (sctrk+1),a
1035  0145 AF                   xor a
1036  0146 47                   ld b,a
1037  0147 4A                   ld c,d
1038  0148 68                   ld l,b
1039  0149 60                   ld h,b
1040  014A 50                   ld d,b
1041  014B 7B                   ld a,e
1042  014C 83                   add a,e
1043  014D CB 11                rl c
1044  014F CB 10                rl b         ;BC=2*stopa+strana
1045  0151 3E 55        sctrk ld a,#55 ;A=sectrk
1046  0153 09           nasob   add hl,bc
1047  0154 3D                   dec a
1048  0155 20 FC                jr nz,nasob  ;hl=sectrk*(2*stopa+strana)
1049  0157 CB BB                res 7,e
1050  0159 1D                   dec e        ;e=sektor-1
1051  015A 19                   add hl,de    ;hl=sectrk*(2*stopa+strana)+(sektor-1)
1052  015B 29                   add hl,hl    ;hl=2*(sectrk*(2*stopa+strana)+(sektor-1))	;end 1.07
1053  015C
1054  015C              ;jeste se vynasobi dvema
1055  015C              ;harddisk ma sektor 512 bajtu
1056  015C              ;musime precist dva sektory
1057  015C
1058  015C 22 69 01     		ld	(PREPOC+1),hl
1059  015F 7C           		ld	a,h
1060  0160 E1           		pop	hl
1061  0161 E6 F0        		and	%11110000
1062  0163 C8           		ret	z
1063  0164
1064  0164 3E 10        		ld	a,%00010000
1065  0166 B7           		or	a
1066  0167 C9           		ret
1067  0168              ;seek error (zapis za hranici)
1068  0168              ;------------------------------
1069  0168
1070  0168              ;;;;;;;;;;;;;;;;;;;;;;;;;;;;;;;
1071  0168              ;pricte sector vyzadovany bsdosem k prvnimu LBA sectoru dane disk. jednotku
1072  0168              ;;;;;;;;;;;;;;;;;;;;;;;;;;;;;;;
1073  0168              PREP_LBA
1074  0168 21 00 00     PREPOC		ld	hl,0
1075  016B 11 00 00     LOW24		ld	de,0
1076  016E 19           		add	hl,de
1077  016F 11 00 00     HIG24		ld	de,0
1078  0172 30 01        		jr	nc,PREP2
1079  0174 13           		inc	de
1080  0175              ;b - hlavicka 219
1081  0175              ;c - sektor 207
1082  0175              ;de - cyl  e - 211, d -215
1083  0175              PREP2
1084  0175 EB           		ex	de,hl
1085  0176              ; vystup pro ATA rutiny:
1086  0176              ; HL = horni 16 bitu LBA, DE = dolni 16 bitu LBA
1087  0176 C9           		ret
1088  0177
1089  0177              ; fyzicke cteni sectoru
1090  0177              READ1				;cteni jednoho 1024B sektoru BSDOSu z CF
1091  0177              ; vstup: IX=buffer, HL=horni 16 bitu LBA, DE=dolni 16 bitu LBA
1092  0177 C3 00 0F     	jp	@CFroutines.READ1
1093  017A
1094  017A
1095  017A ~            /*
1096  017A ~            READ1
1097  017A ~            		call	TST_BSY
1098  017A ~            		jp	nz,ERROR
1099  017A ~            		ld	a,b
1100  017A ~            ; nyni je navrdo LBA nastavuje se v rut. TST_DRV
1101  017A ~            HEA_RD1		or	%11100000
1102  017A ~            		out	(P_HEA),a
1103  017A ~            ;cislo hlavicky
1104  017A ~
1105  017A ~            		ld	a,2
1106  017A ~            		out	(P_HSE),a
1107  017A ~            ;pocet sektoru
1108  017A ~
1109  017A ~            		ld	a,c
1110  017A ~            		out	(P_NSE),a
1111  017A ~            ;cislo sektoru od 1
1112  017A ~
1113  017A ~            		ld	a,e
1114  017A ~            		out	(P_CYL),a
1115  017A ~            		ld	a,d
1116  017A ~            		out	(P_CYH),a
1117  017A ~            ;cislo cylindru
1118  017A ~
1119  017A ~            		ld	a,#20
1120  017A ~            ;		ld	a,#21		;LMN - #21 obsolete command
1121  017A ~            		out	(P_COM),a
1122  017A ~            ;read with retries
1123  017A ~
1124  017A ~            		call	TST_BSY
1125  017A ~            		jr	nz,ERROR
1126  017A ~
1127  017A ~            		call	RD_512
1128  017A ~
1129  017A ~            		call	TST_ERR
1130  017A ~            		jr	nz,ERROR
1131  017A ~
1132  017A ~            		call	TST_BSY
1133  017A ~            		jr	nz,ERROR
1134  017A ~
1135  017A ~            		call	RD_512
1136  017A ~
1137  017A ~            		call	TST_ERR
1138  017A ~            		jr	nz,ERROR
1139  017A ~
1140  017A ~            		xor	a
1141  017A ~            		ret
1142  017A ~            */
1143  017A              ;------------------------------
1144  017A              ; fyzicky zapis sectoru
1145  017A              WRITE1
1146  017A              ; vstup: IX=buffer, HL=horni 16 bitu LBA, DE=dolni 16 bitu LBA
1147  017A C3 35 0F     	jp	@CFroutines.WRITE1
1148  017D
1149  017D
1150  017D ~            /*
1151  017D ~            WRITE1
1152  017D ~
1153  017D ~            		call	TST_BSY
1154  017D ~            		jr	nz,ERROR
1155  017D ~
1156  017D ~            		ld	a,b
1157  017D ~            ; nyni je navrdo LBA nastavuje se v rut. TST_DRV
1158  017D ~            HEA_WR1		or	%11100000
1159  017D ~            		out	(P_HEA),a
1160  017D ~            ;hlavicka
1161  017D ~
1162  017D ~            		ld	a,2
1163  017D ~            		out	(P_HSE),a
1164  017D ~            ;pocet sektoru
1165  017D ~            		ld	a,c
1166  017D ~            		out	(P_NSE),a
1167  017D ~            ;cislo sektoru od 1
1168  017D ~            		ld	a,e
1169  017D ~            		out	(P_CYL),a
1170  017D ~            		ld	a,d
1171  017D ~            		out	(P_CYH),a
1172  017D ~            ;cislo cylindru
1173  017D ~            		ld	a,#30
1174  017D ~            ;		ld	a,#31		;LMN - #31 obsolete command
1175  017D ~            		out	(P_COM),a
1176  017D ~            ;write with retries
1177  017D ~
1178  017D ~            		call	TST_BSY
1179  017D ~            		jr	nz,ERROR
1180  017D ~
1181  017D ~            		call	WR_512
1182  017D ~
1183  017D ~            		call	TST_BSY
1184  017D ~            		jr	nz,ERROR
1185  017D ~            		call	TST_ERR
1186  017D ~            		jr	nz,ERROR
1187  017D ~
1188  017D ~            		call	WR_512
1189  017D ~
1190  017D ~            		call	TST_BSY
1191  017D ~            		jr	nz,ERROR
1192  017D ~            		call	TST_ERR
1193  017D ~            		jr	nz,ERROR
1194  017D ~
1195  017D ~
1196  017D ~            		xor	a
1197  017D ~            		ret
1198  017D ~            */
1199  017D              ;------------------------------
1200  017D              ; fyzicky zapis tracku		;ver 1.11- vyhozen pryc, v praci s hdd netreba
1201  017D              ;
1202  017D              ;WR_TRK
1203  017D              ;		ld	a,e
1204  017D              ;		and	128
1205  017D              ;		ld	e,a
1206  017D              ;		xor	a
1207  017D              ;WTRK1
1208  017D              ;		inc	e
1209  017D              ;		push	de
1210  017D              ;		push	hl
1211  017D              ;		push	af
1212  017D              ; zmena, nyni se skace pouze na rutiny LBA
1213  017D              ;SET_WRM2
1214  017D              ;		call	WR_SEC2
1215  017D              ;		pop	af
1216  017D              ;		pop	hl
1217  017D              ;		ld	de,1024
1218  017D              ;		add	hl,de
1219  017D              ;		pop	de
1220  017D              ;		inc	a
1221  017D              ;		cp	9
1222  017D              ;pocet sektoru -1
1223  017D              ;		jr	nz,WTRK1
1224  017D              ;
1225  017D              ;		ret		;end 1.11
1226  017D
1227  017D              ERROR
1228  017D FE FF        		cp	255
1229  017F 20 03        		jr	nz,ERR1
1230  0181 3E 01        		ld	a,1
1231  0183 C9           		ret
1232  0184              ERR1
1233  0184 E6 53        		and	%01010011
1234  0186 28 03        		jr	z,ERR2
1235  0188 3E 08        		ld	a,8
1236  018A C9           		ret
1237  018B              ERR2
1238  018B 3E 80        		ld	a,128
1239  018D C9           		ret
1240  018E
1241  018E              ;------------------------------
1242  018E              ;-------- LBA MODE 010 --------
1243  018E              ;------------------------------
1244  018E
1245  018E              RD_SEC2
1246  018E              ; prepocita log. cislo BSDOS diskety na log. cislo hdd
1247  018E 22 A9 01     	ld (rdadr+1),hl			;ver 1.15- opatreni write protectu, oprava a nahrada verzi 1.16
1248  0191 ED 53 AC 01  	ld (rds1+1),de
1249  0195
1250  0195 CD 3A 01     		call	SECT_NUM
1251  0198 C0           		ret	nz
1252  0199
1253  0199              ; pricte pozadovany pocet LBA sektoru
1254  0199              ; HL je adresa bufferu, proto ji dame rovnou do IX.
1255  0199              ; PREP_LBA pak vrati LBA primo jako HLDE pro ATA rutiny.
1256  0199 DD E5        		push	ix
1257  019B E5           		push	hl
1258  019C DD E1        		pop	ix
1259  019E CD 68 01     		call	PREP_LBA
1260  01A1              ; cte
1261  01A1 CD 77 01     		call	READ1
1262  01A4 DD E1        		pop	ix
1263  01A6 B7           	or a		;ver 1.17
1264  01A7 C0           	ret nz		;vrat se, doslo-li pri cteni k chybe
1265  01A8 21 55 55     rdadr	ld hl,#5555	;nove ver 1.16, oprava push/popu. V HL a DE budou adresa pameti a fyzicky sektor posledniho cteni.
1266  01AB 11 55 55     rds1	ld de,#5555
1267  01AE 1B           	dec de
1268  01AF 7A           	ld a,d
1269  01B0 B3           	or e
1270  01B1 3E 00        	ld a,0		;signalizace cteni bez chyby
1271  01B3 C0           rds2	ret nz		;ret nz=#C0, ret=#C9. Ver 1.17 default je #C0=RET NZ
1272  01B4 7C           	ld a,h		;ver 1.17
1273  01B5 FE 40        	cp #40
1274  01B7 30 0A        	jr nc,rds3	;nahravame do RAM>#4000, takze nic v boot sektoru menit nebudeme
1275  01B9              			;nahravame boot sektor do dosu, a tam menit info o WP budeme, end 1.17
1276  01B9 11 0A 00     	ld de,#A
1277  01BC 19           	add hl,de
1278  01BD CD 2B 00     	call 43
1279  01C0 CB B8        	res 7,b
1280  01C2 D7           	rst 16
1281  01C3 AF           rds3	xor a
1282  01C4
1283  01C4 C9           		ret
1284  01C5
1285  01C5              ;------------------------------
1286  01C5
1287  01C5              WR_SEC2
1288  01C5              ;		ld	a,(WR_PROT+1)
1289  01C5              ;zde se testoval write protect, musi se dodelat
1290  01C5 3E 00        WR_PROT 	ld	a,0
1291  01C7 B7           		or	a
1292  01C8 3E 40        		ld	a,%01000000 ; status pro Bsdos - writeprotect
1293  01CA C0           		ret	nz
1294  01CB
1295  01CB CD 3A 01     		call	SECT_NUM
1296  01CE C0           		ret	nz
1297  01CF
1298  01CF              ; HL je adresa bufferu -> IX, PREP_LBA vrati LBA primo jako HLDE
1299  01CF DD E5        		push	ix
1300  01D1 E5           		push	hl
1301  01D2 DD E1        		pop	ix
1302  01D4 CD 68 01     		call	PREP_LBA
1303  01D7
1304  01D7 CD 7A 01     		call	WRITE1
1305  01DA DD E1        		pop	ix
1306  01DC
1307  01DC C9           		ret
1308  01DD
1309  01DD
1310  01DD              ;------------------------------
1311  01DD              ;---- END OF LBA MODE 010 -----
1312  01DD              ;------------------------------
1313  01DD
1314  01DD              ;------------------------------
1315  01DD
1316  01DD              TST_BSY
1317  01DD E5           		push	hl
1318  01DE C5           		push	bc
1319  01DF 21 00 00     		ld	hl,0
1320  01E2
1321  01E2              TST1
1322  01E2 2B           		dec	hl
1323  01E3 7D           		ld	a,l
1324  01E4 B4           		or	h
1325  01E5 28 0D        		jr	z,TOUT1
1326  01E7 DB BF        P84		in	a,(P_COM)
1327  01E9 3C           		inc	a
1328  01EA 28 FB        		jr	z,P84
1329  01EC 3D           		dec	a
1330  01ED CB 7F        		bit	7,a
1331  01EF 20 F1        		jr	nz,TST1
1332  01F1 C1           		pop	bc
1333  01F2 E1           		pop	hl
1334  01F3 C9           		ret
1335  01F4              TOUT1
1336  01F4 3E FF        		ld	a,255
1337  01F6 B7           		or	a
1338  01F7 C1           		pop	bc
1339  01F8 E1           		pop	hl
1340  01F9 C9           		ret
1341  01FA
1342  01FA              ;------------------------------
1343  01FA
1344  01FA              TST_ERR
1345  01FA DB BF        P85		in	a,(P_COM)
1346  01FC 3C           		inc	a
1347  01FD 28 FB        		jr	z,P85
1348  01FF 3D           		dec	a
1349  0200 E6 01        		and	1
1350  0202 C8           		ret	z
1351  0203 DB A7        		in	a,(P_ERR)
1352  0205 C9           		ret
1353  0206
1354  0206              ;------------------------------
1355  0206
1356  0206              ;------------------------------
1357  0206
1358  0206
1359  0206              RD_512
1360  0206 22 29 02     		ld	(DMA_ADR1),hl
1361  0209 E5           		push	hl
1362  020A 21 1F 02     		ld	hl,DMA_IN
1363  020D              ;		ld	bc,14*256+DMA
1364  020D 01 0B 0F     		ld	bc,((DMA_INEND-DMA_IN)*256)+DMA
1365  0210 ED B3        		otir
1366  0212 3E 61        		ld	a,97
1367  0214 06 87        		ld	b,#87
1368  0216 CD 21 00     		call	OTIR
1369  0219              ; start DMA transfer
1370  0219 E1           		pop	hl
1371  021A 01 00 02     		ld	bc,512
1372  021D 09           		add	hl,bc
1373  021E C9           		ret
1374  021F
1375  021F C3           DMA_IN		db	195		;WR6-reset
1376  0220 7D           		db	%01111101	;WR0 A->B, transfer
1377  0221 C3 00        		dw	P_DAT		;source port
1378  0223 FF 01        		dw	511		;lenght
1379  0225
1380  0225              ;		db	%00101100	;WR1 A-port,A-fixed
1381  0225 6C           		db	%01101100	;WR1 A-port,A-fixed,variable cycle
1382  0226              ;		db	%11001110 	;2T no early cycle ends
1383  0226 CD           		db	%11001101 	;3T no early cycle ends
1384  0227
1385  0227 10           		db	%00010000	;WR2 B-memory, B-increment - standard cycle
1386  0228              ;		db	%01010000	;WR2 B-memory, B-increment,variable cycle
1387  0228              ;		db	%11001110	;2T no early cycle ends
1388  0228
1389  0228 AD           		db	%10101101	;WR4 continuous,
1390  0229 00 00        DMA_ADR1	dw	0		;destination
1391  022B 92           		db	%10010010	;WR5 ready low,CE/WAIT,stop on end of block
1392  022C CF           		db	#CF		;WR6 load
1393  022D B3           		db	#B3		;WR6 force ready
1394  022E              DMA_INEND
1395  022E              ;-------------
1396  022E
1397  022E              WR_512
1398  022E 22 54 02     		ld	(DMA_ADR2),hl
1399  0231 E5           		push	hl
1400  0232 21 49 02     		ld	hl,DMA_OUT
1401  0235 01 0B 12     		ld	bc,((DMA_OUTEND-DMA_OUT)*256)+DMA
1402  0238 3E 61        		ld	a,97
1403  023A ED B3        		otir
1404  023C 3E 61        		ld	a,97
1405  023E 06 87        		ld	b,#87
1406  0240 CD 21 00     		call	OTIR
1407  0243 E1           		pop	hl
1408  0244 01 00 02     		ld	bc,512
1409  0247 09           		add	hl,bc
1410  0248 C9           		ret
1411  0249              ; nova sekvence o pro DMAOUT kompatibilni s orig. Z80DMA
1412  0249              DMA_OUT
1413  0249 C3           		db	#C3		;WR6-reset
1414  024A 01           		db	%00000001	;WR0-Temporarily declare Port B as source in WR0 (bit 2 = 0)
1415  024B
1416  024B 14           		db	%00010100	;WR1-PA memory,increment, - standard cycle
1417  024C              ;		db	%01010100	;WR1-PA memory,increment,variable cycle
1418  024C              ;		db	%11001110	;2T no early cycle ends
1419  024C
1420  024C              ;		db	%00101000	;WR2-PB io, fixed,
1421  024C 68           		db	%01101000	;WR2-PB io, fixed, variable cycle
1422  024D              ;		db	%11001110	;2T no early cycle ends
1423  024D CD           	    db	%11001101 	;3T no early cycle ends
1424  024E
1425  024E 80           		db	%10000000	;WR3
1426  024F AD           		db	%10101101	;WR4-Write Port B (fixed destination) address to WR4.
1427  0250 C3 00        		dw	P_DAT
1428  0252 CF           		db	#CF		;WR6-load
1429  0253 7D           		db	%01111101	;WR0-transfer,portAtoB,block length
1430  0254 00 00        DMA_ADR2	dw	0
1431  0256 FF 01        		dw	511
1432  0258 92           		db	%10010010	;WR5-stop on end,/CE/WAIT,Ready low
1433  0259 CF           		db	#CF		;WR6-load
1434  025A B3           		db	#B3		;WR6-force ready
1435  025B              DMA_OUTEND
1436  025B
1437  025B              ;DMA_out	db	195
1438  025B              ; reset
1439  025B
1440  025B              ;		db	#C7
1441  025B              ; reset PA timing
1442  025B              ;		db	#CB
1443  025B              ; reset PB timing
1444  025B
1445  025B              ;		db	%01111101	;WR0 transfer,portA,block length
1446  025B              ;DMA_ADR2	dw	0
1447  025B              ;		dw	511
1448  025B              ; transfer,PA->PB
1449  025B              ; start adr
1450  025B              ; block length
1451  025B              ;		db	%00010100	;WR1
1452  025B              ; PA is memory,inc
1453  025B              ;		db	%00101000	;WR2
1454  025B              ; PB is IO,fixed
1455  025B
1456  025B              ;		db	%11000100
1457  025B              ; ?
1458  025B
1459  025B              ;		db	%10101101	;WR4
1460  025B              ;		dw	P_DAT
1461  025B              ; continuous
1462  025B              ; starting address
1463  025B              ;		db	%10010010	;WR5
1464  025B              ; stop on end,/CE/WAIT,Ready lo
1465  025B              ;		db	#CF		;WR6
1466  025B              ; load
1467  025B              ;		db	#B3
1468  025B              ; force ready
1469  025B
1470  025B              ;------------------------------
1471  025B
1472  025B              ; tady se musi podle cisla disk. jednotky (napr. @4) urcit master/slave a cislo LBA sectoru
1473  025B              ; 3-127 master
1474  025B              ; 131-255 slave
1475  025B              ; 0,1,2,128,129,130 ret z a mozna a=0 jako nepouzite jednotky
1476  025B              ;;uprava pro pouziti na MB03+ kde je jenom master, zato muzou byt jednotky 3-255
1477  025B              TST_DRV
1478  025B
1479  025B 57           		ld	d,a		;schovam a
1480  025C B7           		or	a		;disk 0 je neplatny, ostatni jsou ok
1481  025D              ;		inc	a
1482  025D              ;;		jr	z,slave		;@255 je OK a je slave
1483  025D              ;;		jr	master		;zatim natvrdo, pak vyresit, aby disky 0,1,2 fungovaly
1484  025D              ;;;		jr	z,master	;@255 je OK
1485  025D              ;;					and %01111111
1486  025D              ;;					jr z,master ;@127 je OK
1487  025D              ;;					and %01111100
1488  025D              ;;		and	%11111100
1489  025D              ;;		ret	z		;test jednotek 0,1,2,128,129,130 ret z
1490  025D C8           		ret	z		;; jednotky 0,1,2
1491  025E              ;;		bit	7,d		;test master/slave
1492  025E              ;;		jr	nz,slave
1493  025E
1494  025E
1495  025E ~            /*
1496  025E ~            ;master		ld	hl,TAB_DRV+1	;VDT tabulka
1497  025E ~            		ld	a,(hl)
1498  025E ~            		or	a
1499  025E ~            		ret	z		;master disk neexistuje, testuje se pocest sectoru disku uvedeneho v VDT
1500  025E ~            		push	hl		;VDT tabulka
1501  025E ~            */
1502  025E              ;		ld	a,%11100000
1503  025E              ;		ld	(HEA_RD1+1),a	;davame pryc zatim, pro SD verzi
1504  025E              ;		ld	(HEA_WR1+1),a	;nastaveni master	;davame pryc zatim, pro SD verzi
1505  025E
1506  025E              ;		ld a,(TAB_DRV+4)	;ver 1.16- zruseno, obsluha WP byla presunuta do rutiny AKTIVE
1507  025E              ;		ld (WR_PROT+1),a ; nastaveni WriteProtect, end 1.16
1508  025E
1509  025E 7A           		ld	a,d
1510  025F 3D           		dec	a		;snizime, abychom se dostali na spravny disk. Zaciname diskem 1.
1511  0260
1512  0260 11 00 00     		ld	de,0
1513  0263 21 00 10     		ld	hl,4096		;4096x512=delka jednoho MBD image
1514  0266 CD 7D 02     		call	MUL32x8
1515  0269              					;DEHL= vysledek
1516  0269 D9           		exx
1517  026A ~            /*
1518  026A ~            ;		ld	hl,VDT+1	;zatim to bereme z prvni partisny, vyresit
1519  026A ~            ;		inc	hl
1520  026A ~            		pop	hl
1521  026A ~            		ld	c,(hl)
1522  026A ~            		inc	hl
1523  026A ~            		ld	b,(hl)
1524  026A ~            		inc	hl
1525  026A ~            		ld	e,(hl)
1526  026A ~            		inc	hl
1527  026A ~            		ld	d,(hl)
1528  026A ~            		ld	l,c
1529  026A ~            		ld	h,b
1530  026A ~            */
1531  026A              current_1st_sector			;dulezite, tady je aktualne vybrana partisna/1 datovy sektor
1532  026A 21 55 55     		ld	hl,#5555	;nizsi LBA
1533  026D 11 55 55     		ld	de,#5555	;vyssi LBA
1534  0270
1535  0270 CD CD 02     		call	ADD32_32
1536  0273 22 6C 01     		ld	(LOW24+1),hl
1537  0276 ED 53 70 01  		ld	(HIG24+1),de
1538  027A AF           		xor	a		;set NZ
1539  027B 3C           		inc	a
1540  027C C9           		ret
1541  027D
1542  027D ~            /*piseme pro EasySD- pro 32 bajtove pocitani
1543  027D ~            ;		dec	a		;dulezite, temito dvema dec a snizujeme disky od 1
1544  027D ~            ;		dec	a
1545  027D ~            		dec	a		;odecteme 3 protoze HDD jednotky zacinaji az od 3
1546  027D ~            ; A je cislo jednotky uz od nuly napr. 1 (odpovida jednotce @4)
1547  027D ~
1548  027D ~            		ld	l,a
1549  027D ~            		ld	h,0
1550  027D ~            		ld	d,h
1551  027D ~            		add	hl,hl
1552  027D ~            		add	hl,hl
1553  027D ~            		add	hl,hl
1554  027D ~            		add	hl,hl
1555  027D ~            ; A je vynasobeno 16 a ulozeno do HL (16*256=4096 LBA sertoru= 2MB na jednotku)
1556  027D ~
1557  027D ~            		ld	a,(TAB_DRV+6)
1558  027D ~            		ld	e,a
1559  027D ~            ; vytahneme z VDT vyssi byte adresy prvniho sectoru prvni jednotky, mel by to byt zaroven prvni sector prvniho souboru na HDD
1560  027D ~
1561  027D ~            		add	hl,de
1562  027D ~            ; pricteme k L
1563  027D ~            		ld	a,(TAB_DRV+5)
1564  027D ~            		ld	e,a
1565  027D ~            ; vytahneme z VDT nizsi byte adresy
1566  027D ~
1567  027D ~            		ld	d,l
1568  027D ~            		ld	l,h
1569  027D ~            		ld	h,0
1570  027D ~            ; spravne usporadame pro LBA24 (registry lde)
1571  027D ~            		ld	(LOW24+1),de
1572  027D ~            		ld	(HIG24+1),hl
1573  027D ~
1574  027D ~            		ld	a,e
1575  027D ~            		or	d
1576  027D ~            		or	l
1577  027D ~            ; jeste test jestli lde<>0, je v podstate zbytecny, ale musi byt nz
1578  027D ~            		ret
1579  027D ~            */
1580  027D
1581  027D ~            /*
1582  027D ~            ;slave rusime, bude jen 1 karta, zatim
1583  027D ~            ; ted to same pro slave
1584  027D ~            slave		ld	hl,TAB_DRV+(VDTLEN/2)
1585  027D ~            		ld	a,(hl)
1586  027D ~            		or	a
1587  027D ~            		ret	z		;slave disk neexistuje
1588  027D ~
1589  027D ~            		ld	a,%11110000
1590  027D ~            ;;;		ld	(HEA_RD1+1),a	;davame pryc zatim, pro SD verzi
1591  027D ~            ;;;		ld	(HEA_WR1+1),a	;nastaveni slave	;davame pryc zatim, pro SD verzi
1592  027D ~
1593  027D ~            ;		ld a,(TAB_DRV+4+(VDTLEN/2))	;ver 1.16- zruseno, obsluha WP byla presunuta do rutiny AKTIVE
1594  027D ~            ;		ld (WR_PROT+1),a ; nastaveni WriteProtect, end 1.16
1595  027D ~
1596  027D ~            		res	7,d		;slave nutno zrusit bit 7
1597  027D ~            		ld	a,d
1598  027D ~            		dec	a
1599  027D ~            		dec	a
1600  027D ~            		dec	a		;odecteme 3 protoze HDD jednotky zacinaji az od 3
1601  027D ~            ; A je cislo jednotky uz od nuly napr. 1 (odpovida jednotce @4)
1602  027D ~
1603  027D ~            		ld	l,a
1604  027D ~            		ld	h,0
1605  027D ~            		ld	d,h
1606  027D ~            		add	hl,hl
1607  027D ~            		add	hl,hl
1608  027D ~            		add	hl,hl
1609  027D ~            		add	hl,hl
1610  027D ~            ; A je vynasobeno 16 a ulozeno do HL (16*256=4096 LBA sertoru= 2MB na jednotku)
1611  027D ~
1612  027D ~            		ld	a,(TAB_DRV+6+(VDTLEN/2))
1613  027D ~            		ld	e,a
1614  027D ~            ; vytahneme z VDT vyssi byte adresy prvniho sectoru prvni jednotky, mel by to byt zaroven prvni sector prvniho souboru na HDD
1615  027D ~
1616  027D ~            		add	hl,de
1617  027D ~            ; pricteme k L
1618  027D ~            		ld	a,(TAB_DRV+5+(VDTLEN/2))
1619  027D ~            		ld	e,a
1620  027D ~            ; vytahneme z VDT nizsi byte adresy
1621  027D ~
1622  027D ~            		ld	d,l
1623  027D ~            		ld	l,h
1624  027D ~            		ld	h,0
1625  027D ~            ; spravne usporadame pro LBA24 (registry lde)
1626  027D ~            		ld	(LOW24+1),de
1627  027D ~            		ld	(HIG24+1),hl
1628  027D ~
1629  027D ~            		ld	a,e
1630  027D ~            		or	d
1631  027D ~            		or	l
1632  027D ~            ; jeste test jestli lde<>0, je v podstate zbytecny, ale musi byt nz
1633  027D ~            		ret
1634  027D ~            konec ruseni slave*/
1635  027D
1636  027D              ;------------------------------------------------------------------------------
1637  027D              ; Matematicke rutiny - fyzicka kopie pro hlavni cast EasySD (MODULE MAIN)
1638  027D              ;------------------------------------------------------------------------------
1639  027D              MUL32x8:
1640  027D              	MATH_MUL32x8
1640  027D DD E5       >        push    ix
1640  027F             >
1640  027F 22 B4 02    >        ld      (.value),hl
1640  0282 ED 53 B6 02 >        ld      (.value+2),de
1640  0286             >
1640  0286 47          >        ld      b,a
1640  0287 DD 2E 08    >        ld      ixl,8
1640  028A             >
1640  028A 11 00 00    >        ld      de,0
1640  028D 21 00 00    >        ld      hl,0
1640  0290             >
1640  0290             >.loop:
1640  0290 29          >        add     hl,hl
1640  0291 CB 13       >        rl      e
1640  0293 CB 12       >        rl      d
1640  0295             >
1640  0295 CB 20       >        sla     b
1640  0297 30 14       >        jr      nc,.next
1640  0299             >
1640  0299 3A B4 02    >        ld      a,(.value)
1640  029C 85          >        add     a,l
1640  029D 6F          >        ld      l,a
1640  029E             >
1640  029E 3A B5 02    >        ld      a,(.value+1)
1640  02A1 8C          >        adc     a,h
1640  02A2 67          >        ld      h,a
1640  02A3             >
1640  02A3 3A B6 02    >        ld      a,(.value+2)
1640  02A6 8B          >        adc     a,e
1640  02A7 5F          >        ld      e,a
1640  02A8             >
1640  02A8 3A B7 02    >        ld      a,(.value+3)
1640  02AB 8A          >        adc     a,d
1640  02AC 57          >        ld      d,a
1640  02AD             >
1640  02AD             >.next:
1640  02AD DD 2D       >        dec     ixl
1640  02AF 20 DF       >        jr      nz,.loop
1640  02B1             >
1640  02B1 DD E1       >        pop     ix
1640  02B3 C9          >        ret
1640  02B4             >
1640  02B4             >.value:
1640  02B4 00 00 00 00 >        ds      4
1641  02B8
1642  02B8              ADD32_16:
1643  02B8              	MATH_ADD32_16
1643  02B8 09          >        add     hl,bc
1643  02B9 D0          >        ret     nc
1643  02BA             >
1643  02BA 13          >        inc     de
1643  02BB C9          >        ret
1644  02BC
1645  02BC              SUB32_8:
1646  02BC              	MATH_SUB32_8
1646  02BC 47          >        ld      b,a
1646  02BD             >
1646  02BD 7D          >        ld      a,l
1646  02BE 90          >        sub     b
1646  02BF 6F          >        ld      l,a
1646  02C0             >
1646  02C0 7C          >        ld      a,h
1646  02C1 DE 00       >        sbc     a,0
1646  02C3 67          >        ld      h,a
1646  02C4             >
1646  02C4 7B          >        ld      a,e
1646  02C5 DE 00       >        sbc     a,0
1646  02C7 5F          >        ld      e,a
1646  02C8             >
1646  02C8 7A          >        ld      a,d
1646  02C9 DE 00       >        sbc     a,0
1646  02CB 57          >        ld      d,a
1646  02CC             >
1646  02CC C9          >        ret
1647  02CD
1648  02CD              ADD32_32:
1649  02CD              	MATH_ADD32_32
1649  02CD D9          >        exx
1649  02CE             >
1649  02CE D5          >        push    de
1649  02CF E5          >        push    hl
1649  02D0             >
1649  02D0 D9          >        exx
1649  02D1             >
1649  02D1 C1          >        pop     bc
1649  02D2 09          >        add     hl,bc
1649  02D3             >
1649  02D3 C1          >        pop     bc
1649  02D4             >
1649  02D4 EB          >        ex      de,hl
1649  02D5 ED 4A       >        adc     hl,bc
1649  02D7 EB          >        ex      de,hl
1649  02D8 C9          >        ret
1650  02D9
1651  02D9              LEN_MAIN	equ	$-HDD_MAIN_START
1652  02D9              	ASSERT	HDD_MAIN_START+LEN_MAIN <= PIT_START
1653  02D9
1654  02D9              		ent
1655  8532
1656  8532              	endmodule	; MAIN
1657  8532
1658  8532
1659  8532              		disp	CF_ROUTINES_START
1660  0F00              	module	CFroutines
1661  0F00
1662  0F00              ; Cteni jednoho 1024B sektoru BSDOSu jako dva po sobe jdouci ATA sektory.
1663  0F00              ; Vstup: IX=buffer, HL=horni 16 bitu LBA, DE=dolni 16 bitu LBA.
1664  0F00              READ1
1665  0F00 CD DD 01     	call	@MAIN.TST_BSY
1666  0F03 C2 7D 01     	jp	nz,@MAIN.ERROR
1667  0F06 06 02        	ld	b,2
1668  0F08 CD 6A 0F     	call	ATA_SETUP_LBA
1669  0F0B C2 7D 01     	jp	nz,@MAIN.ERROR
1670  0F0E 3E 20        	ld	a,#20			;ATA READ SECTORS
1671  0F10 D3 BF        	out	(P_COM),a
1672  0F12
1673  0F12 CD 88 0F     	call	ATA_WAIT_DRQ
1674  0F15 C2 7D 01     	jp	nz,@MAIN.ERROR
1675  0F18 DD E5        	push	ix
1676  0F1A E1           	pop	hl
1677  0F1B CD 06 02     	call	@MAIN.RD_512
1678  0F1E
1679  0F1E CD 88 0F     	call	ATA_WAIT_DRQ
1680  0F21 C2 7D 01     	jp	nz,@MAIN.ERROR
1681  0F24 CD 06 02     	call	@MAIN.RD_512
1682  0F27
1683  0F27 CD DD 01     	call	@MAIN.TST_BSY
1684  0F2A C2 7D 01     	jp	nz,@MAIN.ERROR
1685  0F2D CD FA 01     	call	@MAIN.TST_ERR
1686  0F30 C2 7D 01     	jp	nz,@MAIN.ERROR
1687  0F33 AF           	xor	a
1688  0F34 C9           	ret
1689  0F35
1690  0F35              ; Zapis jednoho 1024B sektoru BSDOSu jako dva po sobe jdouci ATA sektory.
1691  0F35              ; Vstup: IX=buffer, HL=horni 16 bitu LBA, DE=dolni 16 bitu LBA.
1692  0F35              WRITE1
1693  0F35 CD DD 01     	call	@MAIN.TST_BSY
1694  0F38 C2 7D 01     	jp	nz,@MAIN.ERROR
1695  0F3B 06 02        	ld	b,2
1696  0F3D CD 6A 0F     	call	ATA_SETUP_LBA
1697  0F40 C2 7D 01     	jp	nz,@MAIN.ERROR
1698  0F43 3E 30        	ld	a,#30			;ATA WRITE SECTORS
1699  0F45 D3 BF        	out	(P_COM),a
1700  0F47
1701  0F47 CD 88 0F     	call	ATA_WAIT_DRQ
1702  0F4A C2 7D 01     	jp	nz,@MAIN.ERROR
1703  0F4D DD E5        	push	ix
1704  0F4F E1           	pop	hl
1705  0F50 CD 2E 02     	call	@MAIN.WR_512
1706  0F53
1707  0F53 CD 88 0F     	call	ATA_WAIT_DRQ
1708  0F56 C2 7D 01     	jp	nz,@MAIN.ERROR
1709  0F59 CD 2E 02     	call	@MAIN.WR_512
1710  0F5C
1711  0F5C CD DD 01     	call	@MAIN.TST_BSY
1712  0F5F C2 7D 01     	jp	nz,@MAIN.ERROR
1713  0F62 CD FA 01     	call	@MAIN.TST_ERR
1714  0F65 C2 7D 01     	jp	nz,@MAIN.ERROR
1715  0F68 AF           	xor	a
1716  0F69 C9           	ret
1717  0F6A
1718  0F6A              ; Nastavi ATA28 registry pro jedinou podporovanou CF kartu MASTER.
1719  0F6A              ; Vstup: HL=horni 16 bitu LBA, DE=dolni 16 bitu LBA, B=pocet 512B sektoru.
1720  0F6A              ; Vystup: Z=OK, NZ=LBA mimo 28bitovy rozsah.
1721  0F6A              ATA_SETUP_LBA
1722  0F6A 7C           	ld	a,h
1723  0F6B E6 F0        	and	#F0
1724  0F6D 20 15        	jr	nz,ATA_LBA_RANGE
1725  0F6F 7C           	ld	a,h
1726  0F70 E6 0F        	and	#0F
1727  0F72 F6 E0        	or	#E0			;MASTER + LBA mode
1728  0F74 D3 DB        	out	(P_HEA),a
1729  0F76 78           	ld	a,b
1730  0F77 D3 CB        	out	(P_HSE),a
1731  0F79 7B           	ld	a,e
1732  0F7A D3 AF        	out	(P_NSE),a		;LBA 7..0
1733  0F7C 7A           	ld	a,d
1734  0F7D D3 D3        	out	(P_CYL),a		;LBA 15..8
1735  0F7F 7D           	ld	a,l
1736  0F80 D3 B7        	out	(P_CYH),a		;LBA 23..16
1737  0F82 AF           	xor	a
1738  0F83 C9           	ret
1739  0F84
1740  0F84              ATA_LBA_RANGE
1741  0F84 3E 10        	ld	a,%00010000		;seek/range error pro prevod v MAIN.ERROR
1742  0F86 B7           	or	a
1743  0F87 C9           	ret
1744  0F88
1745  0F88              ; Ceka na DRQ a zaroven osetri timeout a ATA ERR.
1746  0F88              ; Vystup: Z=DRQ pripraven, NZ=kod chyby.
1747  0F88              ATA_WAIT_DRQ
1748  0F88 CD DD 01     	call	@MAIN.TST_BSY
1749  0F8B C0           	ret	nz
1750  0F8C CB 47        	bit	0,a
1751  0F8E 20 06        	jr	nz,ATA_STATUS_ERROR
1752  0F90 CB 5F        	bit	3,a
1753  0F92 28 08        	jr	z,ATA_DRQ_ERROR
1754  0F94 AF           	xor	a
1755  0F95 C9           	ret
1756  0F96
1757  0F96              ATA_STATUS_ERROR
1758  0F96 DB A7        	in	a,(P_ERR)
1759  0F98 B7           	or	a
1760  0F99 C0           	ret	nz
1761  0F9A 3C           	inc	a			;ERR byl nastaven, nevracej falesne Z
1762  0F9B C9           	ret
1763  0F9C
1764  0F9C              ATA_DRQ_ERROR
1765  0F9C 3E 08        	ld	a,8
1766  0F9E B7           	or	a
1767  0F9F C9           	ret
1768  0FA0
1769  0FA0              ; Pracovni 256B VDT pro BSDOS je zarovnana na nejblizsi dalsi xx00.
1770  0FA0              BSDOS_VDT	equ	($+#FF)&$FF00
1771  0FA0              	ASSERT	(BSDOS_VDT & #FF) == 0
1772  0FA0
1773  0FA0              	endmodule
1774  0FA0              LEN_CF		equ	$-CF_ROUTINES_START
1775  0FA0
1776  0FA0              	ent
1777  85D2
1778  85D2              ;LEN		equ	$-144			;posun kvuli PITovi
1779  85D2
1780  85D2              ; TAB/TAB_DRV zde zadne bajty negeneruji.
1781  85D2              ; Pracovni VDT je v HDD bance na CFroutines.BSDOS_VDT.
1782  85D2
1783  85D2              ;END1		equ	$-MAIN.KKK+MAIN.SEM1
1784  85D2              END1		equ	$-MAIN.PRESKOC+MAIN.SEM1
1785  85D2
1786  85D2              ;		ent
1787  85D2
1788  85D2              		include "GUI.a80"
# file opened: GUI.a80
   1+ 85D2              ;dokumentace k FAT- bomba
   2+ 85D2              ;https://elm-chan.org/docs/fat_e.html
   3+ 85D2
   4+ 85D2              ;		include	"nasobeniHLDE.a80"
   5+ 85D2              ;		include	"draw.a80"
   6+ 85D2              		include	"draw-jugo.a80"
# file opened: draw-jugo.a80
   1++85D2              ;rutina na kresleni cary. pochazi z nejakeho jugoslavskeho casaku
   2++85D2              ;BC-ODKUD DE-KAM NAKRESLI CARU
   3++85D2              ;POCATEK VLEVO NAHORE (0,0)
   4++85D2              	module draw_jugo
   5++85D2 7A           DRAW	LD   A,D
   6++85D3 FE C0        	CP   192
   7++85D5 D0           	RET  NC
   8++85D6 78           	LD   A,B
   9++85D7 FE C0        	CP   192
  10++85D9 D0           	RET  NC
  11++85DA 3F           	CCF
  12++85DB 1F           	RRA
  13++85DC 37           	SCF
  14++85DD 1F           	RRA
  15++85DE A7           	AND  A
  16++85DF 1F           	RRA
  17++85E0 A8           	XOR  B
  18++85E1 E6 F8        	AND  248
  19++85E3 A8           	XOR  B
  20++85E4 67           	LD   H,A
  21++85E5 79           	LD   A,C
  22++85E6 07           	RLCA
  23++85E7 07           	RLCA
  24++85E8 07           	RLCA
  25++85E9 6F           	LD   L,A
  26++85EA E6 38        	AND  56
  27++85EC 2F           	CPL
  28++85ED 32 F2 85     	LD   (LAB+1),A
  29++85F0 AF           	XOR  A
  30++85F1 CB C7        LAB	SET  0,A
  31++85F3 08           	EX   AF,AF'
  32++85F4 7D           	LD   A,L
  33++85F5 A8           	XOR  B
  34++85F6 E6 C7        	AND  199
  35++85F8 A8           	XOR  B
  36++85F9 07           	RLCA
  37++85FA 07           	RLCA
  38++85FB 6F           	LD   L,A
  39++85FC 78           	LD   A,B
  40++85FD 92           	SUB  D
  41++85FE 06 00        	LD   B,0
  42++8600 30 03        	JR   NC,N1
  43++8602 ED 44        	NEG
  44++8604 04           	INC  B
  45++8605 57           N1	LD   D,A
  46++8606 79           	LD   A,C
  47++8607 93           	SUB  E
  48++8608 0E 00        	LD   C,0
  49++860A 30 03        	JR   NC,N2
  50++860C ED 44        	NEG
  51++860E 0C           	INC  C
  52++860F 5F           N2	LD   E,A
  53++8610 08           	EX   AF,AF'
  54++8611 F5           	PUSH AF
  55++8612 B6           	OR   (HL)
  56++8613 77           	LD   (HL),A
  57++8614 F1           	POP  AF
  58++8615 08           	EX   AF,AF'
  59++8616 B2           	OR   D
  60++8617 C8           	RET  Z
  61++8618 E5           	PUSH HL
  62++8619 7A           	LD   A,D
  63++861A BB           	CP   E
  64++861B 38 37        	JR   C,POX
  65++861D 21 78 86     	LD   HL,LEVO
  66++8620 CB 41        	BIT  0,C
  67++8622 28 03        	JR   Z,Y1
  68++8624 21 73 86     	LD   HL,DESNO
  69++8627 22 47 86     Y1	LD   (DIA+1),HL
  70++862A 21 90 86     	LD   HL,GORE
  71++862D CB 40        	BIT  0,B
  72++862F 28 03        	JR   Z,Y2
  73++8631 21 7D 86     	LD   HL,DOLE
  74++8634 22 4A 86     Y2	LD   (NAST+1),HL
  75++8637 4A           	LD   C,D
  76++8638 CB 39        N3	SRL  C
  77++863A DD 62        	LD   HX,D
  78++863C 08           	EX   AF,AF'
  79++863D 47           	LD   B,A
  80++863E E1           	POP  HL
  81++863F 79           LOOP	LD   A,C
  82++8640 93           	SUB  E
  83++8641 4F           	LD   C,A
  84++8642 30 05        	JR   NC,NAST
  85++8644 82           	ADD  A,D
  86++8645 4F           	LD   C,A
  87++8646 CD 00 00     DIA	CALL 0
  88++8649 CD 00 00     NAST	CALL 0
  89++864C 78           	LD   A,B
  90++864D B6           	OR   (HL)
  91++864E 77           	LD   (HL),A
  92++864F DD 25        	DEC  HX
  93++8651 20 EC        	JR   NZ,LOOP
  94++8653 C9           	RET
  95++8654 21 78 86     POX	LD   HL,LEVO
  96++8657 CB 41        	BIT  0,C
  97++8659 28 03        	JR   Z,X1
  98++865B 21 73 86     	LD   HL,DESNO
  99++865E 22 4A 86     X1	LD   (NAST+1),HL
 100++8661 21 90 86     	LD   HL,GORE
 101++8664 CB 40        	BIT  0,B
 102++8666 28 03        	JR   Z,X2
 103++8668 21 7D 86     	LD   HL,DOLE
 104++866B 22 47 86     X2	LD   (DIA+1),HL
 105++866E 4B           	LD   C,E
 106++866F 5A           	LD   E,D
 107++8670 51           	LD   D,C
 108++8671 18 C5        	JR   N3
 109++8673 CB 08        DESNO	RRC  B
 110++8675 D0           	RET  NC
 111++8676 23           	INC  HL
 112++8677 C9           	RET
 113++8678 CB 00        LEVO	RLC  B
 114++867A D0           	RET  NC
 115++867B 2B           	DEC  HL
 116++867C C9           	RET
 117++867D 24           DOLE	INC  H
 118++867E 7C           	LD   A,H
 119++867F E6 07        	AND  7
 120++8681 C0           	RET  NZ
 121++8682 7C           	LD   A,H
 122++8683 D6 08        	SUB  8
 123++8685 67           	LD   H,A
 124++8686 7D           	LD   A,L
 125++8687 C6 20        	ADD  A,32
 126++8689 6F           	LD   L,A
 127++868A D0           	RET  NC
 128++868B 7C           	LD   A,H
 129++868C C6 08        	ADD  A,8
 130++868E 67           	LD   H,A
 131++868F C9           	RET
 132++8690 25           GORE	DEC  H
 133++8691 7C           	LD   A,H
 134++8692 2F           	CPL
 135++8693 E6 07        	AND  7
 136++8695 C0           	RET  NZ
 137++8696 7C           	LD   A,H
 138++8697 C6 08        	ADD  A,8
 139++8699 67           	LD   H,A
 140++869A 7D           	LD   A,L
 141++869B D6 20        	SUB  32
 142++869D 6F           	LD   L,A
 143++869E D0           	RET  NC
 144++869F 7C           	LD   A,H
 145++86A0 D6 08        	SUB  8
 146++86A2 67           	LD   H,A
 147++86A3 C9           	RET
 148++86A4              	endmodule
 149++86A4
# file closed: draw-jugo.a80
   7+ 86A4              		include	"cls.a80"
# file opened: cls.a80
   1++86A4              	module	cls
   2++86A4 21 00 40     CLS	LD	HL,16384
   3++86A7 11 01 40     	LD	DE,16385
   4++86AA 01 FF 1A     	LD	BC,6911
   5++86AD 75           	LD	(HL),L
   6++86AE ED B0        	LDIR
   7++86B0 AF           	XOR	A
   8++86B1 D3 FE        	OUT	(254),A
   9++86B3 C9           	RET
  10++86B4              	endmodule
  11++86B4
# file closed: cls.a80
   8+ 86B4              ;		include	"sprite1.a80"
   9+ 86B4              CaroLogo	incbin	"CaroLogo.bin"
  10+ 89E9              NewdimLogo	incbin	"NewdimLogo.bin"
  11+ 8B0B              		include	"sprite2.a80"
# file opened: sprite2.a80
   1++8B0B              ; zobrazi sprite dle cisla v A pozice a data spritu jsou v tabulce SP_TAB; priklad nakonci!!!
   2++8B0B              ; zobrazuje sprites z programu SpriteEdit typ 2
   3++8B0B              	module sprite2
   4++8B0B              SP_
   5++8B0B
   6++8B0B 21 E0 93     	ld   hl,@SP_TAB
   7++8B0E 87           	add  a,a
   8++8B0F 87           	add  a,a
   9++8B10 16 00        	ld   d,0
  10++8B12 5F           	ld   e,a
  11++8B13 19           	add  hl,de
  12++8B14 5E           	ld   e,(hl)
  13++8B15 23           	inc  hl
  14++8B16 56           	ld   d,(hl)
  15++8B17 23           	inc  hl
  16++8B18 D5           	push de
  17++8B19 5E           	ld   e,(hl)
  18++8B1A 23           	inc  hl
  19++8B1B 56           	ld   d,(hl)
  20++8B1C EB           	ex   de,hl
  21++8B1D D1           	pop de
  22++8B1E
  23++8B1E              ;------------------------------
  24++8B1E              OK
  25++8B1E 46           	ld b,(hl)
  26++8B1F 23           	inc hl
  27++8B20 4E           	ld c,(hl)
  28++8B21 23           	inc hl
  29++8B22 7A           	ld   a,d
  30++8B23 0F           	rrca
  31++8B24 0F           	rrca
  32++8B25 0F           	rrca
  33++8B26 E6 E0        	and  %11100000
  34++8B28 83           	add  a,e
  35++8B29 5F           	ld   e,a
  36++8B2A 7A           	ld   a,d
  37++8B2B E6 18        	and  24
  38++8B2D F6 40        	or   64
  39++8B2F 57           	ld   d,a
  40++8B30
  41++8B30 D5           OK_SEM	push de
  42++8B31 C5           	push bc
  43++8B32 7A           	ld   a,d
  44++8B33 0F           	rrca
  45++8B34 0F           	rrca
  46++8B35 0F           	rrca
  47++8B36 E6 03        	and  3
  48++8B38 F6 58        	or   88
  49++8B3A 57           	ld   d,a
  50++8B3B
  51++8B3B              OK_RADE1 ;call DE_BAJT
  52++8B3B 7E           	ld a,(hl)
  53++8B3C 23           	inc hl
  54++8B3D
  55++8B3D 12           	ld   (de),a
  56++8B3E 1C           	inc  e
  57++8B3F 0D           	dec  c
  58++8B40 20 F9        	jr   nz,OK_RADE1
  59++8B42 C1           	pop  bc
  60++8B43 D1           	pop  de
  61++8B44
  62++8B44              OK_DALSI
  63++8B44 D5           	push de
  64++8B45 C5           	push bc
  65++8B46              OK_RADEK ;call DE_BAJT
  66++8B46 7E           	ld a,(hl)
  67++8B47 23           	inc hl
  68++8B48
  69++8B48 12           	ld   (de),a
  70++8B49 1C           	inc  e
  71++8B4A 0D           	dec  c
  72++8B4B 20 F9        	jr   nz,OK_RADEK
  73++8B4D C1           	pop  bc
  74++8B4E D1           	pop  de
  75++8B4F 14           	inc  d
  76++8B50 7A           	ld   a,d
  77++8B51 E6 07        	and  7
  78++8B53 20 EF        	jr   nz,OK_DALSI
  79++8B55 3E 20        	ld   a,32
  80++8B57 83           	add  a,e
  81++8B58 5F           	ld   e,a
  82++8B59 3F           	ccf
  83++8B5A 9F           	sbc  a,a
  84++8B5B E6 F8        	and  -8
  85++8B5D 82           	add  a,d
  86++8B5E 57           	ld   d,a
  87++8B5F 10 CF        	djnz OK_SEM
  88++8B61 C9           	ret
  89++8B62
  90++8B62 ~            /*
  91++8B62 ~            SP_TAB	defw #0B00  ;kam zobrazit
  92++8B62 ~            	defw 32768 ;odkud
  93++8B62 ~            */
  94++8B62              	endmodule
  95++8B62
# file closed: sprite2.a80
  12+ 8B62              eightbc_i	incbin	"8BC_I.cde"
  13+ 8BD0
  14+ 8BD0              ; EasyCF logo, 6x2 znakove bunky (48x16 pixelu).
  15+ 8BD0              ; Prvni dve bunky tvori CF kartu, zbytek napis Easy/CF.
  16+ 8BD0              ; Format sprite2: vyska v bunkach, sirka v bajtech a pro kazdy
  17+ 8BD0              ; znakovy radek nejdriv atributy, potom osm bitmapovych scanline.
  18+ 8BD0              EasyCFLogo
  19+ 8BD0 02 06        	db	2,6
  20+ 8BD2
  21+ 8BD2              EasyCFLogoAttrs
  22+ 8BD2 38 38 44 44  	db	56,56,68,68,68,70
  22+ 8BD6 44 46
  23+ 8BD8 80 03 74 00  	db	%10000000,%00000011,%01110100,%00000000,%00000011,%00000000
  23+ 8BDC 03 00
  24+ 8BDE 3F F9 60 E3  	db	%00111111,%11111001,%01100000,%11100011,%01011011,%00000000
  24+ 8BE2 5B 00
  25+ 8BE4 61 0D 78 36  	db	%01100001,%00001101,%01111000,%00110110,%00011011,%00000000
  25+ 8BE8 1B 00
  26+ 8BEA 4E E5 60 F3  	db	%01001110,%11100101,%01100000,%11110011,%10001111,%00000000
  26+ 8BEE 8F 00
  27+ 8BF0 5F F5 61 B0  	db	%01011111,%11110101,%01100001,%10110000,%11000011,%00000000
  27+ 8BF4 C3 00
  28+ 8BF6 51 15 7E FB  	db	%01010001,%00010101,%01111110,%11111011,%11101111,%00000000
  28+ 8BFA EF 00
  29+ 8BFC 57 75 00 00  	db	%01010111,%01110101,%00000000,%00000000,%00000000,%00000000
  29+ 8C00 00 00
  30+ 8C02 57 15 55 55  	db	%01010111,%00010101,%01010101,%01010101,%01010101,%00000000
  30+ 8C06 55 00
  31+ 8C08
  32+ 8C08              EasyCFLogoAttrsRow2
  33+ 8C08 38 38 0E 0E  	db	56,56,14,14,14,70
  33+ 8C0C 0E 46
  34+ 8C0E 57 75 00 00  	db	%01010111,%01110101,%00000000,%00000000,%00000000,%00000000
  34+ 8C12 00 00
  35+ 8C14 51 75 03 E7  	db	%01010001,%01110101,%00000011,%11100111,%11100000,%00000000
  35+ 8C18 E0 00
  36+ 8C1A 5F F5 07 37  	db	%01011111,%11110101,%00000111,%00110111,%00110000,%00000000
  36+ 8C1E 30 00
  37+ 8C20 6F ED 06 03  	db	%01101111,%11101101,%00000110,%00000011,%00000000,%00000000
  37+ 8C24 00 00
  38+ 8C26 7F FD 06 03  	db	%01111111,%11111101,%00000110,%00000011,%11100000,%00000000
  38+ 8C2A E0 00
  39+ 8C2C 55 55 07 37  	db	%01010101,%01010101,%00000111,%00110111,%00000000,%00000000
  39+ 8C30 00 00
  40+ 8C32 2A A9 03 E3  	db	%00101010,%10101001,%00000011,%11100011,%00000000,%00000000
  40+ 8C36 00 00
  41+ 8C38 80 03 00 00  	db	%10000000,%00000011,%00000000,%00000000,%00000000,%00000000
  41+ 8C3C 00 00
  42+ 8C3E              ;		include "lbaread.a80"	;vlozeno primo do kodu GUI
  43+ 8C3E              ;		include "sd_rw.asm"	;SD card init, read, write---dame to dozadu
  44+ 8C3E              zvuk		incbin	"ZVUK.BIN"
  45+ 93E0              zvukend
  46+ 93E0
  47+ 93E0              @SP_TAB
  48+ 93E0 0A 02        @TAB_sprite1	defb	10,2
  49+ 93E2 B4 86        		defw	CaroLogo
  50+ 93E4 18 14        		defb	24,20
  51+ 93E6 E9 89        		defw	NewdimLogo
  52+ 93E8 00 15        		defb	0,21
  53+ 93EA 62 8B        		defw	eightbc_i
  54+ 93EC 01 02        		defb	1,2
  55+ 93EE 62 8B        		defw	eightbc_i
  56+ 93F0 19 02        		defb	25,2
  57+ 93F2 D0 8B        		defw	EasyCFLogo
  58+ 93F4
  59+ 93F4
  60+ 93F4              	module	GUI
  61+ 93F4
  62+ 93F4              zvukcmp equ	60000		;adresa zkopilovaneho zvuku
  63+ 93F4
  64+ 93F4 F3           gui	di
  65+ 93F5              ;	xor	a
  66+ 93F5              ;	out	(254),a
  67+ 93F5
  68+ 93F5              ;;	call	SD_INIT		;testing purposes, was working good
  69+ 93F5              ;;	jp	L3+6
  70+ 93F5
  71+ 93F5              ;splash screen
  72+ 93F5 3A 09 80     	ld	a,(@showsplash)
  73+ 93F8 B7           	or	a
  74+ 93F9 28 3D        	jr	z,nosplash
  75+ 93FB
  76+ 93FB 21 3E 8C     	ld	hl,zvuk
  77+ 93FE 11 60 EA     	ld	de,zvukcmp
  78+ 9401 01 A2 07     	ld	bc,zvukend-zvuk
  79+ 9404 ED B0        	ldir
  80+ 9406              ; presune zvuk na sve misto
  81+ 9406
  82+ 9406              ; init
  83+ 9406 CD A4 86     	call	cls.CLS
  84+ 9409
  85+ 9409 3E 02        	ld	a,2
  86+ 940B CD 0B 8B     	call	sprite2.SP_
  87+ 940E 3E 01        	ld	a,1
  88+ 9410 06 0A        	ld	b,10		;was 40
  89+ 9412 CD 03 AD     	call	zvukplay
  90+ 9415
  91+ 9415 3E 01        	ld	a,1
  92+ 9417 CD 0B 8B     	call	sprite2.SP_
  93+ 941A 3E 02        	ld	a,2
  94+ 941C 06 0A        	ld	b,10		;was 40
  95+ 941E CD 03 AD     	call	zvukplay
  96+ 9421 AF           	xor	a
  97+ 9422 CD 0B 8B     	call	sprite2.SP_
  98+ 9425
  99+ 9425              ;/*	ld	hl,22528+256+32
 100+ 9425              ;	ld	de,22529+256+32
 101+ 9425              ;	ld	bc,255-32
 102+ 9425              ;	ld	(hl),6
 103+ 9425              ;	ldir
 104+ 9425              ;*/
 105+ 9425 21 5A 9E     	ld	hl,TEXT2
 106+ 9428 01 0D 0A     	ld	bc,#0a0d
 107+ 942B CD D3 A2     	call	T42_TEXT
 108+ 942E 3E 03        	ld	a,3
 109+ 9430 06 64        	ld	b,100		;was 128
 110+ 9432 CD 03 AD     	call	zvukplay
 111+ 9435 CD 99 EA     	call	zvukcmp+57	;ticho
 112+ 9438              ;	call	ANYKEY
 113+ 9438
 114+ 9438              nosplash
 115+ 9438 CD A4 86     	call	cls.CLS
 116+ 943B CD 9C A1     	call	T_START
 117+ 943E              ; vykresli tabulku
 118+ 943E 3E 03        	ld	a,3
 119+ 9440 CD 0B 8B     	call	sprite2.SP_
 120+ 9443 3E 04        	ld	a,4
 121+ 9445 CD 0B 8B     	call	sprite2.SP_
 122+ 9448
 123+ 9448              	; Barvy loga ze SCR: seda/bila CF karta, zelene Easy,
 124+ 9448              	; zlute CF na modrem podkladu.
 125+ 9448 21 D2 8B     	ld	hl,EasyCFLogoAttrs
 126+ 944B 11 59 58     	ld	de,#5859		; atributy: radek 2, sloupec 25
 127+ 944E 01 06 00     	ld	bc,6
 128+ 9451 ED B0        	ldir
 129+ 9453 21 08 8C     	ld	hl,EasyCFLogoAttrsRow2
 130+ 9456 11 79 58     	ld	de,#5879		; atributy: radek 3, sloupec 25
 131+ 9459 01 06 00     	ld	bc,6
 132+ 945C ED B0        	ldir
 133+ 945E 21 46 9E     	ld	hl,TEXT1		;vrchni prostredni tabulka
 134+ 9461
 135+ 9461              	IFDEF	ELEMENT
 136+ 9461 ~            	ld	bc,#020b
 137+ 9461              	ELSE
 138+ 9461 01 0C 02     	ld	bc,#020C
 139+ 9464              	ENDIF
 140+ 9464
 141+ 9464 CD D3 A2     	call	T42_TEXT
 142+ 9467 21 5A 9E     	ld	hl,TEXT2
 143+ 946A 01 0D 03     	ld	bc,#030d
 144+ 946D CD D3 A2     	call	T42_TEXT
 145+ 9470              ;carymary
 146+ 9470 01 3B 0E     	ld	bc,#0E3b
 147+ 9473 11 BF 0E     	ld	de,#0EBF
 148+ 9476 CD D2 85     	call	draw_jugo.DRAW
 149+ 9479 01 3B 21     	ld	bc,#213b
 150+ 947C 11 BF 21     	ld	de,#21BF
 151+ 947F CD D2 85     	call	draw_jugo.DRAW
 152+ 9482 01 3A 0F     	ld	bc,#0F3a
 153+ 9485 11 3A 20     	ld	de,#203a
 154+ 9488 CD D2 85     	call	draw_jugo.DRAW
 155+ 948B 01 C0 0F     	ld	bc,#0FC0
 156+ 948E 11 C0 20     	ld	de,#20C0
 157+ 9491 CD D2 85     	call	draw_jugo.DRAW
 158+ 9494
 159+ 9494              ;MASTER IDENTIFY
 160+ 9494 21 6D 9E     	ld	hl,TEXT3
 161+ 9497 01 02 05     	ld	bc,#0502
 162+ 949A CD D3 A2     	call	T42_TEXT
 163+ 949D
 164+ 949D 21 C0 9E     	ld	hl,TEXT8
 165+ 94A0 01 0D 05     	ld	bc,#050D
 166+ 94A3 CD D3 A2     	call	T42_TEXT	;piseme checking...
 167+ 94A6
 168+ 94A6 DD 21 03 A9  	ld	ix,BUFFER
 169+ 94AA AF           	xor	a			;CF je vzdy MASTER
 170+ 94AB CD F8 A7     	call	IDENTIFY
 171+ 94AE              ;	xor	a		;testovaci
 172+ 94AE 21 4B 9F     	ld	hl,TEXT16
 173+ 94B1 F5           	push	af
 174+ 94B2 28 22        	jr	z,TISKSTATUS1	;OK
 175+ 94B4 21 F8 9E     	ld	hl,TEXT11
 176+ 94B7 FE FF        	cp	255
 177+ 94B9 CA D6 94     	jp	z,TISKSTATUS1
 178+ 94BC 21 29 9F     	ld	hl,TEXT14
 179+ 94BF FE 06        	cp	6
 180+ 94C1 CA D6 94     	jp	z,TISKSTATUS1
 181+ 94C4 21 18 9F     	ld	hl,TEXT13
 182+ 94C7 FE 03        	cp	3
 183+ 94C9 CA D6 94     	jp	z,TISKSTATUS1
 184+ 94CC 21 07 9F     	ld	hl,TEXT12
 185+ 94CF 3D           	dec	a
 186+ 94D0 CA D6 94     	jp	z,TISKSTATUS1
 187+ 94D3 21 3A 9F     	ld	hl,TEXT15
 188+ 94D6
 189+ 94D6              ;	jp	LER1
 190+ 94D6
 191+ 94D6              TISKSTATUS1
 192+ 94D6 01 0D 05     	ld	bc,#050D
 193+ 94D9 CD D3 A2     	call	T42_TEXT
 194+ 94DC
 195+ 94DC F1           	pop	af
 196+ 94DD 28 1C        	jr	z,MASTERINFO
 197+ 94DF
 198+ 94DF 26 00        	ld	h,0
 199+ 94E1 6F           	ld	l,a
 200+ 94E2 01 26 05     	ld	bc,#0526
 201+ 94E5 CD AA A2     	call	NUMBER2
 202+ 94E8              ;pokud je General setting nastavena autoconfigurace, tak pri neuspesnem detekovani zarizeni se do CHS ulozi nuly a HDD pak nasledne nebude nainstalovan
 203+ 94E8 3A 07 80     	ld	a,(@autoconfig)
 204+ 94EB B7           	or	a
 205+ 94EC 28 0A        	jr	z,nemenCHSm1
 206+ 94EE AF           	xor	a
 207+ 94EF 06 04        	ld	b,4
 208+ 94F1 21 00 AE     	ld	hl,VDT
 209+ 94F4              nulydoCHSm
 210+ 94F4 77           	ld	(hl),a
 211+ 94F5 23           	inc	hl
 212+ 94F6 10 FC        	djnz	nulydoCHSm
 213+ 94F8              nemenCHSm1
 214+ 94F8 C3 8A 9D     	jp	end_easy		;MASTER CF chybi nebo neodpovida; SLAVE se nepodporuje
 215+ 94FB
 216+ 94FB              MASTERINFO
 217+ 94FB 21 79 9E     	ld	hl,TEXT4
 218+ 94FE 01 02 06     	ld	bc,#0602
 219+ 9501 CD D3 A2     	call	T42_TEXT
 220+ 9504 21 81 9E     	ld	hl,TEXT5
 221+ 9507 01 02 07     	ld	bc,#0702
 222+ 950A CD D3 A2     	call	T42_TEXT
 223+ 950D 21 8C 9E     	ld	hl,TEXT6
 224+ 9510 01 02 08     	ld	bc,#0802
 225+ 9513 CD D3 A2     	call	T42_TEXT
 226+ 9516 21 9C 9E     	ld	hl,TEXT7
 227+ 9519 01 02 09     	ld	bc,#0902
 228+ 951C CD D3 A2     	call	T42_TEXT
 229+ 951F 21 13 A0     	ld	hl,TEXT102
 230+ 9522 01 02 0A     	ld	bc,#0A02
 231+ 9525 CD D3 A2     	call	T42_TEXT
 232+ 9528
 233+ 9528              	; ATA IDENTIFY text fields are word-swapped.
 234+ 9528 21 39 A9     	ld	hl,BUFFER+54		;model, words 27-46
 235+ 952B 06 28        	ld	b,40
 236+ 952D CD AE A8     	call	PROHOD
 237+ 9530 DD 21 03 A9  	ld	ix,BUFFER
 238+ 9534 DD CB 54 FE  	set	7,(ix+84)		;31 znaku se vejde na radek GUI
 239+ 9538 21 39 A9     	ld	hl,BUFFER+54
 240+ 953B 01 09 06     	ld	bc,#0609
 241+ 953E CD D3 A2     	call	T42_TEXT
 242+ 9541
 243+ 9541 21 31 A9     	ld	hl,BUFFER+46		;firmware, words 23-26
 244+ 9544 06 08        	ld	b,8
 245+ 9546 CD AE A8     	call	PROHOD
 246+ 9549 DD CB 35 FE  	set	7,(ix+53)
 247+ 954D 21 31 A9     	ld	hl,BUFFER+46
 248+ 9550 01 0C 07     	ld	bc,#070C
 249+ 9553 CD D3 A2     	call	T42_TEXT
 250+ 9556
 251+ 9556 21 17 A9     	ld	hl,BUFFER+20		;serial number, words 10-19
 252+ 9559 06 14        	ld	b,20
 253+ 955B CD AE A8     	call	PROHOD
 254+ 955E DD CB 27 FE  	set	7,(ix+39)
 255+ 9562 21 17 A9     	ld	hl,BUFFER+20
 256+ 9565 01 11 08     	ld	bc,#0811
 257+ 9568 CD D3 A2     	call	T42_TEXT
 258+ 956B
 259+ 956B              	; LBA28 support: IDENTIFY word 49, bit 9.
 260+ 956B 21 8C 9F     	ld	hl,TEXT_NO
 261+ 956E DD CB 63 4E  	bit	1,(ix+99)
 262+ 9572 28 03        	jr	z,.cf_lba28
 263+ 9574 21 87 9F     	ld	hl,TEXT_YES
 264+ 9577              .cf_lba28
 265+ 9577 01 0D 09     	ld	bc,#090D
 266+ 957A CD D3 A2     	call	T42_TEXT
 267+ 957D
 268+ 957D              	; LBA48 support: IDENTIFY word 83, bit 10.
 269+ 957D 21 8C 9F     	ld	hl,TEXT_NO
 270+ 9580 3A AA A9     	ld	a,(BUFFER+167)
 271+ 9583 CB 57        	bit	2,a
 272+ 9585 28 03        	jr	z,.cf_lba48
 273+ 9587 21 87 9F     	ld	hl,TEXT_YES
 274+ 958A              .cf_lba48
 275+ 958A 01 1C 09     	ld	bc,#091C
 276+ 958D CD D3 A2     	call	T42_TEXT
 277+ 9590
 278+ 9590              	; DMA support: IDENTIFY word 49, bit 8.
 279+ 9590 21 8C 9F     	ld	hl,TEXT_NO
 280+ 9593 DD CB 63 46  	bit	0,(ix+99)
 281+ 9597 28 03        	jr	z,.cf_dma
 282+ 9599 21 87 9F     	ld	hl,TEXT_YES
 283+ 959C              .cf_dma
 284+ 959C 01 25 09     	ld	bc,#0925
 285+ 959F CD D3 A2     	call	T42_TEXT
 286+ 95A2
 287+ 95A2              	; LBA28 sector count (words 60-61) -> capacity in MiB (/2048).
 288+ 95A2 2A 7B A9     	ld	hl,(BUFFER+120)
 289+ 95A5 ED 5B 7D A9  	ld	de,(BUFFER+122)
 290+ 95A9 06 0B        	ld	b,11
 291+ 95AB              .cf_capacity_shift
 292+ 95AB CB 3A        	srl	d
 293+ 95AD CB 1B        	rr	e
 294+ 95AF CB 1C        	rr	h
 295+ 95B1 CB 1D        	rr	l
 296+ 95B3 10 F6        	djnz	.cf_capacity_shift
 297+ 95B5 22 B0 97     	ld	(zzbin),hl
 298+ 95B8 ED 53 B2 97  	ld	(zzbin+2),de
 299+ 95BC CD 66 97     	call	HL2ASCII32
 300+ 95BF 21 BD 97     	ld	hl,zzdec+9
 301+ 95C2 CB FE        	set	7,(hl)
 302+ 95C4 EB           	ex	de,hl			;HL = prvni platna ASCII cifra
 303+ 95C5 01 0C 0A     	ld	bc,#0A0C
 304+ 95C8 CD D3 A2     	call	T42_TEXT
 305+ 95CB C3 BF 97     	jp	next
 306+ 95CE
 307+ 95CE              ; Puvodni SD identifikacni vypis ponechan docasne jako nedostupna reference.
 308+ 95CE              MASTERINFO_SD_UNUSED
 309+ 95CE 21 79 9E     		ld	hl,TEXT4	;nejdriv vypise texty
 310+ 95D1 01 02 06     	ld	bc,#0602
 311+ 95D4 CD D3 A2     	call	T42_TEXT
 312+ 95D7 21 AE A0     	ld	hl,TEXT_CSD
 313+ 95DA 01 1F 06     	ld	bc,#061F
 314+ 95DD CD D3 A2     	call	T42_TEXT
 315+ 95E0 21 81 9E     	ld	hl,TEXT5
 316+ 95E3 01 02 07     	ld	bc,#0702
 317+ 95E6 CD D3 A2     	call	T42_TEXT
 318+ 95E9 21 8C 9E     	ld	hl,TEXT6
 319+ 95EC 01 02 08     	ld	bc,#0802
 320+ 95EF CD D3 A2     	call	T42_TEXT
 321+ 95F2
 322+ 95F2 21 9C 9E     	ld	hl,TEXT7
 323+ 95F5 01 02 09     	ld	bc,#0902
 324+ 95F8 CD D3 A2     	call	T42_TEXT
 325+ 95FB              ;	ld	hl,TEXT101
 326+ 95FB              ;	ld	bc,#0A02
 327+ 95FB              ;	call	T42_TEXT		;write protect davame pryc
 328+ 95FB              ;	ld	hl,TEXT_PART_TYPE
 329+ 95FB              ;	ld	bc,#0C02
 330+ 95FB CD D3 A2     	call	T42_TEXT
 331+ 95FE              ;	ld	hl,TEXT102
 332+ 95FE              ;	ld	bc,#0A15
 333+ 95FE              ;	call	T42_TEXT
 334+ 95FE              ;
 335+ 95FE              ;model-MID/OID/PNM
 336+ 95FE              ;	ld	hl,BUFFER+54
 337+ 95FE              ;	ld	b,40
 338+ 95FE              ;	call	PROHOD
 339+ 95FE DD 21 03 A9  	ld	ix,BUFFER
 340+ 9602 DD 7E 00     	ld	a,(ix)
 341+ 9605
 342+ 9605 FE 01        	cp	1
 343+ 9607 21 52 A0     	ld	hl,Manufacturer1
 344+ 960A 28 3F        	jr	z,mdl1
 345+ 960C FE 02        	cp	2
 346+ 960E 21 5B A0     	ld	hl,Manufacturer2
 347+ 9611 28 38        	jr	z,mdl1
 348+ 9613 FE 03        	cp	3
 349+ 9615 21 6B A0     	ld	hl,Manufacturer3
 350+ 9618 28 31        	jr	z,mdl1
 351+ 961A FE 1B        	cp	#1b
 352+ 961C 21 72 A0     	ld	hl,Manufacturer1b
 353+ 961F 28 2A        	jr	z,mdl1
 354+ 9621 FE 1D        	cp	#1d
 355+ 9623 21 79 A0     	ld	hl,Manufacturer1d
 356+ 9626 28 23        	jr	z,mdl1
 357+ 9628 FE 27        	cp	#27
 358+ 962A 21 7E A0     	ld	hl,Manufacturer27
 359+ 962D 28 1C        	jr	z,mdl1
 360+ 962F FE 31        	cp	#31
 361+ 9631 21 84 A0     	ld	hl,Manufacturer31
 362+ 9634 28 15        	jr	z,mdl1
 363+ 9636 FE 74        	cp	#74
 364+ 9638 21 91 A0     	ld	hl,Manufacturer74
 365+ 963B 28 0E        	jr	z,mdl1
 366+ 963D FE 9F        	cp	#9f			; Kingston SD (CID MID #9F)
 367+ 963F 21 9A A0     	ld	hl,Manufacturer9f
 368+ 9642 28 07        	jr	z,mdl1
 369+ 9644 DD 21 03 A9  	ld	ix,BUFFER
 370+ 9648 21 A2 A0     	ld	hl,ManufacturerOther	; unknown manufacturer
 371+ 964B
 372+ 964B              ;	set	7,(ix+84)
 373+ 964B
 374+ 964B 2B           mdl1	dec	hl
 375+ 964C 36 45        	ld	(hl),69
 376+ 964E 2B           	dec	hl
 377+ 964F 36 10        	ld	(hl),16		;obarvi
 378+ 9651 01 0A 05     	ld	bc,#050A
 379+ 9654 CD D3 A2     	call	T42_TEXT
 380+ 9657 21 A7 A0     	ld	hl,carka
 381+ 965A CD D3 A2     	call	T42_TEXT
 382+ 965D
 383+ 965D              ;card info
 384+ 965D DD CB 02 FE  	set	7,(ix+2)
 385+ 9661              ;	ld	bc,#0612
 386+ 9661 21 04 A9     	ld	hl,BUFFER+1
 387+ 9664 CD D3 A2     	call	T42_TEXT
 388+ 9667 E5           	push	hl
 389+ 9668 21 A7 A0     	ld	hl,carka
 390+ 966B CD D3 A2     	call	T42_TEXT
 391+ 966E E1           	pop	hl
 392+ 966F DD CB 07 FE  	set	7,(ix+7)
 393+ 9673              ;	ld	bc,#0615
 394+ 9673 23           	inc	hl
 395+ 9674 CD D3 A2     	call	T42_TEXT
 396+ 9677
 397+ 9677
 398+ 9677
 399+ 9677              ;firmware/ProductRevisionNr
 400+ 9677              ;	ld	hl,BUFFER+46
 401+ 9677              ;	ld	b,8
 402+ 9677              ;	call	PROHOD
 403+ 9677              ;	set	7,(ix+53)
 404+ 9677              ;
 405+ 9677              ;	ld	bc,#070C
 406+ 9677              ;	call	T42_TEXT
 407+ 9677
 408+ 9677 23           	inc	hl
 409+ 9678 7E           	ld	a,(hl)		; CID PRV: high nibble=major, low nibble=minor
 410+ 9679 47           	ld	b,a
 411+ 967A 0F           	rrca
 412+ 967B 0F           	rrca
 413+ 967C 0F           	rrca
 414+ 967D 0F           	rrca
 415+ 967E E6 0F        	and	#0f
 416+ 9680 C6 30        	add	a,'0'
 417+ 9682 32 AB A0     	ld	(REV_TEXT),a
 418+ 9685 78           	ld	a,b
 419+ 9686 E6 0F        	and	#0f
 420+ 9688 C6 30        	add	a,'0'
 421+ 968A F6 80        	or	#80		; posledni znak textu pro T42_TEXT
 422+ 968C 32 AD A0     	ld	(REV_TEXT+2),a
 423+ 968F 21 AB A0     	ld	hl,REV_TEXT
 424+ 9692 01 16 06     	ld	bc,#0616
 425+ 9695 CD D3 A2     	call	T42_TEXT
 426+ 9698
 427+ 9698              ;serial number/ProductSerialNr
 428+ 9698              ;	ld	hl,BUFFER+20
 429+ 9698              ;	ld	b,20
 430+ 9698              ;	call	PROHOD
 431+ 9698              ;	set	7,(ix+39)
 432+ 9698              ;
 433+ 9698              ;	ld	bc,#0811
 434+ 9698              ;	call	T42_TEXT
 435+ 9698
 436+ 9698 06 04        	ld	b,4
 437+ 969A 21 0C A9     	ld	hl,BUFFER+9
 438+ 969D 11 14 07     	ld	de,#0714
 439+ 96A0 C5           snm1	push	bc
 440+ 96A1 E5           	push	hl
 441+ 96A2 D5           	push	de
 442+ 96A3 6E           	ld	l,(hl)
 443+ 96A4 26 00        	ld	h,0
 444+ 96A6 C1           	pop	bc		;BC=DE=position
 445+ 96A7 CD AA A2     	call	NUMBER2
 446+ 96AA 0C           	inc	c
 447+ 96AB 21 A7 A0     	ld	hl,carka
 448+ 96AE CD D3 A2     	call	T42_TEXT
 449+ 96B1 E1           	pop	hl
 450+ 96B2 23           	inc	hl
 451+ 96B3 50           	ld	d,b
 452+ 96B4 59           	ld	e,c
 453+ 96B5 C1           	pop	bc
 454+ 96B6 10 E8        	djnz	snm1
 455+ 96B8
 456+ 96B8 D5           	push	de
 457+ 96B9 C1           	pop	bc
 458+ 96BA 0D           	dec	c
 459+ 96BB 21 27 9F     	ld	hl,TEXT13+15		;smaz posledni carku
 460+ 96BE CD D3 A2     	call	T42_TEXT
 461+ 96C1
 462+ 96C1              ;Manucfacturing Date (eg.#0133)
 463+ 96C1 DD 7E 0E     	ld	a,(ix+14)
 464+ 96C4 F5           	push	af
 465+ 96C5 E6 0F        	and	%00001111
 466+ 96C7 26 00        	ld	h,0
 467+ 96C9 6F           	ld	l,a
 468+ 96CA 01 16 08     	ld	bc,#0816
 469+ 96CD CD B0 A2     	call	NUMBER1
 470+ 96D0 0C           	inc	c
 471+ 96D1 21 A8 A0     	ld	hl,lomeno
 472+ 96D4 CD D3 A2     	call	T42_TEXT
 473+ 96D7 21 D0 07     	ld	hl,2000
 474+ 96DA DD 56 0D     	ld	d,(ix+13)
 475+ 96DD F1           	pop	af
 476+ 96DE C5           	push	bc
 477+ 96DF 06 04        	ld	b,4
 478+ 96E1 CB 1A        mnd1	rr	d
 479+ 96E3 CB 1F        	rr	a
 480+ 96E5 10 FA        	djnz	mnd1
 481+ 96E7 5F           	ld	e,a
 482+ 96E8 16 00        	ld	d,0
 483+ 96EA C1           	pop	bc
 484+ 96EB 19           	add	hl,de
 485+ 96EC CD A4 A2     	call	NUMBER3
 486+ 96EF
 487+ 96EF
 488+ 96EF
 489+ 96EF
 490+ 96EF              ;velikost karty
 491+ 96EF DD 7E 10     	ld	a,(ix+#10)
 492+ 96F2 E6 C0        	and	%11000000
 493+ 96F4
 494+ 96F4 FE 40        	cp	%01000000
 495+ 96F6 28 00        	jr	z,CSD20
 496+ 96F8              CSD10
 497+ 96F8              ;výpočet C_SIZE pro karty CSD v 2.0, funguje od 4 GB vyse
 498+ 96F8 DD 66 17     CSD20	ld	h,(ix+#17)
 499+ 96FB DD 6E 18     	ld	l,(ix+#18)
 500+ 96FE
 501+ 96FE 06 03        	ld	b,3
 502+ 9700 CB 3C        csd201	srl	h
 503+ 9702 CB 1D        	rr	l
 504+ 9704 10 FA        	djnz	csd201
 505+ 9706 23           	inc	hl
 506+ 9707
 507+ 9707 01 20 09     	ld	bc,#0920
 508+ 970A 7C           	ld	a,h
 509+ 970B B7           	or	a
 510+ 970C 28 0E        	jr	z,capacity_lt256
 511+ 970E
 512+ 970E              	; HL >= 256. Rozlisime 3 a 4 cifry (SDXC muze mit i 1024/2048 GB).
 513+ 970E 11 E8 03     	ld	de,1000
 514+ 9711 B7           	or	a
 515+ 9712 ED 52        	sbc	hl,de
 516+ 9714 19           	add	hl,de		; obnov HL bez zmeny hodnoty kapacity
 517+ 9715 30 1D        	jr	nc,capacity_4digits
 518+ 9717 CD AA A2     	call	NUMBER2		; 256..999 GB
 519+ 971A 18 1B        	jr	capacity_done
 520+ 971C
 521+ 971C              capacity_lt256
 522+ 971C 7D           	ld	a,l
 523+ 971D FE 0A        	cp	10
 524+ 971F 38 0E        	jr	c,capacity_1digit
 525+ 9721 FE 64        	cp	100
 526+ 9723 38 05        	jr	c,capacity_2digits
 527+ 9725 CD AA A2     	call	NUMBER2		; 100..255 GB
 528+ 9728 18 0D        	jr	capacity_done
 529+ 972A
 530+ 972A              capacity_2digits
 531+ 972A CD B0 A2     	call	NUMBER1		; 10..99 GB
 532+ 972D 18 08        	jr	capacity_done
 533+ 972F
 534+ 972F              capacity_1digit
 535+ 972F CD B6 A2     	call	NUMBER0		; 1..9 GB
 536+ 9732 18 03        	jr	capacity_done
 537+ 9734
 538+ 9734              capacity_4digits
 539+ 9734 CD A4 A2     	call	NUMBER3		; 1000..9999 GB
 540+ 9737
 541+ 9737              capacity_done
 542+ 9737 0C           	inc	c
 543+ 9738 21 A9 A0     	ld	hl,TEXT_GB
 544+ 973B CD D3 A2     	call	T42_TEXT
 545+ 973E
 546+ 973E
 547+ 973E
 548+ 973E              ;velikost cteci jednotky
 549+ 973E DD 7E 15     	ld	a,(ix+#15)
 550+ 9741 E6 0F        	and	%00001111
 551+ 9743
 552+ 9743 47           	ld	b,a
 553+ 9744 21 01 00     	ld	hl,1
 554+ 9747 29           vcj	add	hl,hl
 555+ 9748 10 FD        	djnz	vcj
 556+ 974A
 557+ 974A 01 0D 09     	ld	bc,#090D
 558+ 974D CD AA A2     	call	NUMBER2
 559+ 9750 ~            /*davame pryc, info je nepostatne
 560+ 9750 ~            ;permanent and temporal WP
 561+ 9750 ~            	bit	5,(ix+#1E)
 562+ 9750 ~            	ld	bc,#0A10
 563+ 9750 ~            	call	pertmp
 564+ 9750 ~
 565+ 9750 ~            	bit	4,(ix+#1E)
 566+ 9750 ~            	ld	bc,#0A22
 567+ 9750 ~            	call	pertmp
 568+ 9750 ~            */
 569+ 9750              ;CSD version
 570+ 9750 DD 7E 10     	ld	a,(ix+#10)
 571+ 9753 E6 C0        	and	%11000000
 572+ 9755 21 B5 A0     	ld	hl,TEXT_20
 573+ 9758 20 03        	jr	nz,csd1
 574+ 975A 21 B2 A0     	ld	hl,TEXT_10
 575+ 975D 01 24 06     csd1	ld	bc,#0624
 576+ 9760 CD D3 A2     	call	T42_TEXT
 577+ 9763 C3 BF 97     	jp	next
 578+ 9766 ~            /*
 579+ 9766 ~            pertmp	ld	hl,TEXT_YES
 580+ 9766 ~            	jr	nz,permyes
 581+ 9766 ~            	ld	hl,TEXT_NO
 582+ 9766 ~            	call	T42_TEXT
 583+ 9766 ~            	ld	hl,TEXT_NO
 584+ 9766 ~            permyes	ld	bc,#0A10
 585+ 9766 ~            	jp	T42_TEXT
 586+ 9766 ~            */
 587+ 9766
 588+ 9766
 589+ 9766
 590+ 9766 ~            /*
 591+ 9766 ~            16gb	hl=#E	14	0000 0000 0000 1110
 592+ 9766 ~            32	#1d	29	0000 0000 0001 1101
 593+ 9766 ~            64	#3b	59	0000 0000 0011 1011
 594+ 9766 ~            128	#76	118	0000 0000 0111 0110
 595+ 9766 ~            256	#ec	236	0000 0000 1110 1100
 596+ 9766 ~            512	#1de	478	0000 0001 1101 1110
 597+ 9766 ~            1024	#3bc	956	0000 0011 1011 1100
 598+ 9766 ~            2048	#778	1912	0000 0111 0111 1000
 599+ 9766 ~
 600+ 9766 ~
 601+ 9766 ~            Kapacita	C_SIZE
 602+ 9766 ~            16 GB	0076B2
 603+ 9766 ~            32 GB	00EC4F
 604+ 9766 ~            64 GB	01D89F
 605+ 9766 ~            128 GB	03B13F
 606+ 9766 ~            256 GB	07627F
 607+ 9766 ~            512 GB	0EEFFF
 608+ 9766 ~            1 TB	1DDFFF
 609+ 9766 ~            2 TB	3BBFFF (typicky)
 610+ 9766 ~            Maximum	3FFFFF
 611+ 9766 ~            */
 612+ 9766
 613+ 9766 ~            /*
 614+ 9766 ~            ;LBA
 615+ 9766 ~            	ld	hl,TEXT_NO
 616+ 9766 ~            	bit	1,(ix+99)
 617+ 9766 ~            	jr	z,L1
 618+ 9766 ~
 619+ 9766 ~            	ld	hl,TEXT_YES
 620+ 9766 ~            L1	ld	bc,#090D
 621+ 9766 ~            	call	T42_TEXT
 622+ 9766 ~
 623+ 9766 ~            ;DMA
 624+ 9766 ~            	ld	hl,TEXT_NO
 625+ 9766 ~            	bit	0,(ix+99)
 626+ 9766 ~            	jr	z,L2
 627+ 9766 ~
 628+ 9766 ~            	ld	hl,TEXT_YES
 629+ 9766 ~            L2	ld	bc,#0925
 630+ 9766 ~            	call	T42_TEXT
 631+ 9766 ~
 632+ 9766 ~            ;CHS
 633+ 9766 ~            ;Cylinders
 634+ 9766 ~            	ld	l,(ix+2)
 635+ 9766 ~            	ld	h,(ix+3)
 636+ 9766 ~            	ld	bc,#0A09
 637+ 9766 ~            	call	NUMBER4
 638+ 9766 ~            ;Heads
 639+ 9766 ~            	ld	l,(ix+6)
 640+ 9766 ~            	ld	h,(ix+7)
 641+ 9766 ~            	ld	bc,#0A0f
 642+ 9766 ~            	call	NUMBER1
 643+ 9766 ~            ;Sectors
 644+ 9766 ~            	ld	l,(ix+12)
 645+ 9766 ~            	ld	h,(ix+13)
 646+ 9766 ~            	ld	bc,#0A12
 647+ 9766 ~            	call	NUMBER1
 648+ 9766 ~            ;pokud je General setting nastavena autoconfigurace, tak pri uspesnem detekovani zarizeni se do CHS ulozi zjistene udaje
 649+ 9766 ~
 650+ 9766 ~            	ld	a,(@autoconfig)
 651+ 9766 ~            	or	a
 652+ 9766 ~            	jr	z,nemenCHSm2
 653+ 9766 ~            	ld	hl,VDT
 654+ 9766 ~            	ld	a,(ix+12)
 655+ 9766 ~            	ld	(hl),a
 656+ 9766 ~            	ld	a,(ix+6)
 657+ 9766 ~            	inc	hl
 658+ 9766 ~            	ld	(hl),a
 659+ 9766 ~            	ld	a,(ix+2)
 660+ 9766 ~            	inc	hl
 661+ 9766 ~            	ld	(hl),a
 662+ 9766 ~            	ld	a,(ix+3)
 663+ 9766 ~            	inc	hl
 664+ 9766 ~            	ld	(hl),a
 665+ 9766 ~
 666+ 9766 ~            nemenCHSm2
 667+ 9766 ~            ;capacity
 668+ 9766 ~            	ld	l,(ix+12)
 669+ 9766 ~            	ld	h,(ix+13)
 670+ 9766 ~            	ld	e,(ix+6)
 671+ 9766 ~            	ld	d,(ix+7)
 672+ 9766 ~
 673+ 9766 ~
 674+ 9766 ~            	push	ix		;rutina nasob pouziva IX
 675+ 9766 ~            	call	nasobeniHLDE.nasob
 676+ 9766 ~            	pop	ix
 677+ 9766 ~            	ld	e,(ix+2)
 678+ 9766 ~            	ld	d,(ix+3)
 679+ 9766 ~
 680+ 9766 ~            	push	ix
 681+ 9766 ~            	call	nasobeniHLDE.nasob
 682+ 9766 ~            ;vysledek je v IXHL
 683+ 9766 ~
 684+ 9766 ~            	ld	l,h
 685+ 9766 ~            	ld	a,xl
 686+ 9766 ~            	ld	h,a
 687+ 9766 ~            	ld	e,hx
 688+ 9766 ~
 689+ 9766 ~            ;delime 256 vysledek EHL
 690+ 9766 ~            	ld	b,3
 691+ 9766 ~            trikrat1
 692+ 9766 ~            	srl	e
 693+ 9766 ~            	rr	h
 694+ 9766 ~            	rr	l
 695+ 9766 ~            	djnz	trikrat1
 696+ 9766 ~            ;delime tremi
 697+ 9766 ~            	ld	bc,#0A1F
 698+ 9766 ~            	call	NUMBER4
 699+ 9766 ~
 700+ 9766 ~            	pop	ix
 701+ 9766 ~
 702+ 9766 ~            ;LBA 48Bits
 703+ 9766 ~
 704+ 9766 ~            	inc	hx
 705+ 9766 ~
 706+ 9766 ~            	ld	hl,TEXT_NO
 707+ 9766 ~            	bit	2,(ix-83)
 708+ 9766 ~            	jr	z,L3
 709+ 9766 ~
 710+ 9766 ~            	ld	hl,TEXT_YES
 711+ 9766 ~            L3	ld	bc,#091C
 712+ 9766 ~            	call	T42_TEXT
 713+ 9766 ~            */
 714+ 9766
 715+ 9766              ;28) (Busy's routine)
 716+ 9766              HL2ASCII32
 717+ 9766              ;Prevod bin->dec bez znamienka
 718+ 9766              ; in: zzbin
 719+ 9766              ;out: zzdec
 720+ 9766
 721+ 9766 C5           	push	bc
 722+ 9767 21 B4 97     bindec	ld	hl,zzdec            ;; Vynulovanie buffera dec
 723+ 976A 01 00 0A     	ld	bc,lldec*#0100
 724+ 976D 71           cls1	ld	(hl),c
 725+ 976E 23           	inc	hl
 726+ 976F 10 FC        	djnz	cls1
 727+ 9771 0E 20        	ld	c,8*llbin           ;; Opakuj pre kazdy bit bin:
 728+ 9773 CD A4 97     bndc0	call	binx2               ;; vyrotovanie bitu z bin
 729+ 9776 21 BE 97     	ld	hl,eedec
 730+ 9779 06 0A        	ld	b,lldec             ;; a zarotovanie toho bitu do dec
 731+ 977B 2B           bndc2	dec	hl
 732+ 977C 7E           	ld	a,(hl)
 733+ 977D 8F           	adc	a,a
 734+ 977E FE 0A        	cp	#0a
 735+ 9780 38 02        	jr	c,bndc3
 736+ 9782 D6 0A        	sub	#0a
 737+ 9784 77           bndc3	ld	(hl),a
 738+ 9785 3F           	ccf
 739+ 9786 10 F3        	djnz	bndc2
 740+ 9788 0D           	dec	c
 741+ 9789 20 E8        	jr	nz,bndc0
 742+ 978B
 743+ 978B 21 B4 97     	ld	hl,zzdec
 744+ 978E 06 0A        	ld	b,10		;; change it to ASCII
 745+ 9790              prev_ascii32
 746+ 9790 7E           	ld	a,(hl)
 747+ 9791 B7           	or	a
 748+ 9792 20 05        	jr	nz,asc32n
 749+ 9794 23           	inc	hl
 750+ 9795 10 F9        	djnz	prev_ascii32
 751+ 9797
 752+ 9797 04           	inc	b		;osetreni 0
 753+ 9798 2B           	dec	hl		;udelej misto pro zobrazeni "O"
 754+ 9799
 755+ 9799 54           asc32n	ld	d,h
 756+ 979A 5D           	ld	e,l		;; DE=ASCII number start
 757+ 979B
 758+ 979B 3E 30        asc32_n	ld	a,#30
 759+ 979D B6           	or	(hl)
 760+ 979E 77           	ld	(hl),a
 761+ 979F 23           	inc 	hl
 762+ 97A0 10 F9        	djnz	asc32_n
 763+ 97A2 C1           	pop	bc
 764+ 97A3 C9           	ret
 765+ 97A4
 766+ 97A4 21 B0 97     binx2	ld	hl,zzbin            ;; Nasobenie bin dvomi
 767+ 97A7 06 04        	ld	b,llbin
 768+ 97A9 AF           	xor	a
 769+ 97AA CB 16        bnxx2	rl	(hl)
 770+ 97AC 23           	inc	hl
 771+ 97AD 10 FB        	djnz	bnxx2
 772+ 97AF C9           	ret
 773+ 97B0
 774+ 97B0 FF FF FF FF  zzbin	db	#ff,#ff,#ff,#ff		;vstup v bajtech
 775+ 97B4              eebin
 776+ 97B4              llbin	=	eebin-zzbin
 777+ 97B4
 778+ 97B4 00 00 00 00  zzdec	db	0,0,0,0,0		;vystup v ASCII
 778+ 97B8 00
 779+ 97B9 06 05 05 03  	db	6,5,5,3,5
 779+ 97BD 05
 780+ 97BE              eedec
 781+ 97BE              lldec	=	eedec-zzdec
 782+ 97BE 00           	db	0			;zarážka pro tisk
 783+ 97BF
 784+ 97BF
 785+ 97BF              ;hledani prvni sectoru pro data
 786+ 97BF              ;prohledava se MBR, prvni partion, a hleda se v root dir. prvni datovy sector prvniho souboru
 787+ 97BF              ;prvni sektor disku je MBR:
 788+ 97BF              ;
 789+ 97BF              ;na 1BEh zacinaji parametry prvni partition (10h kazda)
 790+ 97BF              ;na 08h az 0Bh je cislo relativniho sektoru zacatku partition (nebo na 01h az 03h ve formatu hlava/sektor/cylindr)
 791+ 97BF              ;
 792+ 97BF              ;prvni sektor partition je BOOT a tam jsou tyto zajimave udaje:
 793+ 97BF              ;0Bh, 0Ch   pocet bytu na sektor
 794+ 97BF              ;0Eh, 0Fh   pocet sektoru pred prvni FAT
 795+ 97BF              ;10h   pocet FAT
 796+ 97BF              ;11h, 12h   pocet polozek v ROOTu
 797+ 97BF              ;16h, 17h   pocet sektoru ve FAT
 798+ 97BF              ;prvni datovy sektor je: zacatek_partition + sektoru_pred_FAT + sektoru_ve_FAT * pocet_FAT + polozek_v_ROOT * 20h / bytu_na_sektor
 799+ 97BF
 800+ 97BF
 801+ 97BF ~            /*
 802+ 97BF ~            1. Výpočet pro FAT16
 803+ 97BF ~            ********************
 804+ 97BF ~            Kořenový adresář u FAT16 má pevnou velikost a leží hned za poslední FAT tabulkou.
 805+ 97BF ~
 806+ 97BF ~            Vzorec (číslo sektoru od začátku disku/partice):
 807+ 97BF ~
 808+ 97BF ~            RootSector{FAT16}=ReservedSecCnt+(NumFATs x FATSize16)
 809+ 97BF ~
 810+ 97BF ~            Velikost root adresáře (v sektorech) se spočítá jako (RootEntCnt × 32 + BytsPerSec - 1) / BytsPerSec, ale jeho začátek je dán čistě součtem rezervovaných sektorů a obou FAT tabulek.
 811+ 97BF ~
 812+ 97BF ~            2. Výpočet pro FAT32
 813+ 97BF ~            Kořenový adresář u FAT32 nemá pevnou pozici, je to běžný cluster. Nejprve musíme spočítat začátek datové oblasti (DataSecStart) a k němu přičíst offset daný počátečním clusterem (RootClus).
 814+ 97BF ~
 815+ 97BF ~            Vzorec pro začátek datové oblasti (stejný jako FAT16):
 816+ 97BF ~
 817+ 97BF ~            DataSecStart=ReservedSecCnt+(NumFATs x FATSize32)
 818+ 97BF ~
 819+ 97BF ~            Vzorec pro počáteční sektor root adresáře (rootClus):
 820+ 97BF ~
 821+ 97BF ~            RootSector{FAT32}= DataSecStart+((RootClus-2) x SecPerClus)
 822+ 97BF ~
 823+ 97BF ~            (Odečítá se 2, protože clustery 0 a 1 v datové oblasti fyzicky neexistují – číslování datových clusterů začíná od 2).
 824+ 97BF ~
 825+ 97BF ~
 826+ 97BF ~
 827+ 97BF ~            Kde najít rootClus a SecPerClus (pro FAT32)
 828+ 97BF ~            *******************************************
 829+ 97BF ~            Obě hodnoty jsou uloženy v boot sektoru (v datové struktuře BPB – BIOS Parameter Block):
 830+ 97BF ~
 831+ 97BF ~            - SecPerClus (Sectors per Cluster): 1bajtová hodnota na offsetu 0x0D (decimálně 13) od začátku boot sektoru
 832+ 97BF ~
 833+ 97BF ~            - rootClus (Root Directory Start Cluster): 4bajtová hodnota na offsetu 0x2C (decimálně 44) od začátku boot sektoru (obvykle 2)
 834+ 97BF ~
 835+ 97BF ~            Výpočet počátečního sektoru Root Dir
 836+ 97BF ~            ************************************
 837+ 97BF ~            Pro výpočty používáme tyto proměnné z boot sektoru:
 838+ 97BF ~            - ReservedSecCnt = Počet rezervovaných sektorů (offset 0x0E (dec 14), 2 bajty)
 839+ 97BF ~            - NumFATs = Počet FAT tabulek (offset 0x10 (dec 16), 1 bajt, obvykle 2)
 840+ 97BF ~            - FATSize16 = Počet sektorů jedné FAT u FAT16 (offset 0x16 (dec 22), 2 bajty)
 841+ 97BF ~            - FATSize32 = Počet sektorů jedné FAT u FAT32 (offset 0x24 (dec 36), 4 bajty)
 842+ 97BF ~            - RootEntCnt = Maximální počet položek v root adresáři u FAT16 (offset 0x11 (dec 17), 2 bajty, obvykle 512)
 843+ 97BF ~            - BytsPerSec = Počet bajtů na sektor (offset 0x0B (dec 11), 2 bajty, obvykle 512)
 844+ 97BF ~            - SecPerClus = Počet sektorů na cluster (offset 0x0D (dec 13), 1 bajt)
 845+ 97BF ~            - RootClus = Počáteční cluster root adresáře u FAT32 (offset 0x2C (dec 44), 4 bajty)
 846+ 97BF ~
 847+ 97BF ~            */
 848+ 97BF
 849+ 97BF ~            /*
 850+ 97BF ~            1. k boot sektoru se umime dostat z MBR
 851+ 97BF ~            2. potřebné pro výpočet z boot sektoru, tyto hodnoty jsou relativni k zacatku partisny:
 852+ 97BF ~            ---------------------------------------------------------------------------------------
 853+ 97BF ~            BPB_BytesPerSec		offset	11	delka 2
 854+ 97BF ~            BPB_SecPerClus		offset	13	delka 1
 855+ 97BF ~            BPB_RsvdSecCnt		offset	14	delka 2
 856+ 97BF ~            BPB_NumFATs		offset  16	delka 1
 857+ 97BF ~
 858+ 97BF ~            FAT16:
 859+ 97BF ~                BPB_RootEntCnt	offset	17	delka 2
 860+ 97BF ~                BPB_FATSz16		offset	22	delka 2
 861+ 97BF ~
 862+ 97BF ~            FAT32:
 863+ 97BF ~                BPB_FATSz32		offset	36	delka 4
 864+ 97BF ~                BPB_RootClus	offset	44	delka 4
 865+ 97BF ~
 866+ 97BF ~
 867+ 97BF ~            3. vypocet prvniho datoveho sektoru
 868+ 97BF ~            --------------------------------
 869+ 97BF ~            FAT16
 870+ 97BF ~            Spočti velikost Root Directory:
 871+ 97BF ~
 872+ 97BF ~            RootDirSectors =
 873+ 97BF ~            (RootEntCnt × 32) / BytesPerSector
 874+ 97BF ~
 875+ 97BF ~            Potom:
 876+ 97BF ~            FirstDataSectorRel =
 877+ 97BF ~            RsvdSecCnt +
 878+ 97BF ~            NumFATs × FATSz16 +
 879+ 97BF ~            RootDirSectors
 880+ 97BF ~
 881+ 97BF ~            Absolutni LBA:
 882+ 97BF ~            FirstDataSectorAbs =
 883+ 97BF ~            PartitionStartLBA +
 884+ 97BF ~            FirstDataSectorRel
 885+ 97BF ~
 886+ 97BF ~
 887+ 97BF ~            FAT32
 888+ 97BF ~            Root Directory je součást datové oblasti.
 889+ 97BF ~
 890+ 97BF ~            Proto:
 891+ 97BF ~            FirstDataSectorRel =
 892+ 97BF ~            RsvdSecCnt +
 893+ 97BF ~            NumFATs × FATSz32
 894+ 97BF ~
 895+ 97BF ~            Absolutně:
 896+ 97BF ~            FirstDataSectorAbs =
 897+ 97BF ~            PartitionStartLBA +
 898+ 97BF ~            FirstDataSectorRel
 899+ 97BF ~
 900+ 97BF ~
 901+ 97BF ~            4. Načti Root Directory
 902+ 97BF ~            -----------------------
 903+ 97BF ~            FAT16
 904+ 97BF ~
 905+ 97BF ~            Root Directory začíná na:
 906+ 97BF ~            RootDirLBA =
 907+ 97BF ~            PartitionStartLBA +
 908+ 97BF ~            RsvdSecCnt +
 909+ 97BF ~            NumFATs × FATSz16
 910+ 97BF ~
 911+ 97BF ~            Je pevně daný.
 912+ 97BF ~
 913+ 97BF ~            FAT32
 914+ 97BF ~
 915+ 97BF ~            Root Directory začíná v clusteru:
 916+ 97BF ~            RootCluster = BPB_RootClus
 917+ 97BF ~
 918+ 97BF ~            (obvykle 2)
 919+ 97BF ~
 920+ 97BF ~            První sektor Root Directory:
 921+ 97BF ~            RootDirLBA =
 922+ 97BF ~            FirstDataSectorAbs +
 923+ 97BF ~            (RootCluster − 2) × SecPerClus
 924+ 97BF ~
 925+ 97BF ~
 926+ 97BF ~
 927+ 97BF ~            5. Najdi soubor MBD / MBH
 928+ 97BF ~            -------------------------
 929+ 97BF ~            Projdi prvních 8 položek.
 930+ 97BF ~
 931+ 97BF ~            Přečti:
 932+ 97BF ~
 933+ 97BF ~            FAT16:
 934+ 97BF ~            DIR_FstClusLO
 935+ 97BF ~
 936+ 97BF ~            FAT32:
 937+ 97BF ~            DIR_FstClusHI
 938+ 97BF ~            DIR_FstClusLO
 939+ 97BF ~
 940+ 97BF ~            Vznikne:
 941+ 97BF ~            FirstCluster
 942+ 97BF ~
 943+ 97BF ~
 944+ 97BF ~            6. Převod clusteru na LBA
 945+ 97BF ~            -------------------------
 946+ 97BF ~            Platí pro FAT16 i FAT32 stejně:
 947+ 97BF ~
 948+ 97BF ~            FirstFileLBA =
 949+ 97BF ~            FirstDataSectorAbs +
 950+ 97BF ~            (FirstCluster − 2) × SecPerClus
 951+ 97BF ~
 952+ 97BF ~            Hotovo.
 953+ 97BF ~
 954+ 97BF ~
 955+ 97BF ~            Celý algoritmus
 956+ 97BF ~            ---------------
 957+ 97BF ~            MBR
 958+ 97BF ~             │
 959+ 97BF ~             ├── PartitionStartLBA
 960+ 97BF ~             │
 961+ 97BF ~             ▼
 962+ 97BF ~            Boot Sector
 963+ 97BF ~             │
 964+ 97BF ~             ├── SecPerClus
 965+ 97BF ~             ├── Reserved
 966+ 97BF ~             ├── FATSize
 967+ 97BF ~             ├── RootEntries (FAT16)
 968+ 97BF ~             └── RootCluster (FAT32)
 969+ 97BF ~             │
 970+ 97BF ~             ▼
 971+ 97BF ~            FirstDataSectorAbs
 972+ 97BF ~             │
 973+ 97BF ~             ▼
 974+ 97BF ~            Root Directory
 975+ 97BF ~             │
 976+ 97BF ~             ▼
 977+ 97BF ~            Najdi MBD / MBH
 978+ 97BF ~             │
 979+ 97BF ~             ▼
 980+ 97BF ~            FirstCluster
 981+ 97BF ~             │
 982+ 97BF ~             ▼
 983+ 97BF ~            FirstFileLBA
 984+ 97BF ~            */
 985+ 97BF
 986+ 97BF              ;tab_part	db	0,4,15,26	;sloupec tisku hodnot pro 4 partisny
 987+ 97BF
 988+ 97BF              next
 989+ 97BF 21 28 A0     	ld	hl,TEXTPARSEC
 990+ 97C2 01 02 0C     	ld	bc,#0C02
 991+ 97C5 CD D3 A2     	call	T42_TEXT
 992+ 97C8
 993+ 97C8              ;novy kod- testuje vsechny 4 partisny
 994+ 97C8              ;nejprve nacteme MBR
 995+ 97C8
 996+ 97C8 3E 04        		ld	a,4		;pocet partisen
 997+ 97CA DD 21 C1 AA  		ld	ix,BUFFER+446	;prvni partisna
 998+ 97CE 06 0D        		ld	b,#0D	;radek (meni se pro kazdou partisnu)
 999+ 97D0 21 00 AE     		ld	hl,VDT
1000+ 97D3 22 B1 9C     		ld	(VDT_pointer+1),hl
1001+ 97D6
1002+ 97D6              test_partitions				;loop start
1003+ 97D6 0E 02        		ld	c,2		;sloupec vzdy zaciname na 2 (posouva se spolu s tiskem)
1004+ 97D8 F5           		push	af		;A= poradove cislo partisny (4-0)
1005+ 97D9 DD E5        		push	ix		;zacatek udaje o partisne v MBR
1006+ 97DB C5           		push	bc		;radek+sloupec
1007+ 97DC
1008+ 97DC DD 21 03 A9  		ld	ix,BUFFER
1009+ 97E0 21 00 00     		ld	hl,0
1010+ 97E3 54           		ld	d,h
1011+ 97E4 5C           		ld	e,h
1012+ 97E5 CD 1E A8     		call	ATA_READ
1013+ 97E8
1014+ 97E8 C1           		pop	bc
1015+ 97E9 DD E1        		pop	ix
1016+ 97EB DD E5        		push	ix
1017+ 97ED C5           		push	bc
1018+ 97EE
1019+ 97EE              ;		ld	a,#C
1020+ 97EE              ;		ld	(no_partition+1),a	;init print pozice
1021+ 97EE
1022+ 97EE              ;Nejdriv rozhodneme, zda LBA 0 neni primo FAT boot sektor (superfloppy).
1023+ 97EE              ;Teprve kdyz neni, smime oblast od offsetu 446 interpretovat jako MBR tabulku.
1024+ 97EE              ;Kontroly se delaji primo v BUFFERu, protoze IX v tomto miste ukazuje na MBR entry.
1025+ 97EE
1026+ 97EE 3A 03 A9     		ld	a,(BUFFER+0)		;boot jump EB xx 90 nebo E9 xx xx
1027+ 97F1 FE EB        		cp	#EB
1028+ 97F3 28 04        		jr	z,sf_check_bps
1029+ 97F5 FE E9        		cp	#E9
1030+ 97F7 20 7B        		jr	nz,not_superfloppy
1031+ 97F9
1032+ 97F9              sf_check_bps
1033+ 97F9 2A 0E A9     		ld	hl,(BUFFER+11)	;BytesPerSector musi byt 512 = #0200
1034+ 97FC 11 00 02     		ld	de,#0200
1035+ 97FF B7           		or	a
1036+ 9800 ED 52        		sbc	hl,de
1037+ 9802 20 70        		jr	nz,not_superfloppy
1038+ 9804
1039+ 9804 3A 10 A9     		ld	a,(BUFFER+13)	;SecPerClus nesmi byt 0
1040+ 9807 B7           		or	a
1041+ 9808 28 6A        		jr	z,not_superfloppy
1042+ 980A
1043+ 980A 2A 11 A9     		ld	hl,(BUFFER+14)	;ReservedSectorCount nesmi byt 0
1044+ 980D 7C           		ld	a,h
1045+ 980E B5           		or	l
1046+ 980F 28 63        		jr	z,not_superfloppy
1047+ 9811
1048+ 9811 3A 13 A9     		ld	a,(BUFFER+16)	;NumFATs nesmi byt 0
1049+ 9814 B7           		or	a
1050+ 9815 28 5D        		jr	z,not_superfloppy
1051+ 9817
1052+ 9817 2A 01 AB     		ld	hl,(BUFFER+510)	;boot signature 55 AA
1053+ 981A 11 55 AA     		ld	de,#AA55
1054+ 981D B7           		or	a
1055+ 981E ED 52        		sbc	hl,de
1056+ 9820 20 52        		jr	nz,not_superfloppy
1057+ 9822
1058+ 9822              ;Rozliseni FAT16/FAT32 podle struktury BPB.
1059+ 9822 2A 14 A9     		ld	hl,(BUFFER+17)	;RootEntCnt: FAT16 !=0, FAT32 =0
1060+ 9825 7C           		ld	a,h
1061+ 9826 B5           		or	l
1062+ 9827 20 1D        		jr	nz,sf_fat16
1063+ 9829
1064+ 9829 2A 19 A9     		ld	hl,(BUFFER+22)	;FATSz16: FAT16 !=0, FAT32 =0
1065+ 982C 7C           		ld	a,h
1066+ 982D B5           		or	l
1067+ 982E 20 16        		jr	nz,sf_fat16
1068+ 9830
1069+ 9830 2A 27 A9     		ld	hl,(BUFFER+36)	;u FAT32 musi byt FATSz32 nenulove
1070+ 9833 ED 5B 29 A9  		ld	de,(BUFFER+38)
1071+ 9837 7C           		ld	a,h
1072+ 9838 B5           		or	l
1073+ 9839 B2           		or	d
1074+ 983A B3           		or	e
1075+ 983B 28 37        		jr	z,not_superfloppy
1076+ 983D
1077+ 983D              ;Superfloppy FAT32
1078+ 983D              sf_fat32
1079+ 983D 21 02 A9     		ld	hl,fat_type
1080+ 9840 CB C6        		set	0,(hl)
1081+ 9842 3E 0C        		ld	a,4+8			;bit2=superfloppy, bit3=FAT32
1082+ 9844 18 07        		jr	sf_type_ready
1083+ 9846
1084+ 9846              ;Superfloppy FAT16
1085+ 9846              sf_fat16
1086+ 9846 21 02 A9     		ld	hl,fat_type
1087+ 9849 CB 86        		res	0,(hl)
1088+ 984B 3E 04        		ld	a,4			;bit2=superfloppy, bit3=0=FAT16
1089+ 984D
1090+ 984D              sf_type_ready
1091+ 984D 2A B1 9C     		ld	hl,(VDT_pointer+1)
1092+ 9850 77           		ld	(hl),a
1093+ 9851
1094+ 9851              ;U superfloppy vypiseme nejen SFl, ale i skutecny FAT typ.
1095+ 9851              ;Bit 3 info bajtu: 0=FAT16, 1=FAT32.
1096+ 9851 21 02 A1     		ld	hl,TEXT_SFL16
1097+ 9854 CB 5F        		bit	3,a
1098+ 9856 28 03        		jr	z,sf_text_ready
1099+ 9858 21 0B A1     		ld	hl,TEXT_SFL32
1100+ 985B
1101+ 985B              sf_text_ready
1102+ 985B C1           		pop	bc			;obnov tiskovou pozici stejne jako part_text
1103+ 985C CD D3 A2     		call	T42_TEXT
1104+ 985F 0D           		dec	c			;TEXT_SFL16/32 je o 4 znaky delsi nez F16/F32
1105+ 9860 0D           		dec	c			;vrat tiskovou pozici pro dalsi sloupec
1106+ 9861 0D           		dec	c
1107+ 9862 0D           		dec	c
1108+ 9863
1109+ 9863              ;Superfloppy ma jen jeden filesystem. Upravime ulozeny citac smycky na 1,
1110+ 9863              ;aby se po jeho zpracovani netestovaly dalsi tri fiktivni MBR polozky.
1111+ 9863 DD E1        		pop	ix			;puvodni pointer na prvni MBR entry
1112+ 9865 F1           		pop	af			;puvodne A=4
1113+ 9866 3E 01        		ld	a,1
1114+ 9868 F5           		push	af
1115+ 9869 DD E5        		push	ix
1116+ 986B
1117+ 986B 21 00 00     		ld	hl,0			;Boot sector superfloppy je absolutni LBA 0
1118+ 986E 11 00 00     		ld	de,0
1119+ 9871 C3 8F 99     		jp	MBRno
1120+ 9874
1121+ 9874              not_superfloppy
1122+ 9874              ;LBA 0 neni FAT boot sektor, muzeme ho interpretovat jako MBR.
1123+ 9874              ;MBR je v bufferu
1124+ 9874 DD 7E 04     		ld	a,(ix+4)		;test, zda je partisna vubec pritomna
1125+ 9877 B7           		or	a			;0= partisna neni obsazena
1126+ 9878 CA D2 9C     		jp	z,no_partition
1127+ 987B
1128+ 987B              ;	set	0,(ix-1)	;nastav priznak FAT32
1129+ 987B 21 02 A9     	ld	hl,fat_type
1130+ 987E CB C6        	set	0,(hl)
1131+ 9880 06 09        	ld	b,9		;bity 0,3=1= FAT32
1132+ 9882 21 CC A0     	ld	hl,TEXT_FAT32	;test typu oddilu, bud FAT16/32/other
1133+ 9885              ;	ld	bc,#0c12
1134+ 9885 FE 0B        	cp	#B		;pro typ oddilu FAT32
1135+ 9887 CA 4B 99     	jp	z,part_text
1136+ 988A FE 0C        	cp	#C
1137+ 988C CA 4B 99     	jp	z,part_text
1138+ 988F
1139+ 988F 21 02 A9     	ld	hl,fat_type
1140+ 9892 CB 86        	res	0,(hl)
1141+ 9894              ;	res	0,(ix-1)	;nastav priznak FAT16
1142+ 9894 21 C7 A0     	ld	hl,TEXT_FAT16
1143+ 9897 06 01        	ld	b,1		;bit 1=1, bit 3=0= FAT16
1144+ 9899 FE 06        	cp	6		;pro typ oddilu FAT16
1145+ 989B CA 4B 99     	jp	z,part_text
1146+ 989E FE 04        	cp	4
1147+ 98A0 CA 4B 99     	jp	z,part_text
1148+ 98A3 FE 0E        	cp	#E
1149+ 98A5 CA 4B 99     	jp	z,part_text
1150+ 98A8
1151+ 98A8              ; Nepodporovane filesystemy se pokusime pojmenovat.
1152+ 98A8              ; VDT info zustava 0, takze jsou stale pro EasySD nepouzitelne.
1153+ 98A8 FE 49        	cp	#49			; MDOS3 raw partition, obvykle bootovaci
1154+ 98AA CA D4 98     	jp	z,part_mdos3
1155+ 98AD FE 05        	cp	#05			; Extended partition (CHS)
1156+ 98AF CA DB 98     	jp	z,part_extended
1157+ 98B2 FE 0F        	cp	#0F			; Extended partition (LBA)
1158+ 98B4 CA DB 98     	jp	z,part_extended
1159+ 98B7 FE 07        	cp	#07			; HPFS/NTFS/exFAT - rozlisime z boot sektoru
1160+ 98B9 CA E9 98     	jp	z,part_type_07
1161+ 98BC FE 83        	cp	#83			; Linux native (ext2/ext3/ext4...)
1162+ 98BE CA CD 98     	jp	z,part_linux
1163+ 98C1 FE EE        	cp	#EE			; GPT protective MBR
1164+ 98C3 CA E2 98     	jp	z,part_gpt
1165+ 98C6
1166+ 98C6              part_other
1167+ 98C6 21 FB A0     	ld	hl,TEXT_OTHER
1168+ 98C9 06 00        	ld	b,0
1169+ 98CB 18 7E        	jr	part_text
1170+ 98CD
1171+ 98CD              part_linux
1172+ 98CD 21 DE A0     	ld	hl,TEXT_LINUX
1173+ 98D0 06 00        	ld	b,0
1174+ 98D2 18 77        	jr	part_text
1175+ 98D4
1176+ 98D4              part_mdos3
1177+ 98D4 21 E5 A0     	ld	hl,TEXT_MDOS3
1178+ 98D7 06 00        	ld	b,0			; rozpoznana, ale pro EasyCF nepouzitelna
1179+ 98D9 18 70        	jr	part_text
1180+ 98DB
1181+ 98DB              part_extended
1182+ 98DB 21 F1 A0     	ld	hl,TEXT_EXTENDED
1183+ 98DE 06 00        	ld	b,0
1184+ 98E0 18 69        	jr	part_text
1185+ 98E2
1186+ 98E2              part_gpt
1187+ 98E2 21 EC A0     	ld	hl,TEXT_GPT
1188+ 98E5 06 00        	ld	b,0
1189+ 98E7 18 62        	jr	part_text
1190+ 98E9
1191+ 98E9              ; MBR type #07 je spolecny pro NTFS i exFAT.
1192+ 98E9              ; Nacteme pouze boot sektor teto partition do BUFFER2, abychom neprepsali MBR v BUFFERu.
1193+ 98E9              ; OEM ID je od offsetu +3: "NTFS    " nebo "EXFAT   ".
1194+ 98E9              part_type_07
1195+ 98E9 DD E5        	push	ix
1196+ 98EB              	; ATA_READ expects HL=upper 16 bits LBA, DE=lower 16 bits LBA
1197+ 98EB DD 5E 08     	ld	e,(ix+8)
1198+ 98EE DD 56 09     	ld	d,(ix+9)
1199+ 98F1 DD 6E 0A     	ld	l,(ix+10)
1200+ 98F4 DD 66 0B     	ld	h,(ix+11)
1201+ 98F7 DD 21 03 AB  	ld	ix,BUFFER2
1202+ 98FB CD 1E A8     	call	ATA_READ
1203+ 98FE DD E1        	pop	ix
1204+ 9900
1205+ 9900 3A 06 AB     	ld	a,(BUFFER2+3)
1206+ 9903 FE 4E        	cp	'N'
1207+ 9905 20 1C        	jr	nz,part_check_exfat
1208+ 9907 3A 07 AB     	ld	a,(BUFFER2+4)
1209+ 990A FE 54        	cp	'T'
1210+ 990C 20 15        	jr	nz,part_check_exfat
1211+ 990E 3A 08 AB     	ld	a,(BUFFER2+5)
1212+ 9911 FE 46        	cp	'F'
1213+ 9913 20 0E        	jr	nz,part_check_exfat
1214+ 9915 3A 09 AB     	ld	a,(BUFFER2+6)
1215+ 9918 FE 53        	cp	'S'
1216+ 991A 20 07        	jr	nz,part_check_exfat
1217+ 991C 21 D1 A0     	ld	hl,TEXT_NTFS
1218+ 991F 06 00        	ld	b,0
1219+ 9921 18 28        	jr	part_text
1220+ 9923
1221+ 9923              part_check_exfat
1222+ 9923 3A 06 AB     	ld	a,(BUFFER2+3)
1223+ 9926 FE 45        	cp	'E'
1224+ 9928 20 9C        	jr	nz,part_other
1225+ 992A 3A 07 AB     	ld	a,(BUFFER2+4)
1226+ 992D FE 58        	cp	'X'
1227+ 992F 20 95        	jr	nz,part_other
1228+ 9931 3A 08 AB     	ld	a,(BUFFER2+5)
1229+ 9934 FE 46        	cp	'F'
1230+ 9936 20 8E        	jr	nz,part_other
1231+ 9938 3A 09 AB     	ld	a,(BUFFER2+6)
1232+ 993B FE 41        	cp	'A'
1233+ 993D 20 87        	jr	nz,part_other
1234+ 993F 3A 0A AB     	ld	a,(BUFFER2+7)
1235+ 9942 FE 54        	cp	'T'
1236+ 9944 20 80        	jr	nz,part_other
1237+ 9946 21 D7 A0     	ld	hl,TEXT_EXFAT
1238+ 9949 06 00        	ld	b,0
1239+ 994B
1240+ 994B              part_text
1241+ 994B E5           	push	hl
1242+ 994C 78           	ld	a,b
1243+ 994D 2A B1 9C     	ld	hl,(VDT_pointer+1)
1244+ 9950 77           	ld	(hl),a
1245+ 9951 E1           	pop	hl
1246+ 9952 C1           	pop	bc
1247+ 9953 CD D3 A2     	call	T42_TEXT
1248+ 9956
1249+ 9956              ; Pokud je typ partition OTHER, zde zpracovani konci.
1250+ 9956              ; Info bajt VDT je 0, tedy partition je pro EasySD nepouzitelna.
1251+ 9956              ; Nesmime pokracovat do load_boot, jinak bychom cizí filesystem
1252+ 9956              ; (NTFS/exFAT/...) interpretovali jako FAT a poskodili i zarovnani VDT.
1253+ 9956 C5           	push	bc			;tiskova pozice pro ep2
1254+ 9957 2A B1 9C     	ld	hl,(VDT_pointer+1)
1255+ 995A 7E           	ld	a,(hl)
1256+ 995B B7           	or	a
1257+ 995C 20 06        	jr	nz,partition_is_fat
1258+ 995E 01 20 00     	ld	bc,32			;preskoc cely VDT zaznam OTHER
1259+ 9961 C3 BE 9C     	jp	ep3
1260+ 9964
1261+ 9964              partition_is_fat
1262+ 9964 C1           	pop	bc			;FAT cesta ma BC dale mimo stack jako dosud
1263+ 9965
1264+ 9965              					;ted hledame boot sektor pro dany oddil
1265+ 9965 2A 01 AB     		ld	hl,(BUFFER2-2)
1266+ 9968 11 55 AA     		ld	de,#AA55		;znacka platneho zaznamu MBR
1267+ 996B B7           		or	a
1268+ 996C ED 52        		sbc	hl,de
1269+ 996E 28 13        		jr	z,load_boot	;Z=tabulka MBR je platna
1270+ 9970
1271+ 9970              ;Neni FAT boot sektor ani platna MBR signatura.
1272+ 9970 18 00        		jr	not_boot
1273+ 9972
1274+ 9972 C1           not_boot	pop	bc		;nejde ani o boot sektor, medium nema smysluplna data, konec
1275+ 9973 DD E1        		pop	ix
1276+ 9975 F1           		pop	af
1277+ 9976
1278+ 9976 2A B1 9C     		ld	hl,(VDT_pointer+1)
1279+ 9979 36 00        		ld	(hl),0		;info bajt=0
1280+ 997B
1281+ 997B 21 14 A1     		ld	hl,TEXT_NODATA
1282+ 997E CD D3 A2     		call	T42_TEXT
1283+ 9981 F3           		di
1284+ 9982 76           		halt			;zatim
1285+ 9983              ;vytisknout, ze medium nema smylsuplna data a konec
1286+ 9983
1287+ 9983              ; pravděpodobně FAT Boot Sector
1288+ 9983 ~            /*stary test davame pryc
1289+ 9983 ~            		ld	hl,0		;jeste puvodni test MBR (puvodni EasyHdd)
1290+ 9983 ~            		ld	d,h
1291+ 9983 ~            		ld	e,h
1292+ 9983 ~            		ld	a,(ix+0)	;je oddil bootovaci? Pokud ano, vycti boot sektor,pokud ne, bude boot v sektoru 0
1293+ 9983 ~            		and	127
1294+ 9983 ~            		jr	nz,MBRno
1295+ 9983 ~            		ld	a,(ix+2)	;ale toto moc nechapu, pro se testuje CHS?
1296+ 9983 ~            		and	a
1297+ 9983 ~            		jr	z,MBRno
1298+ 9983 ~            */
1299+ 9983
1300+ 9983
1301+ 9983
1302+ 9983 DD 6E 08     load_boot	ld	l,(ix+8)
1303+ 9986 DD 66 09     		ld	h,(ix+9)	;nizsi
1304+ 9989 DD 5E 0A     		ld	e,(ix+10)
1305+ 998C DD 56 0B     		ld	d,(ix+11)	;vyssi
1306+ 998F
1307+ 998F
1308+ 998F ED 53 07 9A  MBRno		ld	(bootsec1+1),de	;pro MBRno, vyplnujeme vse 0
1309+ 9993 22 04 9A     		ld	(bootsec+1),hl	;schovame cislo bootsektoru pro budouci vypocet
1310+ 9996
1311+ 9996
1312+ 9996              ;mame boot sektor, jdeme ho nahrat a taky vypsat na obrazovku
1313+ 9996 22 B0 97     		ld	(zzbin),hl
1314+ 9999 ED 53 B2 97  		ld	(zzbin+2),de
1315+ 999D E5           		push	hl
1316+ 999E D5           		push	de
1317+ 999F              ;		push	bc		;BC=tiskova pozice
1318+ 999F CD 66 97     		call	HL2ASCII32
1319+ 99A2              ;		pop	bc
1320+ 99A2 0C           		inc	c		;posunuli jsme tiskovou pozici
1321+ 99A3
1322+ 99A3 21 BD 97     		ld	hl,zzdec+9
1323+ 99A6 CB FE        		set	7,(hl)
1324+ 99A8 21 B4 97     		ld	hl,zzdec
1325+ 99AB              ;		ld	bc,#0B10
1326+ 99AB
1327+ 99AB 7E           mbs1		ld	a,(hl)
1328+ 99AC B7           		or	a
1329+ 99AD 20 04        		jr	nz,mbs2
1330+ 99AF 23           		inc	hl
1331+ 99B0 0C           		inc	c
1332+ 99B1 18 F8        		jr	mbs1
1333+ 99B3
1334+ 99B3 CD D3 A2     mbs2		call	T42_TEXT	;vypis jeho cislo
1335+ 99B6
1336+ 99B6 E1           		pop	hl
1337+ 99B7 D1           		pop	de		;HLDE=boot sektor
1338+ 99B8
1339+ 99B8 0C           		inc	c
1340+ 99B9 C5           		push	bc		;posun tiskovou pozici
1341+ 99BA
1342+ 99BA DD 21 03 A9  		ld	ix,BUFFER
1343+ 99BE CD 1E A8     		call	ATA_READ		;nacti boot na adresu v IX (BUFFER)
1344+ 99C1
1345+ 99C1 ~            /*toto bylo na zacatku, kdyz jsem si to potreboval vizualizovat
1346+ 99C1 ~            		ld	hl,BUFFER+11	;prenes hodnoty z boot sektoru potrebne pro vypocet
1347+ 99C1 ~            		ld	de,BPB_BytesPerSec
1348+ 99C1 ~            		ld	bc,8
1349+ 99C1 ~            		ldir
1350+ 99C1 ~            		ld	hl,BUFFER+22
1351+ 99C1 ~            		ld	(BPB_FATSz16),hl
1352+ 99C1 ~            		ld	hl,BUFFER+36
1353+ 99C1 ~            		ld	bc,4
1354+ 99C1 ~            		push	bc
1355+ 99C1 ~            		ldir
1356+ 99C1 ~            		ld	hl,BUFFER+44
1357+ 99C1 ~            		pop	bc
1358+ 99C1 ~            		ldir
1359+ 99C1 ~
1360+ 99C1 ~            ;hodnoty z bootu
1361+ 99C1 ~            BPB_BytesPerSec		dw	#5555	;offset	11	delka 2
1362+ 99C1 ~            BPB_SecPerClus		db	#55	;offset	13	delka 1
1363+ 99C1 ~            BPB_RsvdSecCnt		dw	#5555	;offset	14	delka 2
1364+ 99C1 ~            BPB_NumFATs		db	#55	;offset 16	delka 1
1365+ 99C1 ~
1366+ 99C1 ~            FAT16:
1367+ 99C1 ~            BPB_RootEntCnt		dw	#5555	;offset	17	delka 2
1368+ 99C1 ~            BPB_FATSz16		dw	#5555	;offset	22	delka 2
1369+ 99C1 ~
1370+ 99C1 ~            FAT32:
1371+ 99C1 ~            BPB_FATSz32		dw	#5555,#5555	;offset	36	delka 4
1372+ 99C1 ~            BPB_RootClus		dw	#5555,#5555	;offset	44	delka 4
1373+ 99C1 ~            */
1374+ 99C1
1375+ 99C1
1376+ 99C1              ;3. Výpočet prvního datového sektoru
1377+ 99C1              ;pocet FAT x velikost FAT
1378+ 99C1 DD 6E 11     		ld	l,(ix+17)	;pouze pro FAT16. pocet polozek v Root diru, rovnou vypocitame pocet polozek
1379+ 99C4 DD 66 12     		ld	h,(ix+18)	;(pocet polozek*32)/512=pocet sektoru
1380+ 99C7
1381+ 99C7 06 04        		ld	b,4		;vpocet si zjednodusime
1382+ 99C9 CB 3C        lb2_f16		srl	h
1383+ 99CB CB 1D        		rr	l
1384+ 99CD 10 FA        		djnz	lb2_f16
1385+ 99CF 22 7A 9C     		ld	(RootEntCnt+1),hl	;
1386+ 99D2
1387+ 99D2 DD 7E 0D     		ld	a,(ix+13)	;pocet sektoru na cluster
1388+ 99D5 32 59 9C     		ld	(l1F+1),a
1389+ 99D8
1390+ 99D8 DD CB FF 46  		bit	0,(ix-1)	;jdeme pocitat, nejprve počet FATx delka FAT
1391+ 99DC DD 6E 16     		ld	l,(ix+22)	;FAT16-pocet sektoru FAT
1392+ 99DF DD 66 17     		ld	h,(ix+23)
1393+ 99E2 11 00 00     		ld	de,0
1394+ 99E5 28 0C        		jr	z,lb1_f16
1395+ 99E7 DD 6E 24     		ld	l,(ix+36)	;FAT32- pocet sektoru FAT
1396+ 99EA DD 66 25     		ld	h,(ix+37)
1397+ 99ED DD 5E 26     		ld	e,(ix+38)
1398+ 99F0 DD 56 27     		ld	d,(ix+39)
1399+ 99F3 DD 7E 10     lb1_f16		ld	a,(ix+16)	;pocet FAT tabulek
1400+ 99F6 CD 22 AD     		call	MUL32x8		;nasobeni 32x8, vysledek je HL'DE'
1401+ 99F9
1402+ 99F9              ;pricteme k tomu pocet rezervovanych sektoru
1403+ 99F9 DD 4E 0E     		ld	c,(ix+14)	;pocet rezervovanych sektoru
1404+ 99FC DD 46 0F     		ld	b,(ix+15)
1405+ 99FF CD 5D AD     		call	ADD32_16	;scitani 32+16, out HLDE
1406+ 9A02 D9           		exx			;vysledek je v HLDE
1407+ 9A03              ;mame FirstDataSectorRel
1408+ 9A03              					;jeste pricist sektory od bootu
1409+ 9A03              ;pricteme k tomu PartitionStartLBA (boot sektor)
1410+ 9A03 21 55 55     bootsec		ld	hl,#5555	;nizsi
1411+ 9A06 11 55 55     bootsec1	ld	de,#5555	;vyssi
1412+ 9A09 CD 72 AD     		call	ADD32_32	;vysledek je v HLDE
1413+ 9A0C
1414+ 9A0C              ;uschovej absolutni zacatek datove oblasti. U FAT32 se RootDir muze nachazet
1415+ 9A0C              ;v jinem clusteru nez 2, proto se pozdeji MBD musi pocitat od FirstDataLBA,
1416+ 9A0C              ;nikoli od RootDirLBA.
1417+ 9A0C 22 CB A8     		ld	(FirstDataLBA),hl
1418+ 9A0F ED 53 CD A8  		ld	(FirstDataLBA+2),de
1419+ 9A13
1420+ 9A13              ; FAT16: HLDE uz obsahuje spravny RootDir LBA.
1421+ 9A13              ; FAT32 pomocne vypocty nize by HLDE znicily.
1422+ 9A13 DD CB FF 46  		bit     0,(ix-1)
1423+ 9A17 28 51        		jr      z,load_root_dir
1424+ 9A19
1425+ 9A19              ;udaje potrebne pro robustni prohledani FAT32 root directory
1426+ 9A19 DD 7E 0D     		ld	a,(ix+13)
1427+ 9A1C 32 DF A8     		ld	(FAT32_SecPerClus),a
1428+ 9A1F DD 6E 2C     		ld	l,(ix+44)
1429+ 9A22 DD 66 2D     		ld	h,(ix+45)
1430+ 9A25 22 D3 A8     		ld	(FAT32_CurCluster),hl
1431+ 9A28 DD 6E 2E     		ld	l,(ix+46)
1432+ 9A2B DD 66 2F     		ld	h,(ix+47)
1433+ 9A2E 22 D5 A8     		ld	(FAT32_CurCluster+2),hl
1434+ 9A31
1435+ 9A31              ;FirstFATLBA = PartitionStartLBA + ReservedSectors
1436+ 9A31 2A 04 9A     		ld	hl,(bootsec+1)
1437+ 9A34 ED 5B 07 9A  		ld	de,(bootsec1+1)
1438+ 9A38 DD 4E 0E     		ld	c,(ix+14)
1439+ 9A3B DD 46 0F     		ld	b,(ix+15)
1440+ 9A3E 09           		add	hl,bc
1441+ 9A3F 30 01        		jr	nc,.fatlba_no_carry
1442+ 9A41 13           		inc	de
1443+ 9A42              .fatlba_no_carry
1444+ 9A42 22 CF A8     		ld	(FAT32_FirstFATLBA),hl
1445+ 9A45 ED 53 D1 A8  		ld	(FAT32_FirstFATLBA+2),de
1446+ 9A49
1447+ 9A49              ;hotovo pro FAT16. HLDE= root dir pro FAT16
1448+ 9A49
1449+ 9A49
1450+ 9A49 DD CB FF 46  		bit	0,(ix-1)
1451+ 9A4D 28 1B        		jr	z,load_root_dir
1452+ 9A4F
1453+ 9A4F D9           		exx
1454+ 9A50              					;pro FAT32 musime pokracovat
1455+ 9A50 DD 6E 2C     		ld	l,(ix+44)	;first cluster number of the root directory
1456+ 9A53 DD 66 2D     		ld	h,(ix+45)
1457+ 9A56 DD 5E 2E     		ld	e,(ix+46)
1458+ 9A59 DD 56 2F     		ld	d,(ix+47)
1459+ 9A5C              ;odecteme 2, protoze pokud je cluster ve FAT32=2, pak zacatek root dir je hned za FAT2, jako u FAT16
1460+ 9A5C 3E 02        		ld	a,2
1461+ 9A5E CD 61 AD     		call	SUB32_8
1462+ 9A61 DD 7E 0D     		ld	a,(ix+13)
1463+ 9A64 CD 22 AD     		call	MUL32x8
1464+ 9A67 CD 72 AD     		call	ADD32_32
1465+ 9A6A              					;HLDE=root dir pro FAT32
1466+ 9A6A
1467+ 9A6A              load_root_dir
1468+ 9A6A ~            /*toto je spatne, tohle cislo nechceme tisknout, budeme tisknout soubor do tretiho sloupce
1469+ 9A6A ~            		pop	bc		;tiskova pozice, nechame ji venku, nic ji neposkozuje
1470+ 9A6A ~            		push	hl
1471+ 9A6A ~            		push	de		;dame to bokem
1472+ 9A6A ~
1473+ 9A6A ~            		ld	(zzbin),hl	;nejprve tisk
1474+ 9A6A ~            		ld	(zzbin+2),de
1475+ 9A6A ~
1476+ 9A6A ~            		call	HL2ASCII32
1477+ 9A6A ~            		ld	hl,zzdec+9
1478+ 9A6A ~            		set	7,(hl)
1479+ 9A6A ~            		ld	hl,zzdec
1480+ 9A6A ~            ;		ld	bc,#0B1B
1481+ 9A6A ~            ;		pop	bc
1482+ 9A6A ~            lrd1		ld	a,(hl)
1483+ 9A6A ~            		or	a
1484+ 9A6A ~            		jr	nz,lrd2
1485+ 9A6A ~            		inc	hl
1486+ 9A6A ~            		inc	c
1487+ 9A6A ~            		jr	lrd1
1488+ 9A6A ~
1489+ 9A6A ~            lrd2		call	T42_TEXT	;vypis jeho cislo
1490+ 9A6A ~            					;... a load a vyhledani souboru .MBD/.MBH
1491+ 9A6A ~            		inc	c
1492+ 9A6A ~
1493+ 9A6A ~            		pop	hl
1494+ 9A6A ~            		pop	de		;HLDE=Root Dir FAT32/FAT16
1495+ 9A6A ~            ;uschovame ho, bude ještě potřeba, je to start DIRs sektoru pro FAT16, nebo start datovch sektoru pro FAT32
1496+ 9A6A ~
1497+ 9A6A ~            		push	hl
1498+ 9A6A ~            		push	de
1499+ 9A6A ~
1500+ 9A6A ~            		push	bc		;tiskova pozice
1501+ 9A6A ~
1502+ 9A6A ~            */
1503+ 9A6A C1           		pop	bc
1504+ 9A6B EB           		ex	de,hl
1505+ 9A6C E5           		push	hl
1506+ 9A6D D5           		push	de
1507+ 9A6E C5           		push	bc		;BC=tiskova pozice
1508+ 9A6F
1509+ 9A6F              ;	ld	ix,BUFFER
1510+ 9A6F              ;;;	ld	a,%00000000	;master
1511+ 9A6F
1512+ 9A6F              ;FAT32: neber prvni MBD podle poradi directory entries.
1513+ 9A6F              ;Projdi cely root cluster chain a vyber MBD/MBH s NEJNIZSIM start clusterem,
1514+ 9A6F              ;tj. fyzicky prvni image na karte.
1515+ 9A6F 3A 02 A9     	ld	a,(fat_type)
1516+ 9A72 CB 47        	bit	0,a
1517+ 9A74 28 0C        	jr	z,.scan_fat16_old
1518+ 9A76
1519+ 9A76 CD D6 9A     	call	FAT32_FIND_LOWEST_MBD
1520+ 9A79 2A B1 9C     	ld	hl,(VDT_pointer+1)
1521+ 9A7C B7           	or	a
1522+ 9A7D C2 39 9C     	jp	nz,platne
1523+ 9A80 18 2A        	jr	mbd_not_found
1524+ 9A82
1525+ 9A82              .scan_fat16_old
1526+ 9A82 CD 1E A8     	call	ATA_READ
1527+ 9A85
1528+ 9A85 06 08        	ld	b,8		;; FAT16 zustava beze zmeny: prvnich 8 polozek
1529+ 9A87 11 20 00     	ld	de,32		;; kazda polozka ma 32 bytes
1530+ 9A8A 2A B1 9C     	ld	hl,(VDT_pointer+1)
1531+ 9A8D              nextfile
1532+ 9A8D DD 7E 08     	ld	a,(ix+08h)
1533+ 9A90 FE 4D        	cp	"M"
1534+ 9A92 20 14        	jr	nz, neplatne
1535+ 9A94 DD 7E 09     	ld	a,(ix+09h)
1536+ 9A97 FE 42        	cp	"B"
1537+ 9A99 20 0D        	jr	nz, neplatne
1538+ 9A9B DD 7E 0A     	ld	a,(ix+0ah)
1539+ 9A9E FE 48        	cp	"H"
1540+ 9AA0 CA 39 9C     	jp	z, platne
1541+ 9AA3 FE 44        	cp	"D"
1542+ 9AA5 CA 39 9C     	jp	z, platne
1543+ 9AA8              neplatne
1544+ 9AA8 DD 19        	add	ix,de
1545+ 9AAA 10 E1        	djnz	nextfile
1546+ 9AAC
1547+ 9AAC              mbd_not_found
1548+ 9AAC CB 8E        	res	1,(hl)		;nastav priznak, ze jde o nepouzitelny oddil, nema MBD soubor
1549+ 9AAE
1550+ 9AAE 21 14 A1     	ld	hl,TEXT_NODATA
1551+ 9AB1 C1           	pop	bc		;tiskova pozice
1552+ 9AB2 CD D3 A2     	call	T42_TEXT	;tisk "No Data"= soubor MBD/MBH neni pritomen
1553+ 9AB5
1554+ 9AB5              	; Cely radek teto partition obarvime cervene.
1555+ 9AB5              	; B obsahuje cislo aktualniho textoveho radku.
1556+ 9AB5              	; Atributova oblast ZX zacina na #5800, polozky menu od sloupce 1.
1557+ 9AB5 C5           	push	bc
1558+ 9AB6 78           	ld	a,b
1559+ 9AB7 21 01 58     	ld	hl,#5801
1560+ 9ABA 11 20 00     	ld	de,32
1561+ 9ABD 47           	ld	b,a
1562+ 9ABE              no_data_red_seek
1563+ 9ABE 19           	add	hl,de
1564+ 9ABF 10 FD        	djnz	no_data_red_seek
1565+ 9AC1 06 1D        	ld	b,cursor_len	; stejne dlouhy radek jako kurzor (29 atributu)
1566+ 9AC3 3E 42        	ld	a,66		; bright red ink, black paper
1567+ 9AC5              no_data_red_fill
1568+ 9AC5 77           	ld	(hl),a
1569+ 9AC6 23           	inc	hl
1570+ 9AC7 10 FC        	djnz	no_data_red_fill
1571+ 9AC9 C1           	pop	bc
1572+ 9ACA
1573+ 9ACA              	; MBD/MBH se nenasel. Na zasobniku jsou jeste dve 16bitove
1574+ 9ACA              	; poloviny ulozeneho RootDir LBA. Pres l1F uz nesmime pokracovat,
1575+ 9ACA              	; protoze l1F ocekava na vrcholu zasobniku znovu BC a pocita LBA
1576+ 9ACA              	; neexistujiciho souboru. Uklidime RootDir a vratime BC tak, jak ho
1577+ 9ACA              	; ocekava end_partition/ep2.
1578+ 9ACA D1           	pop	de		;zahod ulozene DE RootDir LBA
1579+ 9ACB E1           	pop	hl		;zahod ulozene HL RootDir LBA
1580+ 9ACC C5           	push	bc		;ep2 bude znovu delat POP BC
1581+ 9ACD
1582+ 9ACD              	; No Data je stale jeden kompletni 32B VDT zaznam.
1583+ 9ACD              	; Musime posunout VDT_pointer na nasledujici partition, jinak
1584+ 9ACD              	; se dalsi platna partition zapise do stejneho VDT zaznamu.
1585+ 9ACD 2A B1 9C     	ld	hl,(VDT_pointer+1)
1586+ 9AD0 01 20 00     	ld	bc,32
1587+ 9AD3 C3 BE 9C     	jp	ep3
1588+ 9AD6
1589+ 9AD6
1590+ 9AD6              ;------------------------------------------------------------------------------
1591+ 9AD6              ; FAT32_FIND_LOWEST_MBD
1592+ 9AD6              ; Projde CELÝ ALOKOVANY FAT32 root directory cluster chain a z nalezenych MBD/MBH
1593+ 9AD6              ; vybere soubor s nejmensim start clusterem = fyzicky prvni MBD.
1594+ 9AD6              ;
1595+ 9AD6              ; OUT:
1596+ 9AD6              ;   A=0  ... MBD/MBH nenalezen
1597+ 9AD6              ;   A=1  ... nalezen, IX -> FAT32_BestEntry (32B kopie directory entry)
1598+ 9AD6              ;
1599+ 9AD6              ; Pouziva BUFFER pro directory sektor, BUFFER2 pro sektor FAT.
1600+ 9AD6              ;------------------------------------------------------------------------------
1601+ 9AD6              FAT32_FIND_LOWEST_MBD
1602+ 9AD6 AF           	xor	a
1603+ 9AD7 32 E1 A8     	ld	(FAT32_Found),a
1604+ 9ADA 21 FF FF     	ld	hl,#FFFF
1605+ 9ADD 22 DB A8     	ld	(FAT32_BestCluster),hl
1606+ 9AE0 22 DD A8     	ld	(FAT32_BestCluster+2),hl
1607+ 9AE3
1608+ 9AE3              .f32_cluster_loop
1609+ 9AE3              	; DirLBA = FirstDataLBA + (CurCluster-2) * SecPerClus
1610+ 9AE3              	; Pouzij existujici 32bit math rutiny; pouze platne Z80 instrukce.
1611+ 9AE3 2A D3 A8     	ld	hl,(FAT32_CurCluster)
1612+ 9AE6 ED 5B D5 A8  	ld	de,(FAT32_CurCluster+2)
1613+ 9AEA 3E 02        	ld	a,2
1614+ 9AEC CD 61 AD     	call	SUB32_8
1615+ 9AEF 3A DF A8     	ld	a,(FAT32_SecPerClus)
1616+ 9AF2 CD 22 AD     	call	MUL32x8
1617+ 9AF5 D9           	exx
1618+ 9AF6 2A CB A8     	ld	hl,(FirstDataLBA)
1619+ 9AF9 ED 5B CD A8  	ld	de,(FirstDataLBA+2)
1620+ 9AFD CD 72 AD     	call	ADD32_32
1621+ 9B00
1622+ 9B00 22 D7 A8     	ld	(FAT32_DirLBA),hl
1623+ 9B03 ED 53 D9 A8  	ld	(FAT32_DirLBA+2),de
1624+ 9B07
1625+ 9B07 3A DF A8     	ld	a,(FAT32_SecPerClus)
1626+ 9B0A 32 E0 A8     	ld	(FAT32_SectorsLeft),a
1627+ 9B0D
1628+ 9B0D              .f32_sector_loop
1629+ 9B0D ED 5B D7 A8  	ld	de,(FAT32_DirLBA)
1630+ 9B11 2A D9 A8     	ld	hl,(FAT32_DirLBA+2)
1631+ 9B14 DD 21 03 A9  	ld	ix,BUFFER
1632+ 9B18 CD 1E A8     	call	ATA_READ
1633+ 9B1B
1634+ 9B1B 06 10        	ld	b,16			; cely 512B sektor = 16 x 32B entries
1635+ 9B1D DD 21 03 A9  	ld	ix,BUFFER
1636+ 9B21
1637+ 9B21              .f32_entry_loop
1638+ 9B21 DD 7E 00     	ld	a,(ix+0)
1639+ 9B24 B7           	or	a
1640+ 9B25 CA 9B 9B     	jp	z,.f32_next_entry	; 00 = volna/nepouzita polozka; projdeme cely alokovany root chain
1641+ 9B28 FE E5        	cp	#E5
1642+ 9B2A CA 9B 9B     	jp	z,.f32_next_entry	; deleted
1643+ 9B2D
1644+ 9B2D DD 7E 0B     	ld	a,(ix+11)
1645+ 9B30 FE 0F        	cp	#0F
1646+ 9B32 28 67        	jr	z,.f32_next_entry	; LFN
1647+ 9B34 CB 5F        	bit	3,a
1648+ 9B36 20 63        	jr	nz,.f32_next_entry	; volume label
1649+ 9B38 CB 67        	bit	4,a
1650+ 9B3A 20 5F        	jr	nz,.f32_next_entry	; directory
1651+ 9B3C
1652+ 9B3C DD 7E 08     	ld	a,(ix+8)
1653+ 9B3F FE 4D        	cp	"M"
1654+ 9B41 20 58        	jr	nz,.f32_next_entry
1655+ 9B43 DD 7E 09     	ld	a,(ix+9)
1656+ 9B46 FE 42        	cp	"B"
1657+ 9B48 20 51        	jr	nz,.f32_next_entry
1658+ 9B4A DD 7E 0A     	ld	a,(ix+10)
1659+ 9B4D FE 44        	cp	"D"
1660+ 9B4F 28 04        	jr	z,.f32_candidate
1661+ 9B51 FE 48        	cp	"H"
1662+ 9B53 20 46        	jr	nz,.f32_next_entry
1663+ 9B55
1664+ 9B55              .f32_candidate
1665+ 9B55              	; FAT32 start cluster: HI word @20, LO word @26
1666+ 9B55 DD 6E 1A     	ld	l,(ix+26)
1667+ 9B58 DD 66 1B     	ld	h,(ix+27)
1668+ 9B5B DD 5E 14     	ld	e,(ix+20)
1669+ 9B5E DD 7E 15     	ld	a,(ix+21)
1670+ 9B61 E6 0F        	and	#0F
1671+ 9B63 57           	ld	d,a
1672+ 9B64
1673+ 9B64              	; cluster 0/1 neni platny datovy cluster
1674+ 9B64 7A           	ld	a,d
1675+ 9B65 B3           	or	e
1676+ 9B66 B4           	or	h
1677+ 9B67 20 05        	jr	nz,.f32_compare
1678+ 9B69 7D           	ld	a,l
1679+ 9B6A FE 02        	cp	2
1680+ 9B6C 38 2D        	jr	c,.f32_next_entry
1681+ 9B6E
1682+ 9B6E              .f32_compare
1683+ 9B6E              	; unsigned 32bit: DEHL < BestCluster ?
1684+ 9B6E              	; candidate-Best, carry z horniho slova znamena candidate < Best.
1685+ 9B6E D5           	push	de
1686+ 9B6F E5           	push	hl
1687+ 9B70 ED 4B DB A8  	ld	bc,(FAT32_BestCluster)
1688+ 9B74 B7           	or	a
1689+ 9B75 ED 42        	sbc	hl,bc
1690+ 9B77 EB           	ex	de,hl
1691+ 9B78 ED 4B DD A8  	ld	bc,(FAT32_BestCluster+2)
1692+ 9B7C ED 42        	sbc	hl,bc
1693+ 9B7E E1           	pop	hl
1694+ 9B7F D1           	pop	de
1695+ 9B80 30 19        	jr	nc,.f32_next_entry
1696+ 9B82
1697+ 9B82              .f32_new_best
1698+ 9B82 22 DB A8     	ld	(FAT32_BestCluster),hl
1699+ 9B85 ED 53 DD A8  	ld	(FAT32_BestCluster+2),de
1700+ 9B89
1701+ 9B89 C5           	push	bc			; zachovej B = pocitadlo directory entries
1702+ 9B8A DD E5        	push	ix
1703+ 9B8C E1           	pop	hl
1704+ 9B8D 11 E2 A8     	ld	de,FAT32_BestEntry
1705+ 9B90 01 20 00     	ld	bc,32
1706+ 9B93 ED B0        	ldir
1707+ 9B95 C1           	pop	bc
1708+ 9B96 3E 01        	ld	a,1
1709+ 9B98 32 E1 A8     	ld	(FAT32_Found),a
1710+ 9B9B
1711+ 9B9B              .f32_next_entry
1712+ 9B9B 11 20 00     	ld	de,32
1713+ 9B9E DD 19        	add	ix,de
1714+ 9BA0 05           	dec	b
1715+ 9BA1 C2 21 9B     	jp	nz,.f32_entry_loop
1716+ 9BA4
1717+ 9BA4              	; dalsi sektor stejneho root clusteru
1718+ 9BA4 21 D7 A8     	ld	hl,FAT32_DirLBA
1719+ 9BA7 34           	inc	(hl)
1720+ 9BA8 20 0A        	jr	nz,.f32_lba_inc_done
1721+ 9BAA 23           	inc	hl
1722+ 9BAB 34           	inc	(hl)
1723+ 9BAC 20 06        	jr	nz,.f32_lba_inc_done
1724+ 9BAE 23           	inc	hl
1725+ 9BAF 34           	inc	(hl)
1726+ 9BB0 20 02        	jr	nz,.f32_lba_inc_done
1727+ 9BB2 23           	inc	hl
1728+ 9BB3 34           	inc	(hl)
1729+ 9BB4              .f32_lba_inc_done
1730+ 9BB4
1731+ 9BB4 3A E0 A8     	ld	a,(FAT32_SectorsLeft)
1732+ 9BB7 3D           	dec	a
1733+ 9BB8 32 E0 A8     	ld	(FAT32_SectorsLeft),a
1734+ 9BBB C2 0D 9B     	jp	nz,.f32_sector_loop
1735+ 9BBE
1736+ 9BBE              	; Nacti FAT entry pro aktualni root cluster.
1737+ 9BBE              	; FAT32 ma 128 zaznamu/sektor => FAT sector = cluster >> 7.
1738+ 9BBE              	; CurCluster je little-endian 32bit; FAT32 pouziva jen 28 bitu.
1739+ 9BBE 3A D3 A8     	ld	a,(FAT32_CurCluster)
1740+ 9BC1 67           	ld	h,a
1741+ 9BC2 3A D4 A8     	ld	a,(FAT32_CurCluster+1)
1742+ 9BC5 6F           	ld	l,a
1743+ 9BC6 3A D5 A8     	ld	a,(FAT32_CurCluster+2)
1744+ 9BC9 5F           	ld	e,a
1745+ 9BCA 16 00        	ld	d,0
1746+ 9BCC 29           	add	hl,hl
1747+ 9BCD CB 13        	rl	e
1748+ 9BCF CB 12        	rl	d
1749+ 9BD1 65           	ld	h,l
1750+ 9BD2 6B           	ld	l,e
1751+ 9BD3 5A           	ld	e,d
1752+ 9BD4 16 00        	ld	d,0
1753+ 9BD6
1754+ 9BD6              	; DEHL = cluster>>7; pricteme absolutni LBA prvni FAT.
1755+ 9BD6 ED 4B CF A8  	ld	bc,(FAT32_FirstFATLBA)
1756+ 9BDA 09           	add	hl,bc
1757+ 9BDB EB           	ex	de,hl
1758+ 9BDC ED 4B D1 A8  	ld	bc,(FAT32_FirstFATLBA+2)
1759+ 9BE0 ED 4A        	adc	hl,bc
1760+ 9BE2 EB           	ex	de,hl
1761+ 9BE3
1762+ 9BE3 EB           	ex	de,hl			; ATA_READ: HL=upper, DE=lower
1763+ 9BE4 DD 21 03 AB  	ld	ix,BUFFER2
1764+ 9BE8 CD 1E A8     	call	ATA_READ
1765+ 9BEB
1766+ 9BEB              	; offset v FAT sektoru = (cluster & 127)*4
1767+ 9BEB 3A D3 A8     	ld	a,(FAT32_CurCluster)
1768+ 9BEE E6 7F        	and	#7F
1769+ 9BF0 87           	add	a,a
1770+ 9BF1 87           	add	a,a
1771+ 9BF2 6F           	ld	l,a
1772+ 9BF3 26 00        	ld	h,0
1773+ 9BF5 11 03 AB     	ld	de,BUFFER2
1774+ 9BF8 19           	add	hl,de
1775+ 9BF9
1776+ 9BF9 5E           	ld	e,(hl)
1777+ 9BFA 23           	inc	hl
1778+ 9BFB 56           	ld	d,(hl)
1779+ 9BFC 23           	inc	hl
1780+ 9BFD 4E           	ld	c,(hl)
1781+ 9BFE 23           	inc	hl
1782+ 9BFF 7E           	ld	a,(hl)
1783+ 9C00 E6 0F        	and	#0F
1784+ 9C02 47           	ld	b,a			; BCDE = next cluster (B highest)
1785+ 9C03
1786+ 9C03              	; EOC >= 0FFFFFF8, bad cluster 0FFFFFF7 take also as end.
1787+ 9C03 78           	ld	a,b
1788+ 9C04 FE 0F        	cp	#0F
1789+ 9C06 20 0F        	jr	nz,.f32_store_next
1790+ 9C08 79           	ld	a,c
1791+ 9C09 FE FF        	cp	#FF
1792+ 9C0B 20 0A        	jr	nz,.f32_store_next
1793+ 9C0D 7A           	ld	a,d
1794+ 9C0E FE FF        	cp	#FF
1795+ 9C10 20 05        	jr	nz,.f32_store_next
1796+ 9C12 7B           	ld	a,e
1797+ 9C13 FE F7        	cp	#F7
1798+ 9C15 30 16        	jr	nc,.f32_directory_end
1799+ 9C17
1800+ 9C17              .f32_store_next
1801+ 9C17              	; 0/1 = invalid chain => konec
1802+ 9C17 78           	ld	a,b
1803+ 9C18 B1           	or	c
1804+ 9C19 B2           	or	d
1805+ 9C1A 20 05        	jr	nz,.f32_next_valid
1806+ 9C1C 7B           	ld	a,e
1807+ 9C1D FE 02        	cp	2
1808+ 9C1F 38 0C        	jr	c,.f32_directory_end
1809+ 9C21              .f32_next_valid
1810+ 9C21
1811+ 9C21 ED 53 D3 A8  	ld	(FAT32_CurCluster),de
1812+ 9C25 60           	ld	h,b
1813+ 9C26 69           	ld	l,c
1814+ 9C27 22 D5 A8     	ld	(FAT32_CurCluster+2),hl
1815+ 9C2A C3 E3 9A     	jp	.f32_cluster_loop
1816+ 9C2D
1817+ 9C2D              .f32_directory_end
1818+ 9C2D 3A E1 A8     	ld	a,(FAT32_Found)
1819+ 9C30 B7           	or	a
1820+ 9C31 C8           	ret	z
1821+ 9C32 DD 21 E2 A8  	ld	ix,FAT32_BestEntry
1822+ 9C36 3E 01        	ld	a,1
1823+ 9C38 C9           	ret
1824+ 9C39
1825+ 9C39              ;Skutečná fyzická pozice souboru na disku se spočítá tak, že se od čísla clusteru odečte 2, to se vynásobí počtem sektorů na cluster a přičte se začátek datové oblasti. Stejne pro FAT16 i FAT32.
1826+ 9C39
1827+ 9C39 CB CE        platne	set	1,(hl)
1828+ 9C3B C1           	pop	bc		;tiskova pozice
1829+ 9C3C DD E5        	push	ix
1830+ 9C3E E1           	pop	hl
1831+ 9C3F DD CB 0A FE  	set	7,(ix+10)
1832+ 9C43 CD D3 A2     	call	T42_TEXT	;vypis jeho nazev
1833+ 9C46 C5           	push	bc		;tiskova pozice
1834+ 9C47 DD 6E 1A     	ld	l,(ix+26)	;;cluster na kterem zacina soubor
1835+ 9C4A DD 66 1B     	ld	h,(ix+27)
1836+ 9C4D DD 5E 14     	ld	e,(ix+20)
1837+ 9C50 DD 56 15     	ld	d,(ix+21)	;hlde=cluster of a file
1838+ 9C53 3E 02        	ld	a,2		;nutno odecist 2
1839+ 9C55 CD 61 AD     	call	SUB32_8
1840+ 9C58
1841+ 9C58 3E 55        l1F	ld	a,#55		;pocet sektoru na cluster
1842+ 9C5A CD 22 AD     	call	MUL32x8		;vysledek v HLDE
1843+ 9C5D D9           	exx				;offset souboru presun do alternativnich registru
1844+ 9C5E C1           	pop	bc		;tiskova pozice
1845+ 9C5F E1           	pop	hl
1846+ 9C60 D1           	pop	de		;HLDE=Root Dir FAT32/FAT16
1847+ 9C61 C5           	push	bc		;tiskova pozice
1848+ 9C62
1849+ 9C62              	; V tomto miste uz IX ukazuje na adresarovou polozku MBD, proto nelze
1850+ 9C62              	; testovat FAT typ pres (ix+0). Pouzij globalni priznak fat_type.
1851+ 9C62 3A 02 A9     	ld	a,(fat_type)
1852+ 9C65 CB 47        	bit	0,a
1853+ 9C67 28 0C        	jr	z,l1F_fat16
1854+ 9C69
1855+ 9C69              	; FAT32: zakladem pro prevod clusteru souboru je FirstDataLBA,
1856+ 9C69              	; nikoli RootDirLBA (RootClus nemusi byt 2).
1857+ 9C69 2A CB A8     	ld	hl,(FirstDataLBA)
1858+ 9C6C ED 5B CD A8  	ld	de,(FirstDataLBA+2)
1859+ 9C70 CD 72 AD     	call	ADD32_32
1860+ 9C73 18 0A        	jr	end_partition
1861+ 9C75
1862+ 9C75              				;FAT16: k RootDirLBA nejprve pricteme offset souboru
1863+ 9C75 CD 72 AD     l1F_fat16	call	ADD32_32
1864+ 9C78
1865+ 9C78              				;pak jeste velikost pevneho Root Directory
1866+ 9C78 D9           	exx
1867+ 9C79
1868+ 9C79 21 55 55     RootEntCnt	ld	hl,#5555
1869+ 9C7C CD 72 AD     		call	ADD32_32
1870+ 9C7F
1871+ 9C7F              				;v HLDE je prvni sektor image MBD/MBH, i pro FAT32:)
1872+ 9C7F
1873+ 9C7F ~            /*
1874+ 9C7F ~            osetrit:
1875+ 9C7F ~            - DONE neni MBR- pak bude svitit jen jeden radek ve vyisu, a bude snaha datekovat FAT16/FAT32/other
1876+ 9C7F ~            - DONE partisna neni FAT16/FAT32- nech sviti napis "oth" a skoci se na detekci dalsi partisny
1877+ 9C7F ~            - DONE partisna je FAT16/FAT32, ale soubor se nenasel- pak necht sviti cervene No File.
1878+ 9C7F ~            - nyni se automaticky vezme prvni partisna, do VDT, ale chceme tam dat user defined, tzn, pridat kurzor!!!
1879+ 9C7F ~
1880+ 9C7F ~            Nasledne tyto 3 stavy se musi vepsat do VDT tabulky
1881+ 9C7F ~
1882+ 9C7F ~
1883+ 9C7F ~            nova specifikace VDT:
1884+ 9C7F ~            - disk muze mit max 4 primarni partisny. Udaje o nich jsou v MBR v nultem sektoru disku.
1885+ 9C7F ~            - budou dve VDT tabulky pro master a slave= 5x32= 256 bajtu= celkova delka VDT tabulky
1886+ 9C7F ~
1887+ 9C7F ~            - struktura 1 zaznamu (z osmi) ve VDT tabulce:
1888+ 9C7F ~            ;offset	pocet	popis
1889+ 9C7F ~            **********************
1890+ 9C7F ~            ;0	1	info bajt
1891+ 9C7F ~            ;1	4	first LBA sector of first MBD/MBH file on disk
1892+ 9C7F ~            ;2	1	reserved
1893+ 9C7F ~            ;3	26	user defined text
1894+ 9C7F ~
1895+ 9C7F ~
1896+ 9C7F ~            info bajt o oddilu rika:
1897+ 9C7F ~            ;bit 0		0= oddil FAT16/32 jakozto MBR neexistuje
1898+ 9C7F ~            		1= oddil FAT16/32 jakozto MBR existuje
1899+ 9C7F ~            ;bit 1		1= pouzitelny oddil pro speccy (tj. obsahuje jako prvni MBD soubor, lze ho pouzit)
1900+ 9C7F ~            		0= nepouzitelny oddil pro speccy (tj. neobsahuje MBD soubor)
1901+ 9C7F ~            ;bit 2		0= pokud je bit 1 nulovy, pak 0=zadna smysluplna data nejsou na disku pritomna, 1=jde o disk FAT16/FAT32 bez MBR (bit 3 je pak platny). Pokud je bit 1 nenulovy, pak 0= oddil se nepouziva, 1= oddil se pouziva*
1902+ 9C7F ~            ;bit 3		0= FAT16, 1=FAT32 (volitelne)
1903+ 9C7F ~            ;bity 4-7	rezervovane
1904+ 9C7F ~            ;*v BSDOSu muze soucasne fungovat jen jeden oddil
1905+ 9C7F ~
1906+ 9C7F ~            */
1907+ 9C7F
1908+ 9C7F              end_partition
1909+ 9C7F              ;		cp	4
1910+ 9C7F              ;		jr	nz,ep2			;NZ= nejdo o prvni partisnu
1911+ 9C7F
1912+ 9C7F ~            /*
1913+ 9C7F ~            ;zatim budou data ve vsech partisnach
1914+ 9C7F ~            ;pokud je General setting nastavena autoconfigurace, tak ulozi vypocteny prvni datovy sector
1915+ 9C7F ~            ;		ld	c,a
1916+ 9C7F ~            		ld	a,(@autoconfig)
1917+ 9C7F ~            		or	a
1918+ 9C7F ~            ;		ld	a,c
1919+ 9C7F ~            ;		jr	z,nemenfirstdatasectorm1
1920+ 9C7F ~            		jr	z,ep2
1921+ 9C7F ~            ;davame to pryc, koncepce autoconfigu bude jina, bude auto, nebo manualne
1922+ 9C7F ~            */
1923+ 9C7F
1924+ 9C7F 44           		ld	b,h
1925+ 9C80 4D           		ld	c,l		;dame HL do BC, abychomm mohli vyplnovat VDT tabulku
1926+ 9C81
1927+ 9C81 2A B1 9C     		ld	hl,(VDT_pointer+1)	;zjistime, zda se nasel MBD soubor
1928+ 9C84 CB 4E        		bit	1,(hl)
1929+ 9C86 28 3A        		jr	z,ep2			;Z=neobashuje MBD soubor
1930+ 9C88
1931+ 9C88 60           		ld	h,b
1932+ 9C89 69           		ld	l,c
1933+ 9C8A
1934+ 9C8A C1           		pop	bc		;BC=tiskova pozice
1935+ 9C8B              						;obsahuje, tak vypiseme na obrazovku jeho cislo
1936+ 9C8B E5           		push	hl
1937+ 9C8C D5           		push	de			;BCDE= prvni sektor MBD souboru
1938+ 9C8D
1939+ 9C8D 22 B0 97     		ld	(zzbin),hl	;nejprve tisk
1940+ 9C90 ED 53 B2 97  		ld	(zzbin+2),de
1941+ 9C94
1942+ 9C94 CD 66 97     		call	HL2ASCII32
1943+ 9C97 21 BD 97     		ld	hl,zzdec+9
1944+ 9C9A CB FE        		set	7,(hl)
1945+ 9C9C 21 B4 97     		ld	hl,zzdec
1946+ 9C9F              ;		ld	bc,#0B1B
1947+ 9C9F              ;		pop	bc
1948+ 9C9F 7E           lrd1		ld	a,(hl)
1949+ 9CA0 B7           		or	a
1950+ 9CA1 20 04        		jr	nz,lrd2
1951+ 9CA3 23           		inc	hl
1952+ 9CA4 0C           		inc	c
1953+ 9CA5 18 F8        		jr	lrd1
1954+ 9CA7
1955+ 9CA7
1956+ 9CA7 0C           lrd2		inc	c		;jeste posun, aby cislo nebylo nalepeno na predchozi text, pokud bude cislo 10 mist
1957+ 9CA8 CD D3 A2     		call	T42_TEXT	;vypis jeho cislo
1958+ 9CAB
1959+ 9CAB D1           		pop	de
1960+ 9CAC E1           		pop	hl			;HLDE=prvni sektor MBD souboru
1961+ 9CAD
1962+ 9CAD C5           		push	bc		;schovej tiskovou pozici
1963+ 9CAE 4D           		ld	c,l
1964+ 9CAF 44           		ld	b,h
1965+ 9CB0
1966+ 9CB0 21 55 55     VDT_pointer	ld	hl,#5555
1967+ 9CB3 23           		inc	hl
1968+ 9CB4 71           		ld	(hl),c
1969+ 9CB5 23           		inc	hl
1970+ 9CB6 70           		ld	(hl),b
1971+ 9CB7 23           		inc	hl
1972+ 9CB8 73           		ld	(hl),e
1973+ 9CB9 23           		inc	hl
1974+ 9CBA 72           		ld	(hl),d
1975+ 9CBB 01 1C 00     		ld	bc,28
1976+ 9CBE 09           ep3		add	hl,bc
1977+ 9CBF 22 B1 9C     		ld	(VDT_pointer+1),hl	;datove sektory jsou vepsany do tabulky, tabulka je pripravena na dalsi zapis
1978+ 9CC2
1979+ 9CC2              ;		ld	de,VDT+5
1980+ 9CC2              ;		ex	de,hl
1981+ 9CC2              ;		ld	(hl),e
1982+ 9CC2              ;		inc	hl
1983+ 9CC2              ;		ld	(hl),d
1984+ 9CC2
1985+ 9CC2 C1           ep2		pop	bc			;BC=tiskova pozice
1986+ 9CC3 DD E1        		pop	ix
1987+ 9CC5 F1           		pop	af
1988+ 9CC6
1989+ 9CC6 04           		inc	b			;zvys poradovy radek
1990+ 9CC7 11 10 00     		ld	de,16
1991+ 9CCA DD 19        		add	ix,de			;move pointer to another partition
1992+ 9CCC 3D           		dec	a
1993+ 9CCD C2 D6 97     ep1		jp	nz,test_partitions		;moc daleko, musim vymyslet jinak
1994+ 9CD0
1995+ 9CD0 18 12        		jr	nemenfirstdatasectorm1
1996+ 9CD2
1997+ 9CD2              no_partition	;ld	b,#C			;nulovy zaznam v MBR
1998+ 9CD2              		;ld	c,1
1999+ 9CD2 C1           		pop	bc			;tiskova pozice
2000+ 9CD3 C5           		push	bc			;tiskova pozice- znovu ji ulozime
2001+ 9CD4 21 1D A1     		ld	hl,TEXT_PART_EMPTY
2002+ 9CD7 CD D3 A2     		call	T42_TEXT
2003+ 9CDA AF           		xor	a
2004+ 9CDB 2A B1 9C     		ld	hl,(VDT_pointer+1)
2005+ 9CDE 77           		ld	(hl),a		;nastav bity ve VDT k teto partisne na 0
2006+ 9CDF 01 20 00     		ld	bc,32			; VDT zaznam ma 32 bajtu; HL je zde na offsetu 0
2007+ 9CE2 18 DA        		jr	ep3
2008+ 9CE4
2009+ 9CE4              ;stary kod-testuje jen prvni partisnu
2010+ 9CE4              nemenfirstdatasectorm1
2011+ 9CE4 ~            /*
2012+ 9CE4 ~            ;nacteni MBR
2013+ 9CE4 ~            	ld	ix,BUFFER
2014+ 9CE4 ~            ;;;	ld	a,%00000000	;master
2015+ 9CE4 ~            	ld	hl,0
2016+ 9CE4 ~            	ld	de,0		;HLDE = LBA 0
2017+ 9CE4 ~            	call	ATA_READ
2018+ 9CE4 ~            ; dodelat osetreni erroru
2019+ 9CE4 ~            	inc	hx
2020+ 9CE4 ~            	inc	hx		;+512
2021+ 9CE4 ~
2022+ 9CE4 ~            	ld	a,(ix-64+2)	;text typu 1. oddilu (FAT16/FAT32/jiny)
2023+ 9CE4 ~            	ld	hl,TEXT_FAT32
2024+ 9CE4 ~            	ld	bc,#0c12
2025+ 9CE4 ~            	ld	e,0
2026+ 9CE4 ~            	cp	#B		;pro typ oddilu FAT32
2027+ 9CE4 ~            	jr	z,part_text
2028+ 9CE4 ~            	cp	#C
2029+ 9CE4 ~            	jr	z,part_text
2030+ 9CE4 ~
2031+ 9CE4 ~            	inc	e
2032+ 9CE4 ~            	ld	hl,TEXT_FAT16
2033+ 9CE4 ~            	cp	6		;pro typ oddilu FAT16
2034+ 9CE4 ~            	jr	z,part_text
2035+ 9CE4 ~            	cp	4
2036+ 9CE4 ~            	jr	z,part_text
2037+ 9CE4 ~            	cp	#E
2038+ 9CE4 ~            	jr	z,part_text
2039+ 9CE4 ~
2040+ 9CE4 ~            	ld	hl,TEXT_OTHER
2041+ 9CE4 ~
2042+ 9CE4 ~            part_text
2043+ 9CE4 ~            	ld	a,e
2044+ 9CE4 ~            	ld	(part_type+1),a
2045+ 9CE4 ~            	call	T42_TEXT
2046+ 9CE4 ~
2047+ 9CE4 ~            ;; novy kod je-li vubec MBR pritomen
2048+ 9CE4 ~            	ld	de,0		;;FAT boot sector zacina na LBA0, pokud neni MBR
2049+ 9CE4 ~            	ld	a,(ix-66)	;;1BE
2050+ 9CE4 ~            	and	127		;;80h or 00h MRB first partion table does exist
2051+ 9CE4 ~            	jr	nz, MBRno
2052+ 9CE4 ~            	ld	a,(ix-64)	;;1C0
2053+ 9CE4 ~            	and	a		;;pokud existuje patition, tak sector je nenulova
2054+ 9CE4 ~            	jr	z, MBRno
2055+ 9CE4 ~            MBRyes
2056+ 9CE4 ~            ;; end of novy kod je-li vubec MBR pritomen
2057+ 9CE4 ~            	ld	e,(ix-58)	;info o prvni partition zacina na #1BE
2058+ 9CE4 ~            	ld	d,(ix-57)
2059+ 9CE4 ~            MBRno	ex	de,hl		;v hl je cislo sectoru kde zacina boot prvni par.
2060+ 9CE4 ~            	ld	(bootsec+1),hl	;schovame cislo bootsectoru pro vypocet
2061+ 9CE4 ~            	ld	bc,#0B10
2062+ 9CE4 ~            	push	hl
2063+ 9CE4 ~            	call	NUMBER3
2064+ 9CE4 ~            ;nacteni BOOT sectoru prvni partition
2065+ 9CE4 ~            	pop	hl
2066+ 9CE4 ~            	ld	de,0		;HLDE = 32bit LBA, zde hornich 16 bitu = 0
2067+ 9CE4 ~            	ld	ix,BUFFER
2068+ 9CE4 ~            	call	ATA_READ
2069+ 9CE4 ~            ; dodelat osetreni erroru
2070+ 9CE4 ~            ; vypocet datove oblasti prvniho souboru
2071+ 9CE4 ~
2072+ 9CE4 ~            	ld	hl,TEXTDATASEC
2073+ 9CE4 ~            	ld	bc,#0B15
2074+ 9CE4 ~            	call	T42_TEXT
2075+ 9CE4 ~
2076+ 9CE4 ~            bootsec	ld	hl,0
2077+ 9CE4 ~            	ld	e,(ix+14)	;pricteme sectory pred FAT
2078+ 9CE4 ~            	ld	d,(ix+15)
2079+ 9CE4 ~            	add	hl,de
2080+ 9CE4 ~            	push	hl
2081+ 9CE4 ~            	push	ix
2082+ 9CE4 ~            	ld	e,(ix+16)	;pocet FAT
2083+ 9CE4 ~            	ld	d,0
2084+ 9CE4 ~            part_type
2085+ 9CE4 ~            	ld	a,#55		;either 0 (FAT32) or 1 (FAT16)
2086+ 9CE4 ~            	or	a
2087+ 9CE4 ~            	jr	z,part_32
2088+ 9CE4 ~            	ld	l,(ix+22)	;pocet sektoru FATky ve FAT 16
2089+ 9CE4 ~            	ld	h,(ix+23)
2090+ 9CE4 ~            	jr	part_c
2091+ 9CE4 ~            part_32	ld	l,(ix+36)	;pocet sekotru FATky ve FAT 32
2092+ 9CE4 ~            	ld	h,(ix+37)
2093+ 9CE4 ~            part_c	call	nasobeniHLDE.nasob	;vysledek v IXHL
2094+ 9CE4 ~            	pop	ix
2095+ 9CE4 ~            	pop	de
2096+ 9CE4 ~            	add	hl,de		;pricteme jen spodnich 16 bitu
2097+ 9CE4 ~            	;; v HL je LBA Root Directory sectoru
2098+ 9CE4 ~            	ld	e,(ix+17)	;pocet polozek v ROOTu
2099+ 9CE4 ~            	ld	d,(ix+18)
2100+ 9CE4 ~            ;; novy kod pro vypocet prvniho datoveho sektoru s ohleden na souboru v rootu
2101+ 9CE4 ~            	ld	c,(ix+0dh)	;;pocet sectoru v clusteru, obvykle 64 (32KB cluster)
2102+ 9CE4 ~            	ld	b,0
2103+ 9CE4 ~            	push	de
2104+ 9CE4 ~            	push	hl
2105+ 9CE4 ~            	push	bc
2106+ 9CE4 ~            	;;nacteni Root Directory sectoru
2107+ 9CE4 ~            	ld	de,0		;HLDE = 32bit LBA, zde hornich 16 bitu = 0
2108+ 9CE4 ~            	ld	ix,BUFFER
2109+ 9CE4 ~            	call	ATA_READ
2110+ 9CE4 ~
2111+ 9CE4 ~            	ld	b,8		;;prohledam prvnich 8 polozek, jestli zde neni mbd nebo mbh soubor, hledam jen priponu
2112+ 9CE4 ~            	ld	de,32		;; kazda polozka ma 32 bytes
2113+ 9CE4 ~            nextfile
2114+ 9CE4 ~            	ld	a,(ix+08h)
2115+ 9CE4 ~            	cp	"M"
2116+ 9CE4 ~            	jr	nz, neplatne
2117+ 9CE4 ~            	ld	a,(ix+09h)
2118+ 9CE4 ~            	cp	"B"
2119+ 9CE4 ~            	jr	nz, neplatne
2120+ 9CE4 ~            	ld	a,(ix+0ah)
2121+ 9CE4 ~            	cp	"H"
2122+ 9CE4 ~            	jp	z, platne
2123+ 9CE4 ~            	cp	"D"
2124+ 9CE4 ~            	jp	z, platne
2125+ 9CE4 ~            neplatne
2126+ 9CE4 ~            	add	ix,de
2127+ 9CE4 ~            	djnz	nextfile
2128+ 9CE4 ~            	ld	e,2		;;pokud nenajdu pouziji cluster 0
2129+ 9CE4 ~            	jr	l1F
2130+ 9CE4 ~
2131+ 9CE4 ~
2132+ 9CE4 ~            platne	ld	e,(ix+1ah)	;;cluster na kterem zacina soubor
2133+ 9CE4 ~            l1F	ld	d,0
2134+ 9CE4 ~            	dec	de		;;The clusters are numbered starting at 2, not 0! So the above calculation has to have 2 added to it to get the cluster number of a given allocation unit...and a cluster number is converted to an allocation unit number by subtracting 2...!
2135+ 9CE4 ~            	dec	de
2136+ 9CE4 ~            	pop	hl		;;pocet sectoru v clusteru, obvykle 64 (32KB cluster)
2137+ 9CE4 ~            	call	nasobeniHLDE.nasob	;; vysledek v IXHL
2138+ 9CE4 ~            	ex	de,hl
2139+ 9CE4 ~            	pop	hl		;; v HL je LBA Root Directory sectoru
2140+ 9CE4 ~            	add	hl,de
2141+ 9CE4 ~            	pop	de
2142+ 9CE4 ~            ;; konec kodu pro vypocet prvniho datoveho sektoru s ohleden na souboru v rootu
2143+ 9CE4 ~            	; vydelime 16; predpokladame velikost sec. 512 a 32bytu v root polozce
2144+ 9CE4 ~            	ld	b,4
2145+ 9CE4 ~            ctyrikrat1
2146+ 9CE4 ~            	srl	d
2147+ 9CE4 ~            	rr	e
2148+ 9CE4 ~            	djnz	ctyrikrat1
2149+ 9CE4 ~            	add	hl,de
2150+ 9CE4 ~            	push	hl
2151+ 9CE4 ~            	ld	bc,#0B23
2152+ 9CE4 ~            	call	NUMBER4
2153+ 9CE4 ~            	pop	hl
2154+ 9CE4 ~            ;pokud je General setting nastavena autoconfigurace, tak ulozi vypocteny prvni datovy sector
2155+ 9CE4 ~
2156+ 9CE4 ~            	ld	a,(@autoconfig)
2157+ 9CE4 ~            	or	a
2158+ 9CE4 ~            	jr	z,nemenfirstdatasectorm1
2159+ 9CE4 ~            	ld	de,VDT+5
2160+ 9CE4 ~            	ex	de,hl
2161+ 9CE4 ~            	ld	(hl),e
2162+ 9CE4 ~            	inc	hl
2163+ 9CE4 ~            	ld	(hl),d
2164+ 9CE4 ~
2165+ 9CE4 ~            nemenfirstdatasectorm1
2166+ 9CE4 ~            ;/*
2167+ 9CE4 ~            ;LBA Total sectors
2168+ 9CE4 ~            ;
2169+ 9CE4 ~            ;	ld	hl,(BUFFER+200)
2170+ 9CE4 ~            ;	ld	(D1LBA),hl
2171+ 9CE4 ~            ;	ld	bc,#0A24
2172+ 9CE4 ~            ;	call	NUMBER4
2173+ 9CE4 ~            ;
2174+ 9CE4 ~            ;	ld	hl,(BUFFER+202)
2175+ 9CE4 ~            ;	ld	(D1LBA+2),hl
2176+ 9CE4 ~            ;	ld	bc,#0A1E
2177+ 9CE4 ~            ;	call	NUMBER4
2178+ 9CE4 ~            ;
2179+ 9CE4 ~            ;	ld	hl,(BUFFER+204)
2180+ 9CE4 ~            ;	ld	(D1LBA+4),hl
2181+ 9CE4 ~            ;	ld	bc,#0A18
2182+ 9CE4 ~            ;	call	NUMBER4
2183+ 9CE4 ~            ;
2184+ 9CE4 ~            ;
2185+ 9CE4 ~            ;	ld	hl,TEXT16
2186+ 9CE4 ~            ;LER1
2187+ 9CE4 ~            ;	ld	bc,#050F
2188+ 9CE4 ~            ;	call	T42_TEXT
2189+ 9CE4 ~            ;
2190+ 9CE4 ~            ;	pop	af
2191+ 9CE4 ~            ;	ld	h,0
2192+ 9CE4 ~            ;	ld	l,a
2193+ 9CE4 ~            ;	ld	bc,#0524
2194+ 9CE4 ~            ;	call	NUMBER4
2195+ 9CE4 ~            ;*/
2196+ 9CE4 ~            ;
2197+ 9CE4 ~            ;SLAVE IDENTIFY
2198+ 9CE4 ~            Slaveinentify
2199+ 9CE4 ~            ;/* ;vyruseni SLAVE
2200+ 9CE4 ~            ;
2201+ 9CE4 ~            ;	ld	hl,TEXT8
2202+ 9CE4 ~            ;	ld	bc,#0D02
2203+ 9CE4 ~            ;	call	T42_TEXT
2204+ 9CE4 ~            ;
2205+ 9CE4 ~            ;	ld	ix,BUFFER
2206+ 9CE4 ~            ;	ld	a,%00010000
2207+ 9CE4 ~            ;	call	IDENTIFY
2208+ 9CE4 ~            ;
2209+ 9CE4 ~            ;	ld	hl,TEXT16
2210+ 9CE4 ~            ;	push	af
2211+ 9CE4 ~            ;	jr	z,TISKSTATUS2
2212+ 9CE4 ~            ;	ld	hl,TEXT11
2213+ 9CE4 ~            ;	cp	255
2214+ 9CE4 ~            ;	jp	z,TISKSTATUS2
2215+ 9CE4 ~            ;	ld	hl,TEXT14
2216+ 9CE4 ~            ;	cp	6
2217+ 9CE4 ~            ;	jp	z,TISKSTATUS2
2218+ 9CE4 ~            ;	ld	hl,TEXT13
2219+ 9CE4 ~            ;	cp	3
2220+ 9CE4 ~            ;	jp	z,TISKSTATUS2
2221+ 9CE4 ~            ;	ld	hl,TEXT12
2222+ 9CE4 ~            ;	dec	a
2223+ 9CE4 ~            ;	jp	z,TISKSTATUS2
2224+ 9CE4 ~            ;	ld	hl,TEXT15
2225+ 9CE4 ~            ;
2226+ 9CE4 ~            ;TISKSTATUS2
2227+ 9CE4 ~            ;	ld	bc,#0D0F
2228+ 9CE4 ~            ;	call	T42_TEXT
2229+ 9CE4 ~            ;
2230+ 9CE4 ~            ;	pop	af
2231+ 9CE4 ~            ;	jr	z,SLAVEINFO
2232+ 9CE4 ~            ;
2233+ 9CE4 ~            ;	ld	h,0
2234+ 9CE4 ~            ;	ld	l,a
2235+ 9CE4 ~            ;	ld	bc,#0D26
2236+ 9CE4 ~            ;	call	NUMBER2
2237+ 9CE4 ~            ;
2238+ 9CE4 ~            ;;pokud je General setting nastavena autoconfigurace, tak pri neuspesnem detekovani zarizeni se do CHS ulozi nuly a HDD pak nasledne nebude nainstalovan
2239+ 9CE4 ~            ;	ld	a,(@autoconfig)
2240+ 9CE4 ~            ;	or	a
2241+ 9CE4 ~            ;	jr	z,nemenCHSs1
2242+ 9CE4 ~            ;	xor	a
2243+ 9CE4 ~            ;	ld	b,4
2244+ 9CE4 ~            ;	ld	hl,VDT+(VDTLEN/2)
2245+ 9CE4 ~            ;nulydoCHSs
2246+ 9CE4 ~            ;	ld	(hl),a
2247+ 9CE4 ~            ;	inc	hl
2248+ 9CE4 ~            ;	djnz	nulydoCHSs
2249+ 9CE4 ~            ;nemenCHSs1
2250+ 9CE4 ~            ;	jp	Endinentify
2251+ 9CE4 ~            ;
2252+ 9CE4 ~            ;SLAVEINFO
2253+ 9CE4 ~            ;	ld	hl,TEXT4
2254+ 9CE4 ~            ;	ld	bc,#0E02
2255+ 9CE4 ~            ;	call	T42_TEXT
2256+ 9CE4 ~            ;	ld	hl,TEXT5
2257+ 9CE4 ~            ;	ld	bc,#0F02
2258+ 9CE4 ~            ;	call	T42_TEXT
2259+ 9CE4 ~            ;	ld	hl,TEXT6
2260+ 9CE4 ~            ;	ld	bc,#1002
2261+ 9CE4 ~            ;	call	T42_TEXT
2262+ 9CE4 ~            ;	ld	hl,TEXT7
2263+ 9CE4 ~            ;	ld	bc,#1102
2264+ 9CE4 ~            ;	call	T42_TEXT
2265+ 9CE4 ~            ;	ld	hl,TEXT101
2266+ 9CE4 ~            ;	ld	bc,#1202
2267+ 9CE4 ~            ;	call	T42_TEXT
2268+ 9CE4 ~            ;	ld	hl,TEXT102
2269+ 9CE4 ~            ;	ld	bc,#1215
2270+ 9CE4 ~            ;	call	T42_TEXT
2271+ 9CE4 ~            ;
2272+ 9CE4 ~            ;model
2273+ 9CE4 ~            ;	ld	hl,BUFFER+54
2274+ 9CE4 ~            ;	ld	b,40
2275+ 9CE4 ~            ;	call	PROHOD
2276+ 9CE4 ~            ;	set	7,(ix+85)
2277+ 9CE4 ~            ;
2278+ 9CE4 ~            ;	ld	bc,#0E09
2279+ 9CE4 ~            ;	call	T42_TEXT
2280+ 9CE4 ~            ;
2281+ 9CE4 ~            ;firmware
2282+ 9CE4 ~            ;	ld	hl,BUFFER+46
2283+ 9CE4 ~            ;	ld	b,8
2284+ 9CE4 ~            ;	call	PROHOD
2285+ 9CE4 ~            ;	set	7,(ix+53)
2286+ 9CE4 ~            ;
2287+ 9CE4 ~            ;	ld	bc,#0F0C
2288+ 9CE4 ~            ;	call	T42_TEXT
2289+ 9CE4 ~            ;
2290+ 9CE4 ~            ;serial number
2291+ 9CE4 ~            ;
2292+ 9CE4 ~            ;	ld	hl,BUFFER+20
2293+ 9CE4 ~            ;	ld	b,20
2294+ 9CE4 ~            ;	call	PROHOD
2295+ 9CE4 ~            ;	set	7,(ix+39)
2296+ 9CE4 ~            ;
2297+ 9CE4 ~            ;	ld	bc,#1011
2298+ 9CE4 ~            ;	call	T42_TEXT
2299+ 9CE4 ~            ;LBA
2300+ 9CE4 ~            ;	ld	hl,TEXT_NO
2301+ 9CE4 ~            ;	bit	1,(ix+99)
2302+ 9CE4 ~            ;	jr	z,L11
2303+ 9CE4 ~            ;
2304+ 9CE4 ~            ;	ld	hl,TEXT_YES
2305+ 9CE4 ~            ;L11	ld	bc,#110D
2306+ 9CE4 ~            ;	call	T42_TEXT
2307+ 9CE4 ~            ;
2308+ 9CE4 ~            ;DMA
2309+ 9CE4 ~            ;	ld	hl,TEXT_NO
2310+ 9CE4 ~            ;	bit	0,(ix+99)
2311+ 9CE4 ~            ;	jr	z,L12
2312+ 9CE4 ~            ;
2313+ 9CE4 ~            ;	ld	hl,TEXT_YES
2314+ 9CE4 ~            ;L12	ld	bc,#1125
2315+ 9CE4 ~            ;	call	T42_TEXT
2316+ 9CE4 ~            ;
2317+ 9CE4 ~            ;;CHS
2318+ 9CE4 ~            ;	ld	l,(ix+2)
2319+ 9CE4 ~            ;	ld	h,(ix+3)
2320+ 9CE4 ~            ;	ld	bc,#1209
2321+ 9CE4 ~            ;	call	NUMBER4
2322+ 9CE4 ~            ;
2323+ 9CE4 ~            ;	ld	l,(ix+6)
2324+ 9CE4 ~            ;	ld	h,(ix+7)
2325+ 9CE4 ~            ;	ld	bc,#120f
2326+ 9CE4 ~            ;	call	NUMBER1
2327+ 9CE4 ~            ;
2328+ 9CE4 ~            ;	ld	l,(ix+12)
2329+ 9CE4 ~            ;	ld	h,(ix+13)
2330+ 9CE4 ~            ;	ld	bc,#1212
2331+ 9CE4 ~            ;	call	NUMBER1
2332+ 9CE4 ~            ;;pokud je General setting nastavena autoconfigurace, tak pri uspesnem detekovani zarizeni se do CHS ulozi zjistene udaje
2333+ 9CE4 ~            ;
2334+ 9CE4 ~            ;	ld	a,(@autoconfig)
2335+ 9CE4 ~            ;	or	a
2336+ 9CE4 ~            ;	jr	z,nemenCHSs2
2337+ 9CE4 ~            ;	ld	hl,VDT+(VDTLEN/2)
2338+ 9CE4 ~            ;	ld	a,(ix+12)
2339+ 9CE4 ~            ;	ld	(hl),a
2340+ 9CE4 ~            ;	ld	a,(ix+6)
2341+ 9CE4 ~            ;	inc	hl
2342+ 9CE4 ~            ;	ld	(hl),a
2343+ 9CE4 ~            ;	ld	a,(ix+2)
2344+ 9CE4 ~            ;	inc	hl
2345+ 9CE4 ~            ;	ld	(hl),a
2346+ 9CE4 ~            ;	ld	a,(ix+3)
2347+ 9CE4 ~            ;	inc	hl
2348+ 9CE4 ~            ;	ld	(hl),a
2349+ 9CE4 ~            ;
2350+ 9CE4 ~            ;nemenCHSs2
2351+ 9CE4 ~            ;
2352+ 9CE4 ~            ;capacity
2353+ 9CE4 ~            ;	ld	l,(ix+12)
2354+ 9CE4 ~            ;	ld	h,(ix+13)
2355+ 9CE4 ~            ;	ld	e,(ix+6)
2356+ 9CE4 ~            ;	ld	d,(ix+7)
2357+ 9CE4 ~            ;
2358+ 9CE4 ~            ;	push	ix		;rutina nasob pouziva IX
2359+ 9CE4 ~            ;	call	nasobeniHLDE.nasob
2360+ 9CE4 ~            ;	pop	ix
2361+ 9CE4 ~            ;	ld	e,(ix+2)
2362+ 9CE4 ~            ;	ld	d,(ix+3)
2363+ 9CE4 ~            ;	push	ix
2364+ 9CE4 ~            ;	call	nasobeniHLDE.nasob
2365+ 9CE4 ~            ;vysledek je v IXHL
2366+ 9CE4 ~            ;
2367+ 9CE4 ~            ;	ld	l,h
2368+ 9CE4 ~            ;	ld	a,lx
2369+ 9CE4 ~            ;	ld	h,a
2370+ 9CE4 ~            ;	ld	e,hx
2371+ 9CE4 ~            ;
2372+ 9CE4 ~            ;delime 256 vysledek EHL
2373+ 9CE4 ~            ;	ld	b,3
2374+ 9CE4 ~            ;trikrat2
2375+ 9CE4 ~            ;	srl	e
2376+ 9CE4 ~            ;	rr	h
2377+ 9CE4 ~            ;	rr	l
2378+ 9CE4 ~            ;	djnz	trikrat2
2379+ 9CE4 ~            ;delime tremi
2380+ 9CE4 ~            ;	ld	bc,#121F
2381+ 9CE4 ~            ;	call	NUMBER3
2382+ 9CE4 ~            ;
2383+ 9CE4 ~            ;	pop	ix
2384+ 9CE4 ~            ;
2385+ 9CE4 ~            ;
2386+ 9CE4 ~            ;LBA 48Bits
2387+ 9CE4 ~            ;
2388+ 9CE4 ~            ;	inc	hx
2389+ 9CE4 ~            ;
2390+ 9CE4 ~            ;	ld	hl,TEXT_NO
2391+ 9CE4 ~            ;	bit	2,(ix-83)
2392+ 9CE4 ~            ;	jr	z,L13
2393+ 9CE4 ~            ;
2394+ 9CE4 ~            ;	ld	hl,TEXT_YES
2395+ 9CE4 ~            ;L13	ld	bc,#111C
2396+ 9CE4 ~            ;	call	T42_TEXT
2397+ 9CE4 ~            ;
2398+ 9CE4 ~            ;
2399+ 9CE4 ~            ;hledani prvni sectoru pro data
2400+ 9CE4 ~            ;prohledava se MBR, prvni partion, a hleda se v root dir. prvni datovy sector prvniho souboru
2401+ 9CE4 ~            ;prvni sektor disku je MBR:
2402+ 9CE4 ~            ;
2403+ 9CE4 ~            ;na 1BEh zacinaji parametry prvni partition (10h ka d )
2404+ 9CE4 ~            ;na 08h a  0Bh je cislo relativniho sektoru zacatku partition (nebo na 01h a  03h ve formatu hlava/sektor/cylindr)
2405+ 9CE4 ~            ;
2406+ 9CE4 ~            ;prvn  sektor partition je BOOT a tam jsou tyto zaj mav   daje:
2407+ 9CE4 ~            ;0Bh, 0Ch   pocet bytu na sektor
2408+ 9CE4 ~            ;0Eh, 0Fh   pocet sektoru pred prvni FAT
2409+ 9CE4 ~            ;10h   pocet FAT
2410+ 9CE4 ~            ;11h, 12h   pocet polozek v ROOTu
2411+ 9CE4 ~            ;16h, 17h   pocet sektoru ve FAT
2412+ 9CE4 ~            ;prvn  datov  sektor je: zacatek_partition + sektoru_pred_FAT + sektoru_ve_FAT * pocet_FAT + polozek_v_ROOT * 20h / bytu_na_sektor
2413+ 9CE4 ~            ;
2414+ 9CE4 ~            ;	ld	hl,TEXTPARSEC
2415+ 9CE4 ~            ;	ld	bc,#1302
2416+ 9CE4 ~            ;	call	T42_TEXT
2417+ 9CE4 ~            ;
2418+ 9CE4 ~            ;;nacteni MBR
2419+ 9CE4 ~            ;	ld	ix,BUFFER
2420+ 9CE4 ~            ;	ld	a,%00010000	;slave
2421+ 9CE4 ~            ;	ld	bc,0
2422+ 9CE4 ~            ;	ld	de,0		;LBA=0 MBR
2423+ 9CE4 ~            ;	call	LBAREAD
2424+ 9CE4 ~            ;; dodelat osetreni erroru
2425+ 9CE4 ~            ;	inc	hx
2426+ 9CE4 ~            ;	inc	hx 		;+512
2427+ 9CE4 ~            ;	ld	e,(ix-58)	;info o prvni partition zacina na #1BE
2428+ 9CE4 ~            ;	ld	d,(ix-57)
2429+ 9CE4 ~            ;	ex	de,hl		;v hl je cislo sectoru kde zacina boot prvni par.
2430+ 9CE4 ~            ;	ld	(bootsec2+1),hl	;schovame cislo bootsectoru pro vypocet
2431+ 9CE4 ~            ;	ld	bc,#1310
2432+ 9CE4 ~            ;	push	hl
2433+ 9CE4 ~            ;	call	NUMBER3
2434+ 9CE4 ~            ;nacteni BOOT sectoru prvni partition
2435+ 9CE4 ~            ;	pop	hl
2436+ 9CE4 ~            ;	ld	c,l
2437+ 9CE4 ~            ;	ld	e,h
2438+ 9CE4 ~            ;	ld	d,0
2439+ 9CE4 ~            ;	ld	b,d
2440+ 9CE4 ~            ;	ld	ix,BUFFER
2441+ 9CE4 ~            ;	ld	a,%00010000	;slave
2442+ 9CE4 ~            ;	call	LBAREAD
2443+ 9CE4 ~            ; dodelat osetreni erroru
2444+ 9CE4 ~            ; vypocet datove oblasti prvniho souboru
2445+ 9CE4 ~            ;
2446+ 9CE4 ~            ;	ld	hl,TEXTDATASEC
2447+ 9CE4 ~            ;	ld	bc,#1315
2448+ 9CE4 ~            ;	call	T42_TEXT
2449+ 9CE4 ~            ;
2450+ 9CE4 ~            ;bootsec2
2451+ 9CE4 ~            ;	ld	hl,0
2452+ 9CE4 ~            ;	ld	e,(ix+14)	;pricteme sectory pred FAT
2453+ 9CE4 ~            ;	ld	d,(ix+15)
2454+ 9CE4 ~            ;	add	hl,de
2455+ 9CE4 ~            ;	push	hl
2456+ 9CE4 ~            ;	push	ix
2457+ 9CE4 ~            ;	ld	e,(ix+16)	;pocet FAT
2458+ 9CE4 ~            ;	ld	d,0
2459+ 9CE4 ~            ;	ld	l,(ix+22)	;pocet sektoru ve FAT
2460+ 9CE4 ~            ;	ld	h,(ix+23)
2461+ 9CE4 ~            ;	call	nasobeniHLDE.nasob	;vysledek v IXHL
2462+ 9CE4 ~            ;	pop	ix
2463+ 9CE4 ~            ;	pop	de
2464+ 9CE4 ~            ;	add	hl,de		;pricteme jen spodnich 16 bitu
2465+ 9CE4 ~            ;	ld	e,(ix+17)	;pocet polozek v ROOTu
2466+ 9CE4 ~            ;	ld	d,(ix+18)
2467+ 9CE4 ~            ;	; vydelime 16; predpokladame velikost sec. 512 a 32bytu v root polozce
2468+ 9CE4 ~            ;	ld	b,4
2469+ 9CE4 ~            ;ctyrikrat2
2470+ 9CE4 ~            ;	srl	d
2471+ 9CE4 ~            ;	rr	e
2472+ 9CE4 ~            ;	djnz	ctyrikrat2
2473+ 9CE4 ~            ;	add	hl,de
2474+ 9CE4 ~            ;	push	hl
2475+ 9CE4 ~            ;	ld	bc,#1323
2476+ 9CE4 ~            ;	call	NUMBER4
2477+ 9CE4 ~            ;	pop	hl
2478+ 9CE4 ~            ;;pokud je General setting nastavena autoconfigurace, tak ulozi vypocteny prvni datovy sector
2479+ 9CE4 ~            ;
2480+ 9CE4 ~            ;	ld	a,(@autoconfig)
2481+ 9CE4 ~            ;	or	a
2482+ 9CE4 ~            ;	jr	z,nemenfirstdatasectorm2
2483+ 9CE4 ~            ;	ld	de,VDT+(VDTLEN/2)+5
2484+ 9CE4 ~            ;	ex	de,hl
2485+ 9CE4 ~            ;	ld	(hl),e
2486+ 9CE4 ~            ;	inc	hl
2487+ 9CE4 ~            ;	ld	(hl),d
2488+ 9CE4 ~            ;
2489+ 9CE4 ~            ;nemenfirstdatasectorm2
2490+ 9CE4 ~            ;
2491+ 9CE4 ~            ;/*
2492+ 9CE4 ~            ;LBA Total sectors
2493+ 9CE4 ~            ;
2494+ 9CE4 ~            ;	ld	hl,(BUFFER+200)
2495+ 9CE4 ~            ;	ld	(D2LBA),hl
2496+ 9CE4 ~            ;	ld	bc,#1124
2497+ 9CE4 ~            ;	call	NUMBER4
2498+ 9CE4 ~            ;
2499+ 9CE4 ~            ;	ld	hl,(BUFFER+202)
2500+ 9CE4 ~            ;	ld	(D2LBA+2),hl
2501+ 9CE4 ~            ;	ld	bc,#111E
2502+ 9CE4 ~            ;	call	NUMBER4
2503+ 9CE4 ~            ;
2504+ 9CE4 ~            ;	ld	hl,(BUFFER+204)
2505+ 9CE4 ~            ;	ld	(D2LBA+4),hl
2506+ 9CE4 ~            ;	ld	bc,#1118
2507+ 9CE4 ~            ;	call	NUMBER4
2508+ 9CE4 ~            ;*/
2509+ 9CE4 ~            ;
2510+ 9CE4 ~            ;vyruseni SLAVE
2511+ 9CE4 ~            ;*/
2512+ 9CE4 ~            */
2513+ 9CE4 21 61 9F     	ld	hl,TEXT17		;DMA info
2514+ 9CE7 01 02 14     	ld	bc,#1402
2515+ 9CEA CD D3 A2     	call	T42_TEXT
2516+ 9CED 0C           	inc	c
2517+ 9CEE 0C           	inc	c
2518+ 9CEF 21 6D 9F     	ld	hl,TEXT18
2519+ 9CF2              ;	ld	bc,#1203
2520+ 9CF2 CD D3 A2     	call	T42_TEXT
2521+ 9CF5 0C           	inc	c
2522+ 9CF6 21 79 9F     	ld	hl,TEXT19
2523+ 9CF9              ;	ld	bc,#1303
2524+ 9CF9 CD D3 A2     	call	T42_TEXT
2525+ 9CFC
2526+ 9CFC              Endinentify
2527+ 9CFC              ;projed partisny, zda jsou vsechny platne
2528+ 9CFC              ;	call	check_for_valid
2529+ 9CFC              ;	jp	z,end_easy		;vyhodit, pri ani jedne platne partisne to slo primo do exitu
2530+ 9CFC
2531+ 9CFC              ;old
2532+ 9CFC              ;	ld	a,(@autoconfig)
2533+ 9CFC              ;	or	a
2534+ 9CFC              ;	jp	nz,manual_partition_selection
2535+ 9CFC
2536+ 9CFC              ; @autoconfig: 0=AUTO, 1=MANUAL
2537+ 9CFC              ; drzeny SPACE vynuti MANUAL pro tento beh
2538+ 9CFC 3E 7F        	ld      a,#7f
2539+ 9CFE DB FE        	in      a,(#fe)                ; #7FFE, bit 0 = SPACE
2540+ 9D00 2F           	cpl
2541+ 9D01 E6 01        	and     1                      ; A=1 SPACE, A=0 bez SPACE
2542+ 9D03
2543+ 9D03 21 07 80     	ld      hl,@autoconfig
2544+ 9D06 B6           	or      (hl)                   ; spoj SPACE s konfiguracnim bajtem
2545+ 9D07 77           	ld      (hl),a                 ; pri SPACE skutecne zmeni 0 -> 1
2546+ 9D08 C2 D3 9D     	jp      nz,manual_partition_selection
2547+ 9D0B
2548+ 9D0B              ;automatic_partition_selection
2549+ 9D0B 3A 08 80     	ld	a,(@partition)
2550+ 9D0E CD 6B 9D     	call	test_partition		;test just selected partition
2551+ 9D11 20 16        	jr	nz, fp1
2552+ 9D13
2553+ 9D13              ;Z=invalid, seek for valid one
2554+ 9D13              ;neni platna, hledej prvni platnou a nainstluj  ji
2555+ 9D13 CD 78 9D     	call	check_for_valid
2556+ 9D16 20 0E        	jr	nz,found_partition
2557+ 9D18
2558+ 9D18              ;žádná platná partition. Co s tim? Vynulujeme VDT tabulku a partisn nechame, protoze pak se do VDT tabulky vepise 0
2559+ 9D18 21 00 AE     	ld	hl,VDT
2560+ 9D1B 11 01 AE     	ld	de,VDT+1
2561+ 9D1E 01 FF 00     	ld	bc,255
2562+ 9D21 75           	ld	(hl),l
2563+ 9D22 ED B0        	ldir
2564+ 9D24 18 64        	jr	end_easy		;nenasli jsme platnou partisnu
2565+ 9D26 ~            /*
2566+ 9D26 ~            vp1	ld	hl,TEXT_NO_VALID
2567+ 9D26 ~            	ld	bc,#1602
2568+ 9D26 ~            	call	T42_TEXT
2569+ 9D26 ~            	xor	a
2570+ 9D26 ~            	jr	ayn
2571+ 9D26 ~            */
2572+ 9D26
2573+ 9D26              found_partition
2574+ 9D26 32 08 80     	ld	(@partition),a		;dame ji do configu, odtud si ji pak vezme hlavni prog v konfig casti bsdosu
2575+ 9D29
2576+ 9D29 21 90 9F     fp1	ld	hl,TEXT_CLR
2577+ 9D2C 01 02 16     	ld	bc,#1602
2578+ 9D2F CD D3 A2     	call	T42_TEXT
2579+ 9D32 21 B7 9F     	ld	hl,TEXT100
2580+ 9D35 01 02 16     	ld	bc,#1602
2581+ 9D38 CD D3 A2     	call	T42_TEXT
2582+ 9D3B
2583+ 9D3B              valid_partition
2584+ 9D3B 3A 08 80     	ld	a,(@partition)
2585+ 9D3E 26 00        	ld	h,0
2586+ 9D40 6F           	ld	l,a
2587+ 9D41 CD B6 A2     	call	NUMBER0
2588+ 9D44 21 D0 9F     	ld	hl,TEXT_PRESS_KEY
2589+ 9D47 01 1A 16     	ld	bc,#161A
2590+ 9D4A CD D3 A2     	call	T42_TEXT
2591+ 9D4D
2592+ 9D4D              autoinstall_yes_no
2593+ 9D4D 3A 06 80     	ld	a,(@autoinstall)
2594+ 9D50 B7           	or	a
2595+ 9D51 C4 CC A6     ayn	call	nz,ANYKEY
2596+ 9D54              	IFDEF ELEMENT
2597+ 9D54 ~            		ld	hl,TEXT_CLR
2598+ 9D54 ~            		ld	bc,#1602
2599+ 9D54 ~            		call	T42_TEXT
2600+ 9D54 ~            		ld	hl,TEXT_AUTOSYS
2601+ 9D54 ~            		ld	bc,#160C
2602+ 9D54 ~            		call	T42_TEXT
2603+ 9D54              	ENDIF
2604+ 9D54 C9           	ret
2605+ 9D55              ; navrat
2606+ 9D55
2607+ 9D55              ;------------------------------------------------------------
2608+ 9D55              ; eLeMeNt only: service #30 returned, so AUTOSYS was not started.
2609+ 9D55              ; Replace the status line, wait for acknowledgement and return
2610+ 9D55              ; to MAIN, which will continue with the BSROM reset fallback.
2611+ 9D55              AUTOSYS_NOT_FOUND
2612+ 9D55 21 90 9F     	ld	hl,TEXT_CLR
2613+ 9D58 01 02 16     	ld	bc,#1602
2614+ 9D5B CD D3 A2     	call	T42_TEXT
2615+ 9D5E 21 F3 9F     	ld	hl,TEXT_AUTOSYS_NOT_FOUND
2616+ 9D61 01 06 16     	ld	bc,#1606
2617+ 9D64 CD D3 A2     	call	T42_TEXT
2618+ 9D67 CD CC A6     	call	ANYKEY
2619+ 9D6A C9           	ret
2620+ 9D6B
2621+ 9D6B              test_partition				;IN=A=partition number 1-4, OUT=Z=invalid partition, NZ=valid
2622+ 9D6B 11 20 00     	ld	de,32			;testuj zvolenou partisnu (v @partition), zda je platna
2623+ 9D6E              ;	ld	a,(@partition)
2624+ 9D6E 47           	ld	b,a
2625+ 9D6F 21 E0 AD     	ld	hl,VDT-32
2626+ 9D72 19           loop1	add	hl,de
2627+ 9D73 10 FD        	djnz	loop1
2628+ 9D75 CB 4E        	bit	1,(hl)
2629+ 9D77 C9           	ret
2630+ 9D78              ;	jr	nz,fp1			;NZ=set partition (from autoconfig or manual) is valid
2631+ 9D78
2632+ 9D78              ;IN=noothing, OUT=NZ=valid, Z=invalid
2633+ 9D78              check_for_valid
2634+ 9D78 11 20 00     	ld	de,32			; kazdy VDT zaznam ma presne 32 bajtu
2635+ 9D7B 21 00 AE     	ld	hl,VDT
2636+ 9D7E 3E 01        	ld	a,1
2637+ 9D80 06 04        	ld	b,4
2638+ 9D82              find_valid:
2639+ 9D82 CB 4E                bit	1,(hl)
2640+ 9D84 C0           	ret	nz
2641+ 9D85              ;       jr      nz,found_partition
2642+ 9D85 19           	add	hl,de
2643+ 9D86 3C           	inc	a
2644+ 9D87 10 F9                djnz    find_valid
2645+ 9D89 C9           	ret
2646+ 9D8A
2647+ 9D8A              end_easy
2648+ 9D8A 21 2F A1     	ld	hl,TEXT_NO_VALID
2649+ 9D8D 01 02 16     	ld	bc,#1602
2650+ 9D90 CD D3 A2     	call	T42_TEXT
2651+ 9D93
2652+ 9D93              	IFDEF ELEMENT		;stisk EDIT=konec, v pripade EL, ktery neni jeste inicializovany, musime udelat 128K reset
2653+ 9D93 ~            	xor	a
2654+ 9D93 ~            	jp	#3978
2655+ 9D93              	ELSE
2656+ 9D93
2657+ 9D93 CD 98 3C     	call    #3C98
2658+ 9D96 F3                   di
2659+ 9D97 AF                   xor     a
2660+ 9D98 01 00 5C             ld      bc,#5C00
2661+ 9D9B
2662+ 9D9B              clear_sysvars
2663+ 9D9B 02                   ld      (bc),a
2664+ 9D9C 0C                   inc     c
2665+ 9D9D 20 FC                jr      nz,clear_sysvars
2666+ 9D9F
2667+ 9D9F 21 FF 7F             ld      hl,START-1
2668+ 9DA2 C3 00 12             jp      #1200		;novy konec, neporusuje RAM a obnovuje BASIC
2669+ 9DA5
2670+ 9DA5 ~            /*
2671+ 9DA5 ~            	exx
2672+ 9DA5 ~            	ld	hl,#2758
2673+ 9DA5 ~            	exx
2674+ 9DA5 ~            	ld	iy,#5c3a
2675+ 9DA5 ~
2676+ 9DA5 ~            	pop	hl		;navratova adresa
2677+ 9DA5 ~            	ei
2678+ 9DA5 ~            	ret			;navrat do BASICu
2679+ 9DA5 ~            */
2680+ 9DA5              	ENDIF
2681+ 9DA5              ;user menu
2682+ 9DA5              ;priprava k menu, rutina IINKEY vraci v A kod klavesy, #B=nahoru, #A=dolu
2683+ 9DA5              ;definice
2684+ 9DA5              cursor		equ %00001000		;item with cursor (dark blue cursor)
2685+ 9DA5              no_curs		equ %11110111		;item without cursor
2686+ 9DA5
2687+ 9DA5              page		equ 3		;we will move around 4 items
2688+ 9DA5 A1 59        cursor_w_stadr	dw #59A1	;start address of cursor (radek 13, sloupec 1)
2689+ 9DA7 A1 59        cursor_w_curad	dw #59A1	;current address of cursor
2690+ 9DA9              cursor_len	equ 29
2691+ 9DA9 55           wind_curs_item	db #55		;current start cursor position of the window (0-page)
2692+ 9DAA              ;item_pg_start	dw #5555	;;;;;start address of first dir item on displayed page
2693+ 9DAA
2694+ 9DAA 3A A9 9D     key_enter	ld	a,(wind_curs_item)
2695+ 9DAD 3C           		inc	a
2696+ 9DAE CD 6B 9D     		call	test_partition
2697+ 9DB1 C2 26 9D     		jp	nz,found_partition	;NZ=we found the valid one
2698+ 9DB4
2699+ 9DB4 21 90 9F     		ld	hl,TEXT_CLR
2700+ 9DB7 01 02 16     		ld	bc,#1602
2701+ 9DBA C5           		push	bc
2702+ 9DBB CD D3 A2     		call	T42_TEXT
2703+ 9DBE
2704+ 9DBE 21 56 A1     		ld	hl,TEXT_PART_NOUSE
2705+ 9DC1 01 05 16     		ld	bc,#1605
2706+ 9DC4 CD D3 A2     		call	T42_TEXT
2707+ 9DC7
2708+ 9DC7 CD CC A6     		call	ANYKEY
2709+ 9DCA
2710+ 9DCA 21 90 9F     		ld	hl,TEXT_CLR
2711+ 9DCD C1           		pop	bc
2712+ 9DCE CD D3 A2     		call	T42_TEXT
2713+ 9DD1
2714+ 9DD1 18 0D        		jr	 mps1		;zachovej kurzor, kde je
2715+ 9DD3
2716+ 9DD3              ;		call	undraw_cursor
2717+ 9DD3
2718+ 9DD3              manual_partition_selection
2719+ 9DD3 AF           		xor	a	;inicializace
2720+ 9DD4 32 A9 9D     		ld	(wind_curs_item),a
2721+ 9DD7 2A A5 9D     		ld	hl,(cursor_w_stadr)
2722+ 9DDA 22 A7 9D     		ld	(cursor_w_curad),hl
2723+ 9DDD
2724+ 9DDD CD 38 9E     		call	draw_cursor
2725+ 9DE0
2726+ 9DE0 21 77 A1     mps1		ld	hl,TEXT_MAKE_SELEC
2727+ 9DE3 01 03 16     		ld	bc,#1603
2728+ 9DE6 CD D3 A2     		call	T42_TEXT
2729+ 9DE9              ;key detection loop
2730+ 9DE9 CD D6 A6     iik		call	KEYSCAN
2731+ 9DEC 11 20 00     		ld	de,32
2732+ 9DEF FE 0B        		cp	#B
2733+ 9DF1 CC 03 9E     		call	z,key_up
2734+ 9DF4 FE 0A        		cp	#A
2735+ 9DF6 CC 1A 9E     		call	z,key_down
2736+ 9DF9 FE 0D        		cp	13
2737+ 9DFB 28 AD        		jr	z,key_enter
2738+ 9DFD FE 07        		cp	7
2739+ 9DFF 28 89        		jr	z,end_easy		;EDIT pressed, end EasySD
2740+ 9E01 18 E6        		jr	iik
2741+ 9E03
2742+ 9E03 21 A9 9D     key_up		ld	hl,wind_curs_item
2743+ 9E06 7E           		ld	a,(hl)
2744+ 9E07 B7           		or	a
2745+ 9E08 C8           		ret	z		;Z=already first line
2746+ 9E09 35           		dec	(hl)
2747+ 9E0A CD 30 9E     		call	undraw_cursor
2748+ 9E0D 2A A7 9D     		ld	hl,(cursor_w_curad)
2749+ 9E10 B7           		or	a
2750+ 9E11 ED 52        		sbc	hl,de
2751+ 9E13 22 A7 9D     		ld	(cursor_w_curad),hl
2752+ 9E16 CD 38 9E     		call	draw_cursor
2753+ 9E19 C9           		ret
2754+ 9E1A
2755+ 9E1A 21 A9 9D     key_down	ld	hl,wind_curs_item
2756+ 9E1D 7E           		ld	a,(hl)
2757+ 9E1E FE 03        		cp	page
2758+ 9E20 C8           		ret	z
2759+ 9E21 34           		inc	(hl)
2760+ 9E22 CD 30 9E     		call	undraw_cursor
2761+ 9E25 2A A7 9D     		ld	hl,(cursor_w_curad)
2762+ 9E28 19           		add	hl,de
2763+ 9E29 22 A7 9D     		ld	(cursor_w_curad),hl
2764+ 9E2C CD 38 9E     		call	draw_cursor
2765+ 9E2F C9           		ret
2766+ 9E30
2767+ 9E30 2A A7 9D     undraw_cursor	ld	hl,(cursor_w_curad)
2768+ 9E33 7E           		ld	a,(hl)
2769+ 9E34 E6 F7        		and	no_curs
2770+ 9E36              ;		and	%11110111
2771+ 9E36 18 06        		jr	dc_1
2772+ 9E38 2A A7 9D     draw_cursor	ld	hl,(cursor_w_curad)
2773+ 9E3B 7E           		ld	a,(hl)
2774+ 9E3C              ;		or	%00001000
2775+ 9E3C F6 08        		or	cursor
2776+ 9E3E
2777+ 9E3E 06 1D        dc_1		ld	b,cursor_len
2778+ 9E40 77           dc_2		ld	(hl),a
2779+ 9E41 23           		inc	hl
2780+ 9E42 10 FC        		djnz	dc_2
2781+ 9E44 AF           		xor	a			;A=0 to avoid artifical key press
2782+ 9E45 C9           		ret
2783+ 9E46 ~            /*
2784+ 9E46 ~            undraw_cursor	ld	a,unmark_no_curs
2785+ 9E46 ~            		jr	dc_1
2786+ 9E46 ~            draw_cursor	ld	a,unmark_cursor
2787+ 9E46 ~            dc_1		ld	hl,(cursor_w_curad)
2788+ 9E46 ~            		ld	b,cursor_len
2789+ 9E46 ~            dc_2		ld	(hl),a
2790+ 9E46 ~            		inc	hl
2791+ 9E46 ~            		djnz	dc_2
2792+ 9E46 ~            		xor	a			;A=0 to avoid artifical key press
2793+ 9E46 ~            		ret
2794+ 9E46 ~            */
2795+ 9E46              ;------------------------------
2796+ 9E46              	IFDEF	ELEMENT
2797+ 9E46 ~            TEXT1	dc	16,70,"EasyCF 1.0-eLeMeNtZX"
2798+ 9E46              	ELSE
2799+ 9E46 10 46 45 61  TEXT1	dc	16,70,"EasyCF 1.0 - MB03+"
2799+ 9E4A 73 79 43 46
2799+ 9E4E 20 31 2E 30
2799+ 9E52 20 2D 20 4D
2799+ 9E56 42 30 33 AB
2800+ 9E5A              	ENDIF
2801+ 9E5A 10 03 7F 20  TEXT2	dc	16,3,127," MB03+ team 2026"
2801+ 9E5E 4D 42 30 33
2801+ 9E62 2B 20 74 65
2801+ 9E66 61 6D 20 32
2801+ 9E6A 30 32 B6
2802+ 9E6D 10 46 4D 41  TEXT3	dc	16,70,"MASTER CF:"
2802+ 9E71 53 54 45 52
2802+ 9E75 20 43 46 BA
2803+ 9E79 10 46 4D 6F  TEXT4	dc	16,70,"Model:"
2803+ 9E7D 64 65 6C BA
2804+ 9E81 10 46 46 69  TEXT5	dc	16,70,"Firmware:"
2804+ 9E85 72 6D 77 61
2804+ 9E89 72 65 BA
2805+ 9E8C 10 46 53 65  TEXT6	dc	16,70,"Serial number:"
2805+ 9E90 72 69 61 6C
2805+ 9E94 20 6E 75 6D
2805+ 9E98 62 65 72 BA
2806+ 9E9C 10 46 4C 42  TEXT7	dc	16,70,"LBA28-bit:     LBA48-bit:     DMA:"
2806+ 9EA0 41 32 38 2D
2806+ 9EA4 62 69 74 3A
2806+ 9EA8 20 20 20 20
2806+ 9EAC 20 4C 42 41
2806+ 9EB0 34 38 2D 62
2806+ 9EB4 69 74 3A 20
2806+ 9EB8 20 20 20 20
2806+ 9EBC 44 4D 41 BA
2807+ 9EC0              ;TEXT8	dc	16,70,"SLAVE DISK:"
2808+ 9EC0 10 42 63 68  TEXT8	dc	16,66,"checking..."
2808+ 9EC4 65 63 6B 69
2808+ 9EC8 6E 67 2E 2E
2808+ 9ECC AE
2809+ 9ECD 54 6F 74 61  TEXT9	db	"Total LBA 48 bi"
2809+ 9ED1 6C 20 4C 42
2809+ 9ED5 41 20 34 38
2809+ 9ED9 20 62 69
2810+ 9EDC 74 20 73 65  	dc	"t sec.:"
2810+ 9EE0 63 2E BA
2811+ 9EE3 53 74 61 72  TEXT10	db	"Start cloning ("
2811+ 9EE7 74 20 63 6C
2811+ 9EEB 6F 6E 69 6E
2811+ 9EEF 67 20 28
2812+ 9EF2 31 2F 32 2F  	dc	"1/2/n)"
2812+ 9EF6 6E A9
2813+ 9EF8 10 42 44 69  TEXT11	dc	16,66,"Disk time out"
2813+ 9EFC 73 6B 20 74
2813+ 9F00 69 6D 65 20
2813+ 9F04 6F 75 F4
2814+ 9F07 10 42 53 74  TEXT12	dc	16,66,"Status b0 error"
2814+ 9F0B 61 74 75 73
2814+ 9F0F 20 62 30 20
2814+ 9F13 65 72 72 6F
2814+ 9F17 F2
2815+ 9F18 10 42 44 52  TEXT13	dc	16,66,"DRQ error      "
2815+ 9F1C 51 20 65 72
2815+ 9F20 72 6F 72 20
2815+ 9F24 20 20 20 20
2815+ 9F28 A0
2816+ 9F29 10 42 44 72  TEXT14	dc	16,66,"Drive not ready"
2816+ 9F2D 69 76 65 20
2816+ 9F31 6E 6F 74 20
2816+ 9F35 72 65 61 64
2816+ 9F39 F9
2817+ 9F3A 10 42 4F 74  TEXT15	dc	16,66,"Other error    "
2817+ 9F3E 68 65 72 20
2817+ 9F42 65 72 72 6F
2817+ 9F46 72 20 20 20
2817+ 9F4A A0
2818+ 9F4B 10 45 4F 4B  TEXT16	db	16,69,"OK             "
2818+ 9F4F 20 20 20 20
2818+ 9F53 20 20 20 20
2818+ 9F57 20 20 20 20
2818+ 9F5B 20
2819+ 9F5C 20 20 20 20  	dc	"     "
2819+ 9F60 A0
2820+ 9F61 10 46 44 4D  TEXT17	dc	16,70,"DMA Speed:"
2820+ 9F65 41 20 53 70
2820+ 9F69 65 65 64 BA
2821+ 9F6D 10 46 50 6F  TEXT18	db	16,70,"Port: "
2821+ 9F71 72 74 3A 20
2822+ 9F75 10 45        	db	16,69
2823+ 9F77 33 D4        	dc	"3T"
2824+ 9F79 10 46 4D 65  TEXT19	db	16,70,"Memory: "
2824+ 9F7D 6D 6F 72 79
2824+ 9F81 3A 20
2825+ 9F83 10 45        	db	16,69
2826+ 9F85 33 D4        	dc	"3T"
2827+ 9F87              ;/*
2828+ 9F87              ;TEXT17	db	"Read errors:   "
2829+ 9F87              ;	dc	"    "
2830+ 9F87              ;TEXT18	db	"Write errors:  "
2831+ 9F87              ;	dc	"   "
2832+ 9F87              ;TEXT19	db	"Sector counter:"
2833+ 9F87              ;	dc	"     "
2834+ 9F87              ;TEXT20	db	"---------------"
2835+ 9F87              ;	db	"---------------"
2836+ 9F87              ;	dc	"----------"
2837+ 9F87              ;TEXT21	db	"WARNING! "
2838+ 9F87              ;	db	"Drives aren't i"
2839+ 9F87              ;	dc	"dentical!!!"
2840+ 9F87              ;TEXT22	db	"Drives are "
2841+ 9F87              ;	dc	"idencial"
2842+ 9F87              ;TEXT23	db	"Cloning complet"
2843+ 9F87              ;	dc	"ed"
2844+ 9F87              ;TEXT24	dc	"1. COUNTDOWN"
2845+ 9F87              ;TEXT25	dc	"2. COUNTUP"
2846+ 9F87              ;*/
2847+ 9F87              TEXT_YES
2848+ 9F87 10 45 59 65  	dc	16,69,"Yes"
2848+ 9F8B F3
2849+ 9F8C 10 45 4E EF  TEXT_NO	dc	16,69,"No"
2850+ 9F90              TEXT_CLR
2851+ 9F90 20 20 20 20  	db	"               "
2851+ 9F94 20 20 20 20
2851+ 9F98 20 20 20 20
2851+ 9F9C 20 20 20
2852+ 9F9F 20 20 20 20  	db	"               "
2852+ 9FA3 20 20 20 20
2852+ 9FA7 20 20 20 20
2852+ 9FAB 20 20 20
2853+ 9FAE 20 20 20 20  	dc	"         "
2853+ 9FB2 20 20 20 20
2853+ 9FB6 A0
2854+ 9FB7
2855+ 9FB7              ;TEXT100	dc	16,67,"Press a key to install to partition "
2856+ 9FB7 10 43 49 6E  TEXT100		dc	16,67,"Installed to partition "
2856+ 9FBB 73 74 61 6C
2856+ 9FBF 6C 65 64 20
2856+ 9FC3 74 6F 20 70
2856+ 9FC7 61 72 74 69
2856+ 9FCB 74 69 6F 6E
2856+ 9FCF A0
2857+ 9FD0 10 43 2C 20  TEXT_PRESS_KEY	dc	16,67,", press a key"
2857+ 9FD4 70 72 65 73
2857+ 9FD8 73 20 61 20
2857+ 9FDC 6B 65 F9
2858+ 9FDF 10 43 52 75  TEXT_AUTOSYS	dc	16,67,"Running AUTOSYS..."
2858+ 9FE3 6E 6E 69 6E
2858+ 9FE7 67 20 41 55
2858+ 9FEB 54 4F 53 59
2858+ 9FEF 53 2E 2E AE
2859+ 9FF3 10 43 41 55  TEXT_AUTOSYS_NOT_FOUND	dc	16,67,"AUTOSYS not found, press a key"
2859+ 9FF7 54 4F 53 59
2859+ 9FFB 53 20 6E 6F
2859+ 9FFF 74 20 66 6F
2859+ A003 75 6E 64 2C
2859+ A007 20 70 72 65
2859+ A00B 73 73 20 61
2859+ A00F 20 6B 65 F9
2860+ A013              ;TEXT101	dc	16,70,"C/H/S:"
2861+ A013              ;TEXT101	dc	"Permanent WP:      Temporal WP:"
2862+ A013 10 46 43 61  TEXT102	db	16,70,"Capacity: "
2862+ A017 70 61 63 69
2862+ A01B 74 79 3A 20
2863+ A01F 10 45 20 20  	dc	16,69,"     MB"
2863+ A023 20 20 20 4D
2863+ A027 C2
2864+ A028              TEXTPARSEC
2865+ A028              ;	db	16,70,"Par  1stParSec  1stDatSec 1stFile"
2866+ A028 10 46 50 61  	db	16,70,"Par  1stParSec 1st_MBDFile  1stDatSec"
2866+ A02C 72 20 20 31
2866+ A030 73 74 50 61
2866+ A034 72 53 65 63
2866+ A038 20 31 73 74
2866+ A03C 5F 4D 42 44
2866+ A040 46 69 6C 65
2866+ A044 20 20 31 73
2866+ A048 74 44 61 74
2866+ A04C 53 65 63
2867+ A04F 10 45 A0     	dc	16,69," "
2868+ A052
2869+ A052              ;TEXTDATASEC
2870+ A052              ;	db	16,70,"1st Data Sec.:"
2871+ A052              ;	dc	16,69," "
2872+ A052
2873+ A052 50 61 6E 61  Manufacturer1	dc	"Panasonic"
2873+ A056 73 6F 6E 69
2873+ A05A E3
2874+ A05B 54 6F 73 68  Manufacturer2	dc	"Toshiba / Kioxia"
2874+ A05F 69 62 61 20
2874+ A063 2F 20 4B 69
2874+ A067 6F 78 69 E1
2875+ A06B 53 61 6E 44  Manufacturer3	dc	"SanDisk"
2875+ A06F 69 73 EB
2876+ A072 53 61 6D 73  Manufacturer1b	dc	"Samsung"
2876+ A076 75 6E E7
2877+ A079 41 44 61 74  Manufacturer1d	dc	"AData"
2877+ A07D E1
2878+ A07E 50 68 69 73  Manufacturer27	dc	"Phison"
2878+ A082 6F EE
2879+ A084 53 69 6C 69  Manufacturer31	dc	"Silicon Power"
2879+ A088 63 6F 6E 20
2879+ A08C 50 6F 77 65
2879+ A090 F2
2880+ A091 54 72 61 6E  Manufacturer74	dc	"Transcend"
2880+ A095 73 63 65 6E
2880+ A099 E4
2881+ A09A 4B 69 6E 67  Manufacturer9f	dc	"Kingston"
2881+ A09E 73 74 6F EE
2882+ A0A2 4F 74 68 65  ManufacturerOther	dc	"Other"
2882+ A0A6 F2
2883+ A0A7 AC           carka		dc	","
2884+ A0A8 AF           lomeno		dc	"/"
2885+ A0A9 20 C7        TEXT_GB		dc	" G"
2886+ A0AB 30 2E B0     REV_TEXT	db	"0.","0"+#80	; CID Product Revision, napr. #61 -> 6.1
2887+ A0AE 43 53 44 BA  TEXT_CSD	dc	"CSD:"
2888+ A0B2 31 2E B0     TEXT_10		dc	"1.0"
2889+ A0B5 32 2E B0     TEXT_20		dc	"2.0"
2890+ A0B8 50 61 72 74  TEXT_PART_TYPE	dc	"Partition type:"
2890+ A0BC 69 74 69 6F
2890+ A0C0 6E 20 74 79
2890+ A0C4 70 65 BA
2891+ A0C7 10 45 46 31  TEXT_FAT16	dc	16,69,"F16"		; platna FAT partition vzdy cyan
2891+ A0CB B6
2892+ A0CC 10 45 46 33  TEXT_FAT32	dc	16,69,"F32"		; platna FAT partition vzdy cyan
2892+ A0D0 B2
2893+ A0D1 10 42 4E 54  TEXT_NTFS	dc	16,66,"NTFS"
2893+ A0D5 46 D3
2894+ A0D7 10 42 65 78  TEXT_EXFAT	dc	16,66,"exFAT"
2894+ A0DB 46 41 D4
2895+ A0DE 10 42 4C 69  TEXT_LINUX	dc	16,66,"Linux"
2895+ A0E2 6E 75 F8
2896+ A0E5 10 42 4D 44  TEXT_MDOS3	dc	16,66,"MDOS3"
2896+ A0E9 4F 53 B3
2897+ A0EC 10 42 47 50  TEXT_GPT	dc	16,66,"GPT"
2897+ A0F0 D4
2898+ A0F1 10 42 45 78  TEXT_EXTENDED	dc	16,66,"Extended"
2898+ A0F5 74 65 6E 64
2898+ A0F9 65 E4
2899+ A0FB 10 42 4F 74  TEXT_OTHER	dc	16,66,"Other"		;muzeme si dovolit delsi text, bude na radku sam
2899+ A0FF 68 65 F2
2900+ A102 10 45 53 46  TEXT_SFL16	dc	16,69,"SFl_F16"	; superfloppy FAT16 cyan
2900+ A106 6C 5F 46 31
2900+ A10A B6
2901+ A10B 10 45 53 46  TEXT_SFL32	dc	16,69,"SFl_F32"	; superfloppy FAT32 cyan
2901+ A10F 6C 5F 46 33
2901+ A113 B2
2902+ A114 10 42 4E 6F  TEXT_NODATA	dc	16,66,"No Data"
2902+ A118 20 44 61 74
2902+ A11C E1
2903+ A11D 10 42 50 61  TEXT_PART_EMPTY	dc	16,66,"Partittion empty"
2903+ A121 72 74 69 74
2903+ A125 74 69 6F 6E
2903+ A129 20 65 6D 70
2903+ A12D 74 F9
2904+ A12F 10 42 4E 6F  TEXT_NO_VALID	dc	16,66,"No valid partition found, press a key"
2904+ A133 20 76 61 6C
2904+ A137 69 64 20 70
2904+ A13B 61 72 74 69
2904+ A13F 74 69 6F 6E
2904+ A143 20 66 6F 75
2904+ A147 6E 64 2C 20
2904+ A14B 70 72 65 73
2904+ A14F 73 20 61 20
2904+ A153 6B 65 F9
2905+ A156 10 42 50 61  TEXT_PART_NOUSE	dc	16,66,"Partition not usable, try again"
2905+ A15A 72 74 69 74
2905+ A15E 69 6F 6E 20
2905+ A162 6E 6F 74 20
2905+ A166 75 73 61 62
2905+ A16A 6C 65 2C 20
2905+ A16E 74 72 79 20
2905+ A172 61 67 61 69
2905+ A176 EE
2906+ A177              ;TEXT_MAKE_SELEC	dc	16,67,"Make selection. Press <EDIT> to exit"
2907+ A177 10 43 50 72  TEXT_MAKE_SELEC	dc	16,67,"Press ENTER to select, EDIT to exit"
2907+ A17B 65 73 73 20
2907+ A17F 45 4E 54 45
2907+ A183 52 20 74 6F
2907+ A187 20 73 65 6C
2907+ A18B 65 63 74 2C
2907+ A18F 20 45 44 49
2907+ A193 54 20 74 6F
2907+ A197 20 65 78 69
2907+ A19B F4
2908+ A19C              ;------------------------------
2909+ A19C              ;------------------------------
2910+ A19C              T_X	equ	0
2911+ A19C              T_Y	equ	0
2912+ A19C              T_XLEN	equ	31
2913+ A19C              T_YLEN	equ	24
2914+ A19C              T_ATTR1	equ	%01010110
2915+ A19C              T_ATTR2	equ	%01000110
2916+ A19C              T_ATTR3	equ	70
2917+ A19C              ;------------------------------
2918+ A19C              T_START
2919+ A19C 06 01        T_ATTR	ld	b,T_Y+1
2920+ A19E 11 20 00     	ld	de,32
2921+ A1A1 21 E0 57     	ld	hl,22528+T_X-32
2922+ A1A4 19           T_COL1	add	hl,de
2923+ A1A5 10 FD        	djnz	T_COL1
2924+ A1A7 01 1F 00     	ld	bc,T_XLEN
2925+ A1AA 54           	ld	d,h
2926+ A1AB 5D           	ld	e,l
2927+ A1AC 13           	inc	de
2928+ A1AD 36 56        	ld	(hl),T_ATTR1
2929+ A1AF E5           	push	hl
2930+ A1B0 C5           	push	bc
2931+ A1B1 ED B0        	ldir
2932+ A1B3 C1           	pop	bc
2933+ A1B4 E1           	pop	hl
2934+ A1B5 0B           	dec	bc
2935+ A1B6 3E 18        	ld	a,T_YLEN
2936+ A1B8 3D           	dec	a
2937+ A1B9 11 20 00     	ld	de,32
2938+ A1BC 19           	add	hl,de
2939+ A1BD E5           T_COL2	push	hl
2940+ A1BE C5           	push	bc
2941+ A1BF D5           	push	de
2942+ A1C0 36 46        	ld	(hl),T_ATTR2
2943+ A1C2 54           	ld	d,h
2944+ A1C3 5D           	ld	e,l
2945+ A1C4 13           	inc	de
2946+ A1C5 ED B0        	ldir
2947+ A1C7 EB           	ex	de,hl
2948+ A1C8 36 56        	ld	(hl),T_ATTR1
2949+ A1CA D1           	pop	de
2950+ A1CB C1           	pop	bc
2951+ A1CC E1           	pop	hl
2952+ A1CD 19           	add	hl,de
2953+ A1CE 3D           	dec	a
2954+ A1CF 20 EC        	jr	nz,T_COL2
2955+ A1D1
2956+ A1D1              T_CARY
2957+ A1D1 06 00        	ld	b,T_Y
2958+ A1D3 0E 00        	ld	c,T_X
2959+ A1D5 21 3A A2     	ld	hl,T_HELP1
2960+ A1D8 C5           	push	bc
2961+ A1D9 CD FC A1     	call	T_ONE
2962+ A1DC C1           	pop	bc
2963+ A1DD 04           	inc	b
2964+ A1DE 21 3D A2     	ld	hl,T_HELP2
2965+ A1E1 C5           	push	bc
2966+ A1E2 CD FC A1     	call	T_ONE
2967+ A1E5 C1           	pop	bc
2968+ A1E6 04           	inc	b
2969+ A1E7 3E 18        	ld	a,T_YLEN
2970+ A1E9 D6 03        	sub	3
2971+ A1EB 21 40 A2     T_CAR1	ld	hl,T_HELP3
2972+ A1EE C5           	push	bc
2973+ A1EF F5           	push	af
2974+ A1F0 CD FC A1     	call	T_ONE
2975+ A1F3 F1           	pop	af
2976+ A1F4 C1           	pop	bc
2977+ A1F5 04           	inc	b
2978+ A1F6 3D           	dec	a
2979+ A1F7 20 F2        	jr	nz,T_CAR1
2980+ A1F9 21 43 A2     	ld	hl,T_HELP4
2981+ A1FC
2982+ A1FC 7E           T_ONE	ld	a,(hl)
2983+ A1FD E5           	push	hl
2984+ A1FE C5           	push	bc
2985+ A1FF CD 19 A2     	call	T_ZNAK
2986+ A202 C1           	pop	bc
2987+ A203 E1           	pop	hl
2988+ A204 0C           	inc	c
2989+ A205 23           	inc	hl
2990+ A206 16 1E        	ld	d,T_XLEN-1
2991+ A208 5E           	ld	e,(hl)
2992+ A209 E5           	push	hl
2993+ A20A C5           T_CYKL	push	bc
2994+ A20B D5           	push	de
2995+ A20C 7B           	ld	a,e
2996+ A20D CD 19 A2     	call	T_ZNAK
2997+ A210 D1           	pop	de
2998+ A211 C1           	pop	bc
2999+ A212 0C           	inc	c
3000+ A213 15           	dec	d
3001+ A214 20 F4        	jr	nz,T_CYKL
3002+ A216 E1           	pop	hl
3003+ A217 23           	inc	hl
3004+ A218 7E           	ld	a,(hl)
3005+ A219
3006+ A219 26 00        T_ZNAK	ld	h,0
3007+ A21B 6F           	ld	l,a
3008+ A21C 11 46 A2     	ld	de,T_0
3009+ A21F 29           	add	hl,hl
3010+ A220 29           	add	hl,hl
3011+ A221 29           	add	hl,hl
3012+ A222 19           	add	hl,de
3013+ A223 78           	ld	a,b
3014+ A224 0F           	rrca
3015+ A225 0F           	rrca
3016+ A226 0F           	rrca
3017+ A227 E6 E0        	and	#E0
3018+ A229 81           	add	a,c
3019+ A22A 5F           	ld	e,a
3020+ A22B 78           	ld	a,b
3021+ A22C E6 18        	and	#18
3022+ A22E F6 40        	or	#40
3023+ A230 57           	ld	d,a
3024+ A231 06 08        	ld	b,8
3025+ A233 7E           T_ZNA1	ld	a,(hl)
3026+ A234 12           	ld	(de),a
3027+ A235 23           	inc	hl
3028+ A236 14           	inc	d
3029+ A237 10 FA        	djnz	T_ZNA1
3030+ A239 C9           	ret
3031+ A23A
3032+ A23A 00 01 02     T_HELP1	defb	0,1,2
3033+ A23D 03 0A 06     T_HELP2	defb	3,10,6
3034+ A240 03 0A 04     T_HELP3	defb	3,10,4
3035+ A243 05 09 07     T_HELP4	defb	5,9,7
3036+ A246
3037+ A246 FF           T_0	defb	255
3038+ A247 81           	defb	129
3039+ A248 81           	defb	129
3040+ A249 BD           	defb	189
3041+ A24A BD           	defb	189
3042+ A24B 81           	defb	129
3043+ A24C 81           	defb	129
3044+ A24D FF           	defb	255
3045+ A24E FF           T_1	defb	255
3046+ A24F 00           	defb	0
3047+ A250 00           	defb	0
3048+ A251 00           	defb	0
3049+ A252 00           	defb	0
3050+ A253 00           	defb	0
3051+ A254 00           	defb	0
3052+ A255 FF           	defb	255
3053+ A256 FF           T_2	defb	255
3054+ A257 81           	defb	129
3055+ A258 B9           	defb	%10111001
3056+ A259 B9           	defb	%10111001
3057+ A25A 9D           	defb	%10011101
3058+ A25B 9D           	defb	%10011101
3059+ A25C 81           	defb	129
3060+ A25D FF           	defb	255
3061+ A25E 80           T_3	defb	128
3062+ A25F 80           	defb	128
3063+ A260 80           	defb	128
3064+ A261 80           	defb	128
3065+ A262 80           	defb	128
3066+ A263 80           	defb	128
3067+ A264 80           	defb	128
3068+ A265 80           	defb	128
3069+ A266 81           T_4	defb	129
3070+ A267 81           	defb	129
3071+ A268 81           	defb	129
3072+ A269 81           	defb	129
3073+ A26A 81           	defb	129
3074+ A26B 81           	defb	129
3075+ A26C 81           	defb	129
3076+ A26D 81           	defb	129
3077+ A26E 80           T_5	defb	128
3078+ A26F 80           	defb	128
3079+ A270 80           	defb	128
3080+ A271 80           	defb	128
3081+ A272 80           	defb	128
3082+ A273 80           	defb	128
3083+ A274 80           	defb	128
3084+ A275 FF           	defb	255
3085+ A276 FF           T_6	defb	255
3086+ A277 81           	defb	129
3087+ A278 99           	defb	153
3088+ A279 BD           	defb	189
3089+ A27A 99           	defb	153
3090+ A27B 99           	defb	153
3091+ A27C 81           	defb	129
3092+ A27D FF           	defb	255
3093+ A27E FF           T_7	defb	255
3094+ A27F 81           	defb	129
3095+ A280 99           	defb	153
3096+ A281 99           	defb	153
3097+ A282 BD           	defb	189
3098+ A283 99           	defb	153
3099+ A284 81           	defb	129
3100+ A285 FF           	defb	255
3101+ A286 FF           T_8	defb	255
3102+ A287 81           	defb	129
3103+ A288 81           	defb	129
3104+ A289 99           	defb	153
3105+ A28A 99           	defb	153
3106+ A28B 81           	defb	129
3107+ A28C 81           	defb	129
3108+ A28D FF           	defb	255
3109+ A28E 00           T_9	defb	0
3110+ A28F 00           	defb	0
3111+ A290 00           	defb	0
3112+ A291 00           	defb	0
3113+ A292 00           	defb	0
3114+ A293 00           	defb	0
3115+ A294 00           	defb	0
3116+ A295 FF           	defb	255
3117+ A296 00           T_10	defb	0
3118+ A297 00           	defb	0
3119+ A298 00           	defb	0
3120+ A299 00           	defb	0
3121+ A29A 00           	defb	0
3122+ A29B 00           	defb	0
3123+ A29C 00           	defb	0
3124+ A29D 00           	defb	0
3125+ A29E              ;------------------------------
3126+ A29E              ;TISK CISLA BC-POZICE HL-HODNOT
3127+ A29E              ;TISKNE CISLO TYPU INTEGER
3128+ A29E              ;STAR-RUTINA TISKU 1 ZNAKU NA
3129+ A29E              ;POZICI BC (0,0)
3130+ A29E 11 F0 D8     NUMBER4	ld	de,-10000
3131+ A2A1 CD BF A2     	call	NUM_JED
3132+ A2A4 11 18 FC     NUMBER3	ld	de,-1000
3133+ A2A7 CD BF A2     	call	NUM_JED
3134+ A2AA 11 9C FF     NUMBER2	ld	de,-100
3135+ A2AD CD BF A2     	call	NUM_JED
3136+ A2B0 11 F6 FF     NUMBER1	ld	de,-10
3137+ A2B3 CD BF A2     	call	NUM_JED
3138+ A2B6 7D           NUMBER0	ld	a,l
3139+ A2B7 C6 30        	add	a,48
3140+ A2B9 C5           	push	bc		;new
3141+ A2BA CD 0B A3     	call	T42
3142+ A2BD C1           	pop	bc
3143+ A2BE C9           	ret
3144+ A2BF
3145+ A2BF AF           NUM_JED	xor	a
3146+ A2C0              NUM_JED1
3147+ A2C0 19           	add	hl,de
3148+ A2C1 30 03        	jr	nc,NUM_PRIC
3149+ A2C3 3C           	inc	a
3150+ A2C4 18 FA        	jr	NUM_JED1
3151+ A2C6              NUM_PRIC
3152+ A2C6 ED 52        	sbc	hl,de
3153+ A2C8 C6 30        	add	a,48
3154+ A2CA C5           	push	bc
3155+ A2CB E5           	push	hl
3156+ A2CC CD 0B A3     	call	T42
3157+ A2CF E1           	pop	hl
3158+ A2D0 C1           	pop	bc
3159+ A2D1 0C           	inc	c
3160+ A2D2 C9           	ret
3161+ A2D3              ;/*
3162+ A2D3              ;T42_TEXT ld	a,(hl)
3163+ A2D3              ;	and	127
3164+ A2D3              ;	push	hl
3165+ A2D3              ;	push	bc
3166+ A2D3              ;	call	T42
3167+ A2D3              ;	pop	bc
3168+ A2D3              ;	pop	hl
3169+ A2D3              ;	inc	c
3170+ A2D3              ;	ld	a,(hl)
3171+ A2D3              ;	rla
3172+ A2D3              ;	inc	hl
3173+ A2D3              ;	jr	nc,T42_TEXT
3174+ A2D3              ;	ret
3175+ A2D3              ;*/
3176+ A2D3              ;Tisk textu 42 znaku na radek
3177+ A2D3              ;-umi tisknou v danych mezich urcenych promenymi t42_borb a t42_bore
3178+ A2D3              ;-posledni znak ma nastaveny bit7
3179+ A2D3              ;-podporuje enter 13
3180+ A2D3              ;-umi tiskout i barvy dle promene t42_att; pokud je nula neobarvuje
3181+ A2D3              ;-podporuje znemu barvy pres kod 16 nasledovany hodnotou attributu
3182+ A2D3              T42_TEXT
3183+ A2D3 7E           	ld	a,(hl)
3184+ A2D4 E6 7F        	and	127
3185+ A2D6 FE 0D        	cp	13
3186+ A2D8 28 19        	jr	z,T42_ZMEN
3187+ A2DA FE 10        	cp	16
3188+ A2DC 28 23        	jr	z,T42_ZMENCOLOR
3189+ A2DE E5           	push	hl
3190+ A2DF C5           	push	bc
3191+ A2E0 CD 0B A3     	call	T42
3192+ A2E3 C1           	pop	bc
3193+ A2E4 E1           	pop	hl
3194+ A2E5 3A 09 A3     	ld	a,(T42_BORE)
3195+ A2E8 3D           	dec	a
3196+ A2E9 B9           	cp	c
3197+ A2EA 38 07        	jr	c,T42_ZMEN
3198+ A2EC 0C           	inc	c
3199+ A2ED              T42_BACK
3200+ A2ED 7E           	ld	a,(hl)
3201+ A2EE 17           	rla
3202+ A2EF D8           	ret	c
3203+ A2F0 23           	inc	hl
3204+ A2F1 18 E0        	jr	T42_TEXT
3205+ A2F3
3206+ A2F3              T42_ZMEN
3207+ A2F3 3A 08 A3     	ld	a,(T42_BORB)
3208+ A2F6 4F           	ld	c,a
3209+ A2F7 04           	inc	b
3210+ A2F8 78           	ld	a,b
3211+ A2F9 FE 18        	cp	24
3212+ A2FB 38 F0        	jr	c,T42_BACK
3213+ A2FD 06 00        	ld	b,0
3214+ A2FF 18 EC        	jr	T42_BACK
3215+ A301              T42_ZMENCOLOR
3216+ A301 23           	inc	hl
3217+ A302 7E           	ld	a,(hl)
3218+ A303 32 0A A3     	ld	(T42_ATT),a
3219+ A306 18 E5        	jr	T42_BACK
3220+ A308
3221+ A308              T42_BORB
3222+ A308 01           	defb	1
3223+ A309              T42_BORE
3224+ A309 29           	defb	41
3225+ A30A 00           T42_ATT	defb	0
3226+ A30B
3227+ A30B              ;Tisk 42 znaku na radek
3228+ A30B              ;pocatek vlevo nahore (0,0)
3229+ A30B
3230+ A30B 11 CC A2     T42	ld	de,T42_SADA-256
3231+ A30E 26 00        	ld	h,0
3232+ A310 6F           	ld	l,a
3233+ A311 29           	add	hl,hl
3234+ A312 29           	add	hl,hl
3235+ A313 29           	add	hl,hl
3236+ A314 19           	add	hl,de
3237+ A315 78           	ld	a,b
3238+ A316 0F           	rrca
3239+ A317 0F           	rrca
3240+ A318 0F           	rrca
3241+ A319 E6 E0        	and	%11100000
3242+ A31B 5F           	ld	e,a
3243+ A31C 78           	ld	a,b
3244+ A31D E6 18        	and	%00011000
3245+ A31F F6 40        	or	%01000000
3246+ A321 57           	ld	d,a
3247+ A322 79           	ld	a,c
3248+ A323 E6 3C        	and	%00111100
3249+ A325 0F           	rrca
3250+ A326 0F           	rrca
3251+ A327 47           	ld	b,a
3252+ A328 79           	ld	a,c
3253+ A329 E6 3C        	and	%00111100
3254+ A32B 90           	sub	b
3255+ A32C 83           	add	a,e
3256+ A32D 5F           	ld	e,a
3257+ A32E 79           	ld	a,c
3258+ A32F E6 03        	and	%00000011
3259+ A331 06 08        	ld	b,8
3260+ A333 20 0B        	jr	nz,T42_T123
3261+ A335 1A           T42_T0	ld	a,(de)
3262+ A336 E6 03        	and	%00000011
3263+ A338 B6           	or	(hl)
3264+ A339 12           	ld	(de),a
3265+ A33A 14           	inc	d
3266+ A33B 23           	inc	hl
3267+ A33C 10 F7        	djnz	T42_T0
3268+ A33E 18 68        	jr	T42_COLOR
3269+ A340              ;	ret
3270+ A340
3271+ A340              T42_T123
3272+ A340 FE 02        	cp	2
3273+ A342 38 13        	jr	c,T42_T1
3274+ A344 28 29        	jr	z,T42_T2
3275+ A346 1C           T42_T3	inc	e
3276+ A347 1C           	inc	e
3277+ A348 1A           T42_T31	ld	a,(de)
3278+ A349 E6 C0        	and	%11000000
3279+ A34B 4F           	ld	c,a
3280+ A34C 7E           	ld	a,(hl)
3281+ A34D 0F           	rrca
3282+ A34E 0F           	rrca
3283+ A34F B1           	or	c
3284+ A350 12           	ld	(de),a
3285+ A351 14           	inc	d
3286+ A352 23           	inc	hl
3287+ A353 10 F3        	djnz	T42_T31
3288+ A355 18 51        	jr	T42_COLOR
3289+ A357
3290+ A357              ;	ret
3291+ A357
3292+ A357 AF           T42_T1	xor	a
3293+ A358 32 95 A3     	ld	(T42_P3),a
3294+ A35B 32 96 A3     	ld	(T42_P4),a
3295+ A35E 3E FC        	ld	a,%11111100
3296+ A360 32 90 A3     	ld	(T42_P1+1),a
3297+ A363 2F           	cpl
3298+ A364 CD 89 A3     	call	T42_P_A
3299+ A367 3E 0F        	ld	a,%00001111
3300+ A369 32 90 A3     	ld	(T42_P1+1),a
3301+ A36C 2F           	cpl
3302+ A36D 18 18        	jr	T42_P_B
3303+ A36F
3304+ A36F 1C           T42_T2	inc	e
3305+ A370 3E 07        	ld	a,7
3306+ A372 32 95 A3     	ld	(T42_P3),a
3307+ A375 32 96 A3     	ld	(T42_P4),a
3308+ A378 3E F0        	ld	a,%11110000
3309+ A37A 32 90 A3     	ld	(T42_P1+1),a
3310+ A37D 2F           	cpl
3311+ A37E CD 89 A3     	call	T42_P_A
3312+ A381 3E 3F        	ld	a,%00111111
3313+ A383 32 90 A3     	ld	(T42_P1+1),a
3314+ A386 2F           	cpl
3315+ A387
3316+ A387 06 08        T42_P_B	ld	b,8
3317+ A389 32 98 A3     T42_P_A	ld	(T42_P2+1),a
3318+ A38C E5           	push	hl
3319+ A38D D5           	push	de
3320+ A38E 1A           T42_P0	ld	a,(de)
3321+ A38F E6 00        T42_P1	and	0
3322+ A391 4F           	ld	c,a
3323+ A392 7E           	ld	a,(hl)
3324+ A393 07           	rlca
3325+ A394 07           	rlca
3326+ A395 00           T42_P3	nop
3327+ A396 00           T42_P4	nop
3328+ A397 E6 00        T42_P2	and	0
3329+ A399 B1           	or	c
3330+ A39A 12           	ld	(de),a
3331+ A39B 14           	inc	d
3332+ A39C 23           	inc	hl
3333+ A39D 10 EF        	djnz	T42_P0
3334+ A39F
3335+ A39F D5           	push	de
3336+ A3A0 CD A8 A3     	call	T42_COLOR
3337+ A3A3 D1           	pop	de
3338+ A3A4              ; podpora barev
3339+ A3A4 D1           	pop	de
3340+ A3A5 E1           	pop	hl
3341+ A3A6 1C           	inc	e
3342+ A3A7
3343+ A3A7 C9           	ret
3344+ A3A8
3345+ A3A8              T42_COLOR
3346+ A3A8 3A 0A A3     	ld	a,(T42_ATT)
3347+ A3AB B7           	or	a
3348+ A3AC C8           	ret	z
3349+ A3AD              ; pokud je nula, tak se neobarvuje
3350+ A3AD 15           	dec	d
3351+ A3AE 7A           	ld	a,d
3352+ A3AF 0F           	rrca
3353+ A3B0 0F           	rrca
3354+ A3B1 0F           	rrca
3355+ A3B2 E6 03        	and	3
3356+ A3B4 F6 58        	or	88
3357+ A3B6 57           	ld	d,a
3358+ A3B7 3A 0A A3     	ld	a,(T42_ATT)
3359+ A3BA 12           	ld	(de),a
3360+ A3BB C9           	ret
3361+ A3BC
3362+ A3BC FC           	defb	%11111100
3363+ A3BD 84           	defb	%10000100
3364+ A3BE 84           	defb	%10000100
3365+ A3BF 84           	defb	%10000100
3366+ A3C0 84           	defb	%10000100
3367+ A3C1 84           	defb	%10000100
3368+ A3C2 84           	defb	%10000100
3369+ A3C3 FC           	defb	%11111100
3370+ A3C4
3371+ A3C4 00           	defb	%00000000
3372+ A3C5 78           	defb	%01111000
3373+ A3C6 78           	defb	%01111000
3374+ A3C7 78           	defb	%01111000
3375+ A3C8 78           	defb	%01111000
3376+ A3C9 78           	defb	%01111000
3377+ A3CA 78           	defb	%01111000
3378+ A3CB 00           	defb	%00000000
3379+ A3CC
3380+ A3CC              T42_SADA
3381+ A3CC 00 00 00 00  	defw	0,0,0,0
3381+ A3D0 00 00 00 00
3382+ A3D4 F8 88 50 50  	defw	35064,20560
3383+ A3D8 20 00 20 00  	defw	32,32,53456,0,0,0
3383+ A3DC D0 D0 00 00
3383+ A3E0 00 00 00 00
3384+ A3E4 50 F8 50 50  	defw	63568,20560,63568
3384+ A3E8 50 F8
3385+ A3EA 50 00 20 F8  	defw	80,63520,63648
3385+ A3EE A0 F8
3386+ A3F0 28 F8 20 00  	defw	63528,32,51200
3386+ A3F4 00 C8
3387+ A3F6 D8 30 60 D8  	defw	12504,55392,152
3387+ A3FA 98 00
3388+ A3FC 00 20 50 20  	defw	8192,8272,34896
3388+ A400 50 88
3389+ A402 70 00 30 60  	defw	112,24624,0,0,0
3389+ A406 00 00 00 00
3389+ A40A 00 00
3390+ A40C 30 60        	defw	24624
3391+ A40E 60 60        	defw	24672
3392+ A410 60 60        	defw	24672
3393+ A412 30 00        	defw	48
3394+ A414 60 30        	defw	12384
3395+ A416 30 30        	defw	12336
3396+ A418 30 30        	defw	12336
3397+ A41A 60 00        	defw	96
3398+ A41C 00 50        	defw	20480
3399+ A41E 20 F8        	defw	63520
3400+ A420 20 50        	defw	20512
3401+ A422 00 00        	defw	0
3402+ A424 00 20        	defw	8192
3403+ A426 20 F8        	defw	63520
3404+ A428 20 20        	defw	8224
3405+ A42A 00 00        	defw	0
3406+ A42C 00 00        	defw	0
3407+ A42E 00 00        	defw	0
3408+ A430 00 30        	defw	12288
3409+ A432 60 00        	defw	96
3410+ A434 00 00        	defw	0
3411+ A436 00 78        	defw	30720
3412+ A438 00 00        	defw	0
3413+ A43A 00 00        	defw	0
3414+ A43C 00 00        	defw	0
3415+ A43E 00 00        	defw	0
3416+ A440 00 60        	defw	24576
3417+ A442 60 00        	defw	96
3418+ A444 00 08        	defw	2048
3419+ A446 18 30        	defw	12312
3420+ A448 60 C0        	defw	49248
3421+ A44A 80 00        	defw	128
3422+ A44C 70 D8        	defw	55408
3423+ A44E E8 C8        	defw	51432
3424+ A450 C8 C8        	defw	51400
3425+ A452 70 00        	defw	112
3426+ A454 20 60        	defw	24608
3427+ A456 E0 60        	defw	24800
3428+ A458 60 60        	defw	24672
3429+ A45A F0 00        	defw	240
3430+ A45C 70 88        	defw	34928
3431+ A45E 08 70        	defw	28680
3432+ A460 C0 C0        	defw	49344
3433+ A462 F8 00        	defw	248
3434+ A464 70 C8        	defw	51312
3435+ A466 08 30        	defw	12296
3436+ A468 08 C8        	defw	51208
3437+ A46A 70 00        	defw	112
3438+ A46C 10 20        	defw	8208
3439+ A46E 40 D0        	defw	53312
3440+ A470 F8 10        	defw	4344
3441+ A472 10 00        	defw	16
3442+ A474 F8 C0        	defw	49400
3443+ A476 C0 F0        	defw	61632
3444+ A478 08 C8        	defw	51208
3445+ A47A 70 00        	defw	112
3446+ A47C 70 C8        	defw	51312
3447+ A47E C0 F0        	defw	61632
3448+ A480 C8 C8        	defw	51400
3449+ A482 70 00        	defw	112
3450+ A484 F8 18        	defw	6392
3451+ A486 18 30        	defw	12312
3452+ A488 60 C0        	defw	49248
3453+ A48A 80 00        	defw	128
3454+ A48C 70 C8        	defw	51312
3455+ A48E C8 70        	defw	28872
3456+ A490 C8 C8        	defw	51400
3457+ A492 70 00        	defw	112
3458+ A494 70 C8        	defw	51312
3459+ A496 C8 78        	defw	30920
3460+ A498 08 C8        	defw	51208
3461+ A49A 70 00        	defw	112
3462+ A49C 00 00        	defw	0
3463+ A49E 60 00        	defw	96
3464+ A4A0 00 60        	defw	24576
3465+ A4A2 00 00        	defw	0
3466+ A4A4 00 00        	defw	0
3467+ A4A6 30 00        	defw	48
3468+ A4A8 00 30        	defw	12288
3469+ A4AA 60 00        	defw	96
3470+ A4AC 00 18        	defw	6144
3471+ A4AE 30 60        	defw	24624
3472+ A4B0 30 18        	defw	6192
3473+ A4B2 00 00        	defw	0
3474+ A4B4 00 00        	defw	0
3475+ A4B6 78 00        	defw	120
3476+ A4B8 78 00        	defw	120
3477+ A4BA 00 00        	defw	0
3478+ A4BC 00 60        	defw	24576
3479+ A4BE 30 18        	defw	6192
3480+ A4C0 30 60        	defw	24624
3481+ A4C2 00 00        	defw	0
3482+ A4C4 70 D8        	defw	55408
3483+ A4C6 18 30        	defw	12312
3484+ A4C8 20 00        	defw	32
3485+ A4CA 20 00        	defw	32
3486+ A4CC 70 88        	defw	34928
3487+ A4CE A8 D8        	defw	55464
3488+ A4D0 B0 80        	defw	32944
3489+ A4D2 70 00        	defw	112
3490+ A4D4 70 C8        	defw	51312
3491+ A4D6 C8 F8        	defw	63688
3492+ A4D8 C8 C8        	defw	51400
3493+ A4DA C8 00        	defw	200
3494+ A4DC F0 C8        	defw	51440
3495+ A4DE C8 F0        	defw	61640
3496+ A4E0 C8 C8        	defw	51400
3497+ A4E2 F0 00        	defw	240
3498+ A4E4 70 C8        	defw	51312
3499+ A4E6 C0 C0        	defw	49344
3500+ A4E8 C0 C8        	defw	51392
3501+ A4EA 70 00        	defw	112
3502+ A4EC F0 C8        	defw	51440
3503+ A4EE C8 C8        	defw	51400
3504+ A4F0 C8 C8        	defw	51400
3505+ A4F2 F0 00        	defw	240
3506+ A4F4 F8 C0        	defw	49400
3507+ A4F6 C0 F0        	defw	61632
3508+ A4F8 C0 C0        	defw	49344
3509+ A4FA F8 00        	defw	248
3510+ A4FC F8 C0        	defw	49400
3511+ A4FE C0 F0        	defw	61632
3512+ A500 C0 C0        	defw	49344
3513+ A502 C0 00        	defw	192
3514+ A504 70 C8        	defw	51312
3515+ A506 C0 D8        	defw	55488
3516+ A508 C8 C8        	defw	51400
3517+ A50A 70 00        	defw	112
3518+ A50C C8 C8        	defw	51400
3519+ A50E C8 F8        	defw	63688
3520+ A510 C8 C8        	defw	51400
3521+ A512 C8 00        	defw	200
3522+ A514 F8 60        	defw	24824
3523+ A516 60 60        	defw	24672
3524+ A518 60 60        	defw	24672
3525+ A51A F8 00        	defw	248
3526+ A51C 08 08        	defw	2056
3527+ A51E 08 08        	defw	2056
3528+ A520 C8 C8        	defw	51400
3529+ A522 70 00        	defw	112
3530+ A524 C8 C8        	defw	51400
3531+ A526 D0 E0        	defw	57552
3532+ A528 D0 C8        	defw	51408
3533+ A52A C8 00        	defw	200
3534+ A52C C0 C0        	defw	49344
3535+ A52E C0 C0        	defw	49344
3536+ A530 C0 C0        	defw	49344
3537+ A532 F8 00        	defw	248
3538+ A534 88 D8        	defw	55432
3539+ A536 E8 C8        	defw	51432
3540+ A538 C8 C8        	defw	51400
3541+ A53A C8 00        	defw	200
3542+ A53C C8 C8        	defw	51400
3543+ A53E C8 E8        	defw	59592
3544+ A540 D8 C8        	defw	51416
3545+ A542 C8 00        	defw	200
3546+ A544 70 C8        	defw	51312
3547+ A546 C8 C8        	defw	51400
3548+ A548 C8 C8        	defw	51400
3549+ A54A 70 00        	defw	112
3550+ A54C F0 C8        	defw	51440
3551+ A54E C8 F0        	defw	61640
3552+ A550 C0 C0        	defw	49344
3553+ A552 C0 00        	defw	192
3554+ A554 70 C8        	defw	51312
3555+ A556 C8 C8        	defw	51400
3556+ A558 E8 D8        	defw	55528
3557+ A55A 78 00        	defw	120
3558+ A55C F0 C8        	defw	51440
3559+ A55E C8 F0        	defw	61640
3560+ A560 D0 C8        	defw	51408
3561+ A562 C8 00        	defw	200
3562+ A564 70 C8        	defw	51312
3563+ A566 C0 70        	defw	28864
3564+ A568 08 C8        	defw	51208
3565+ A56A 70 00        	defw	112
3566+ A56C F8 60        	defw	24824
3567+ A56E 60 60        	defw	24672
3568+ A570 60 60        	defw	24672
3569+ A572 60 00        	defw	96
3570+ A574 C8 C8        	defw	51400
3571+ A576 C8 C8        	defw	51400
3572+ A578 C8 C8        	defw	51400
3573+ A57A 70 00        	defw	112
3574+ A57C C8 C8        	defw	51400
3575+ A57E C8 C8        	defw	51400
3576+ A580 C8 50        	defw	20680
3577+ A582 20 00        	defw	32
3578+ A584 C8 C8        	defw	51400
3579+ A586 C8 C8        	defw	51400
3580+ A588 C8 E8        	defw	59592
3581+ A58A 50 00        	defw	80
3582+ A58C 88 D8        	defw	55432
3583+ A58E 70 60        	defw	24688
3584+ A590 70 D8        	defw	55408
3585+ A592 88 00        	defw	136
3586+ A594 88 D0        	defw	53384
3587+ A596 60 60        	defw	24672
3588+ A598 60 60        	defw	24672
3589+ A59A 60 00        	defw	96
3590+ A59C F8 18        	defw	6392
3591+ A59E 30 60        	defw	24624
3592+ A5A0 C0 C0        	defw	49344
3593+ A5A2 F8 00        	defw	248
3594+ A5A4 78 60        	defw	24696
3595+ A5A6 60 60        	defw	24672
3596+ A5A8 60 60        	defw	24672
3597+ A5AA 78 00        	defw	120
3598+ A5AC 00 80        	defw	32768
3599+ A5AE C0 60        	defw	24768
3600+ A5B0 30 18        	defw	6192
3601+ A5B2 08 00        	defw	8
3602+ A5B4 78 18        	defw	6264
3603+ A5B6 18 18        	defw	6168
3604+ A5B8 18 18        	defw	6168
3605+ A5BA 78 00        	defw	120
3606+ A5BC 20 70        	defw	28704
3607+ A5BE A8 20        	defw	8360
3608+ A5C0 20 20        	defw	8224
3609+ A5C2 20 00        	defw	32
3610+ A5C4 00 00        	defw	0
3611+ A5C6 00 00        	defw	0
3612+ A5C8 00 00        	defw	0
3613+ A5CA FC 00        	defw	252
3614+ A5CC 30 48        	defw	18480
3615+ A5CE 48 E0        	defw	57416
3616+ A5D0 40 40        	defw	16448
3617+ A5D2 F8 00        	defw	248
3618+ A5D4 00 00        	defw	0
3619+ A5D6 70 08        	defw	2160
3620+ A5D8 78 C8        	defw	51320
3621+ A5DA 78 00        	defw	120
3622+ A5DC 00 C0        	defw	49152
3623+ A5DE C0 F0        	defw	61632
3624+ A5E0 C8 C8        	defw	51400
3625+ A5E2 F0 00        	defw	240
3626+ A5E4 00 00        	defw	0
3627+ A5E6 70 C0        	defw	49264
3628+ A5E8 C0 C0        	defw	49344
3629+ A5EA 70 00        	defw	112
3630+ A5EC 00 08        	defw	2048
3631+ A5EE 08 78        	defw	30728
3632+ A5F0 C8 C8        	defw	51400
3633+ A5F2 78 00        	defw	120
3634+ A5F4 00 00        	defw	0
3635+ A5F6 70 C8        	defw	51312
3636+ A5F8 F0 C0        	defw	49392
3637+ A5FA 78 00        	defw	120
3638+ A5FC 00 38        	defw	14336
3639+ A5FE 60 70        	defw	28768
3640+ A600 60 60        	defw	24672
3641+ A602 60 00        	defw	96
3642+ A604 00 00        	defw	0
3643+ A606 78 C8        	defw	51320
3644+ A608 C8 78        	defw	30920
3645+ A60A 08 70        	defw	28680
3646+ A60C 00 C0        	defw	49152
3647+ A60E C0 F0        	defw	61632
3648+ A610 C8 C8        	defw	51400
3649+ A612 C8 00        	defw	200
3650+ A614 00 60        	defw	24576
3651+ A616 00 E0        	defw	57344
3652+ A618 60 60        	defw	24672
3653+ A61A F0 00        	defw	240
3654+ A61C 00 30        	defw	12288
3655+ A61E 00 30        	defw	12288
3656+ A620 30 30        	defw	12336
3657+ A622 B0 60        	defw	24752
3658+ A624 00 C0        	defw	49152
3659+ A626 D0 E0        	defw	57552
3660+ A628 E0 D0        	defw	53472
3661+ A62A C8 00        	defw	200
3662+ A62C 00 60        	defw	24576
3663+ A62E 60 60        	defw	24672
3664+ A630 60 60        	defw	24672
3665+ A632 38 00        	defw	56
3666+ A634 00 00        	defw	0
3667+ A636 D0 E8        	defw	59600
3668+ A638 E8 E8        	defw	59624
3669+ A63A E8 00        	defw	232
3670+ A63C 00 00        	defw	0
3671+ A63E F0 C8        	defw	51440
3672+ A640 C8 C8        	defw	51400
3673+ A642 C8 00        	defw	200
3674+ A644 00 00        	defw	0
3675+ A646 70 C8        	defw	51312
3676+ A648 C8 C8        	defw	51400
3677+ A64A 70 00        	defw	112
3678+ A64C 00 00        	defw	0
3679+ A64E F0 C8        	defw	51440
3680+ A650 C8 F0        	defw	61640
3681+ A652 C0 C0        	defw	49344
3682+ A654 00 00        	defw	0
3683+ A656 78 C8        	defw	51320
3684+ A658 C8 78        	defw	30920
3685+ A65A 18 18        	defw	6168
3686+ A65C 00 00        	defw	0
3687+ A65E 78 C0        	defw	49272
3688+ A660 C0 C0        	defw	49344
3689+ A662 C0 00        	defw	192
3690+ A664 00 00        	defw	0
3691+ A666 70 C0        	defw	49264
3692+ A668 70 08        	defw	2160
3693+ A66A F0 00        	defw	240
3694+ A66C 00 60        	defw	24576
3695+ A66E 70 60        	defw	24688
3696+ A670 60 60        	defw	24672
3697+ A672 38 00        	defw	56
3698+ A674 00 00        	defw	0
3699+ A676 C8 C8        	defw	51400
3700+ A678 C8 C8        	defw	51400
3701+ A67A 70 00        	defw	112
3702+ A67C 00 00        	defw	0
3703+ A67E C8 C8        	defw	51400
3704+ A680 70 70        	defw	28784
3705+ A682 20 00        	defw	32
3706+ A684 00 00        	defw	0
3707+ A686 C8 E8        	defw	59592
3708+ A688 E8 E8        	defw	59624
3709+ A68A 50 00        	defw	80
3710+ A68C 00 00        	defw	0
3711+ A68E 88 D8        	defw	55432
3712+ A690 70 D8        	defw	55408
3713+ A692 88 00        	defw	136
3714+ A694 00 00        	defw	0
3715+ A696 C8 C8        	defw	51400
3716+ A698 C8 78        	defw	30920
3717+ A69A 08 70        	defw	28680
3718+ A69C 00 00        	defw	0
3719+ A69E F8 30        	defw	12536
3720+ A6A0 60 C0        	defw	49248
3721+ A6A2 F8 00        	defw	248
3722+ A6A4 78 60        	defw	24696
3723+ A6A6 60 C0        	defw	49248
3724+ A6A8 60 60        	defw	24672
3725+ A6AA 78 00        	defw	120
3726+ A6AC 60 60        	defw	24672
3727+ A6AE 60 60        	defw	24672
3728+ A6B0 60 60        	defw	24672
3729+ A6B2 60 00        	defw	96
3730+ A6B4 F0 30        	defw	12528
3731+ A6B6 30 18        	defw	6192
3732+ A6B8 30 30        	defw	12336
3733+ A6BA F0 00        	defw	240
3734+ A6BC 34 68        	defw	26676
3735+ A6BE 00 00        	defw	0
3736+ A6C0 00 00        	defw	0
3737+ A6C2 00 00        	defw	0
3738+ A6C4 70 88        	defw	34928
3739+ A6C6 A8 C8        	defw	51368
3740+ A6C8 A8 88        	defw	34984
3741+ A6CA 70 00        	defw	112
3742+ A6CC
3743+ A6CC CD D6 A6     ANYKEY	call	KEYSCAN
3744+ A6CF 28 FB        	jr	z,ANYKEY
3745+ A6D1 C9           	ret
3746+ A6D2
3747+ A6D2              	include	inkey.a80
# file opened: inkey.a80
   1++A6D2              ;/* update 21:18 2.10.2016
   2++A6D2              ;
   3++A6D2              ;Busy's inkey routine taken from MRS
   4++A6D2              ;
   5++A6D2              ;
   6++A6D2              ;"# inkey 03"
   7++A6D2              ;Rutina INKEY na zacitanie prave stlacenej klavesy
   8++A6D2              ;...pracuje presne tak ako funkcia INKEY$ v basicu
   9++A6D2              ;Vracia:ASCII-kod prave stlacenej klavesy v registri A
  10++A6D2              ;ak nie je nic stlacene tak vrati nulu
  11++A6D2              ;prizrak ZERO sa nastavi podla nulovosti registra A
  12++A6D2              ;*/
  13++A6D2
  14++A6D2 00           lastkey     db 0
  15++A6D3 00           otherkey    db 0
  16++A6D4 00           keysound    db 0
  17++A6D5 00           BORDER      db 0
  18++A6D6
  19++A6D6              ;pro volani klavesnice pouzivame call KEYSCAN
  20++A6D6              KEYSCAN
  21++A6D6              return_key			;first press, returns NZ, next presses Z, no return if no key pressed
  22++A6D6
  23++A6D6 CD 31 A7     keyboard	call inkey	;Busy's MRS solution- the best:))
  24++A6D9 B7           		or a
  25++A6DA 20 04        		jr nz,keyb1
  26++A6DC 32 D2 A6     		ld (lastkey),a
  27++A6DF C9           		ret		;if no key pressed, RETurn with A=0 and Z flag
  28++A6E0              ;		jr keyboard
  29++A6E0 ~            /*alternativa, zpomaleni klavesnice pro rychlejsi CPU
  30++A6E0 ~            keyb1		ei
  31++A6E0 ~            		halt
  32++A6E0 ~            		halt
  33++A6E0 ~            		di
  34++A6E0 ~            key_cont	ld c,a
  35++A6E0 ~            */
  36++A6E0 01 00 04     keyb1		ld bc,$400
  37++A6E3
  38++A6E3
  39++A6E3 0D           keyb2		dec c
  40++A6E4 20 FD        		jr nz,keyb2
  41++A6E6 10 FB        		djnz keyb2
  42++A6E8 4F           		ld c,a
  43++A6E9 CD 31 A7     		call inkey
  44++A6EC B9           		cp c
  45++A6ED 20 E7        		jr nz,keyboard
  46++A6EF 3A D2 A6     		ld a,(lastkey)
  47++A6F2 B9           		cp c
  48++A6F3 28 04        		jr z,keyb3
  49++A6F5 3E 80        		ld a,$80
  50++A6F7 18 12        		jr keyb4
  51++A6F9 3A D3 A6     keyb3		ld a,(otherkey)
  52++A6FC 47           		ld b,a
  53++A6FD AF           keyb7		xor a
  54++A6FE 3D           keyb5		dec a
  55++A6FF 20 FD        		jr nz,keyb5
  56++A701 CD 31 A7     		call inkey
  57++A704 B9           		cp c
  58++A705 20 CF        		jr nz,keyboard
  59++A707 10 F4        		djnz keyb7
  60++A709 3E 01        		ld a,1
  61++A70B 32 D3 A6     keyb4		ld (otherkey),a
  62++A70E 79           		ld a,c
  63++A70F 32 D2 A6     		ld (lastkey),a
  64++A712 F5           beep		push af
  65++A713              ;		or a			;tento or je pro rutinu MRS dulezity, jinak rutina kvici
  66++A713 CD 18 A7     		call beepk		;beep
  67++A716 F1           		pop af
  68++A717 C9           		ret		;end of Busy's solution
  69++A718
  70++A718 3A D4 A6     beepk		ld a,(keysound)		;Busyho nahradni rutina,kratsi
  71++A71B B7           		or a
  72++A71C C0           		ret nz
  73++A71D 3A D5 A6     		ld a,(BORDER)
  74++A720 AF           		xor	a		;black border
  75++A721 5F           		ld e,a
  76++A722 06 10        		ld b,$10
  77++A724 80           		add a,b
  78++A725              ;		ld a,$10+border
  79++A725 D3 FE        		out ($fe),a
  80++A727 06 1C        		ld b,$1c
  81++A729 10 FE        beepk1		djnz beepk1
  82++A72B 3E 08        		ld a,$08
  83++A72D 83           		add a,e
  84++A72E              ;		ld a,$08+border
  85++A72E D3 FE        		out ($fe),a
  86++A730 C9           		ret
  87++A731
  88++A731
  89++A731
  90++A731
  91++A731              za
  92++A731 E5           inkey	push hl                  ;Odlozenie
  93++A732 D5           	push de                  ;povodneho
  94++A733 C5           	push bc                  ;obsahu registrov
  95++A734 01 FE 7F     	ld   bc,$7ffe            ;adresa portu prvej polrady
  96++A737 26 00        	ld   h,$00               ;h=pocitadlo klaves
  97++A739 54           	ld   d,h                 ;d,e=pomocny buffer pre
  98++A73A 5C           	ld   e,h                 ;dve stlacene klavesy
  99++A73B 2E 05        ii1	ld   l,$05               ;v kazdej polrade je 5 klaves
 100++A73D ED 78        	in   a,(c)               ;nacitanie polrady klavesnice
 101++A73F 24           ii2	inc  h                   ;pre kazdy test sa pripocita +1
 102++A740 0F           	rrca                     ;test jednej klavesy z polrady
 103++A741 38 02        	jr   c,ii3               ;nestlacena - skok
 104++A743 53           	ld   d,e                 ;stlacena: zapise sa do pomocneho
 105++A744 5C           	ld   e,h                 ;buffera (tvoreneho registrom de)
 106++A745 2D           ii3	dec  l                   ;A toto vsetko opakuj
 107++A746 20 F7        	jr   nz,ii2              ;pre vsetky klavesy z polrady
 108++A748 CB 08        	rrc  b                   ;A toto vsetko opakuj
 109++A74A 38 EF        	jr   c,ii1               ;pre vsetky polrady klavesnice
 110++A74C 7B           	ld   a,e                 ;\
 111++A74D
 112++A74D FE 24        	cp   $24                 ;Prehodenie poradia klaves tak
 113++A74F 20 03        	jr   nz,ii5              ;aby shifty boli v registri D
 114++A751 5A           	ld   e,d                 ;a vyznamne klavesy v E
 115++A752 16 24        	ld   d,$24               ; |
 116++A754 FE 02        ii5	cp   $02                 ; |
 117++A756 20 03        	jr   nz,ii6              ; |
 118++A758 5A           	ld   e,d                 ; |
 119++A759 16 02        	ld   d,$02               ;/
 120++A75B 21 7D A7     ii6	ld   hl,iinn             ;Z tabulky pre neshiftove
 121++A75E AF           	xor  a                   ;klavesy sa bude citat
 122++A75F AA           	xor  d                   ;ak nebol stlaceny ziadny shift
 123++A760 28 12        	jr   z,ii7               ;- vtedy skoc
 124++A762 21 CF A7     	ld   hl,iiss             ;Ak bol stlaceny symbol shift
 125++A765 FE 02        	cp   $02                 ;tak sa bude citat z tejto
 126++A767 28 0B        	jr   z,ii7               ;tabulky - vtedy skoc
 127++A769 21 A6 A7     	ld   hl,iics             ;A na koniec je tu tabulka
 128++A76C FE 24        	cp   $24                 ;pre caps shift
 129++A76E 28 04        	jr   z,ii7               ;- vtedy skoc
 130++A770 3E 01        	ld   a,$01               ;Ak su stlacene dve vyznamne
 131++A772 18 04        	jr   ii8                 ;klavesy - vtedy sa vrati kod #01
 132++A774 16 00        ii7	ld   d,$00               ;Prekodovanie kodovania klaves
 133++A776 19           	add  hl,de               ;podla pocitadla na kod ASCII
 134++A777 7E           	ld   a,(hl)              ;Ak nie je nic stlacene,
 135++A778 A7           ii8	and  a                   ;bude a=#00 a teda aj zero.
 136++A779 C1           	pop  bc                  ;Obnovenie
 137++A77A D1           	pop  de                  ;povodneho
 138++A77B E1           	pop  hl                  ;obsahu registrov
 139++A77C C9           	ret                      ;a koniec rutinky.
 140++A77D
 141++A77D 00 20 1C 6D  iinn	db   $00," ",$1c,"mnb"   ;Tabulka klaves
 141++A781 6E 62
 142++A783 0D 6C 6B 6A          db   13,"lkjh"           ;pre neshiftove klavesy
 142++A787 68
 143++A788 70 6F 69 75          db   "poiuy"
 143++A78C 79
 144++A78D 30 39 38 37          db   "09876"
 144++A791 36
 145++A792 31 32 33 34          db   "12345"
 145++A796 35
 146++A797 71 77 65 72          db   "qwert"
 146++A79B 74
 147++A79C 61 73 64 66          db   "asdfg"
 147++A7A0 67
 148++A7A1 00 7A 78 63          db   $00,"zxcv"
 148++A7A5 76
 149++A7A6 00 01 0E 4D  iics	db   $00,1,$0e,"MNB"   ;Tabulka klaves
 149++A7AA 4E 42
 150++A7AC 02 4C 4B 4A          db   $02,"LKJH"          ;pre caps shift
 150++A7B0 48
 151++A7B1 50 4F 49 55          db   "POIUY"
 151++A7B5 59
 152++A7B6 0C 0F 09 0B          db   $0c,$0f,$09,$0b,$0a
 152++A7BA 0A
 153++A7BB 07 06 04 05          db   $07,$06,$04,$05,$08
 153++A7BF 08
 154++A7C0 51 57 45 52          db   "QWERT"
 154++A7C4 54
 155++A7C5 41 53 44 46          db   "ASDFG"
 155++A7C9 47
 156++A7CA 1F 5A 58 43          db   $1f,"ZXCV"
 156++A7CE 56
 157++A7CF              ;Tabulka klaves pre symbol shift, bohuzel pro MBC nutno prekopat
 158++A7CF 00 10 1E 2E  iiss	db   $00,$10,$1e,".,*"  ;SPC,SS,mnb
 158++A7D3 2C 2A
 159++A7D5 03 3D 2B 2D          db   $03,"=+-^"         ;ENT,lkjh
 159++A7D9 5E
 160++A7DA 22 3B 7F 5D  	db   $22,";]["		;poiuy
 160++A7DE 5B
 161++A7DF 5F 29 28 27          db   "_)(","'","&"	;09876
 161++A7E3 26
 162++A7E4 21 40 23 24  	db   "!@#$%"		;12345
 162++A7E8 25
 163++A7E9 C7 13 14 3C  	db   199,$13,$14,"<>"	;qwert	    misto 199 bylo #12
 163++A7ED 3E
 164++A7EE 7E 7C 5C 7B          db   "~|",$5C,$7B,$7D	;asdfg	    \{}
 164++A7F2 7D
 165++A7F3 1D 3A 60 3F          db   $1d,":`?/"		;CS,zxcv
 165++A7F7 2F
 166++A7F8              ko
 167++A7F8              le      =    ko-za
 168++A7F8
# file closed: inkey.a80
3748+ A7F8
3749+ A7F8 ~            /*LMNho rutinu davame pryc, neumi autorepeat, bude nahrazena tou od Busyho
3750+ A7F8 ~            ;------------------------------
3751+ A7F8 ~            ANYKEY	call	IINKEY
3752+ A7F8 ~            	jr	z,ANYKEY
3753+ A7F8 ~            	push	af
3754+ A7F8 ~            ANYKEY_0
3755+ A7F8 ~            	call	IINKEY
3756+ A7F8 ~            	jr	nz,ANYKEY_0
3757+ A7F8 ~            	pop	af
3758+ A7F8 ~            	ret
3759+ A7F8 ~            ;------------------------------
3760+ A7F8 ~            IINKEY	push	hl
3761+ A7F8 ~            	push	de
3762+ A7F8 ~            	push	bc
3763+ A7F8 ~            	ld	bc,#7FFE
3764+ A7F8 ~            	ld	h,0
3765+ A7F8 ~            	ld	d,h
3766+ A7F8 ~            	ld	e,h
3767+ A7F8 ~            II1	ld	l,5
3768+ A7F8 ~            	in	a,(c)
3769+ A7F8 ~            II2	inc	h
3770+ A7F8 ~            	rrca
3771+ A7F8 ~            	jr	c,II3
3772+ A7F8 ~            	ld	d,e
3773+ A7F8 ~            	ld	e,h
3774+ A7F8 ~            II3	dec	l
3775+ A7F8 ~            	jr	nz,II2
3776+ A7F8 ~            	rrc	b
3777+ A7F8 ~            	jr	c,II1
3778+ A7F8 ~            	ld	a,e
3779+ A7F8 ~            	cp	#24
3780+ A7F8 ~            	jr	nz,II5
3781+ A7F8 ~            	ld	e,d
3782+ A7F8 ~            	ld	d,#24
3783+ A7F8 ~            II5	cp	2
3784+ A7F8 ~            	jr	nz,II6
3785+ A7F8 ~            	ld	e,d
3786+ A7F8 ~            	ld	d,2
3787+ A7F8 ~            II6	ld	hl,IINN
3788+ A7F8 ~            	xor	a
3789+ A7F8 ~            	xor	d
3790+ A7F8 ~            	jr	z,II7
3791+ A7F8 ~            	ld	hl,IISS
3792+ A7F8 ~            	cp	2
3793+ A7F8 ~            	jr	z,II7
3794+ A7F8 ~            	ld	hl,IICS
3795+ A7F8 ~            	cp	#24
3796+ A7F8 ~            	jr	z,II7
3797+ A7F8 ~            	ld	a,1
3798+ A7F8 ~            	jr	II8
3799+ A7F8 ~
3800+ A7F8 ~            II7	ld	d,0
3801+ A7F8 ~            	add	hl,de
3802+ A7F8 ~            	ld	a,(hl)
3803+ A7F8 ~            II8	and	a
3804+ A7F8 ~            	pop	bc
3805+ A7F8 ~            	pop	de
3806+ A7F8 ~            	pop	hl
3807+ A7F8 ~            	ret
3808+ A7F8 ~
3809+ A7F8 ~            IINN	defb	0," ",#1C
3810+ A7F8 ~            	defb	"mnb"
3811+ A7F8 ~            	defb	13
3812+ A7F8 ~            	defb	"lkjh"
3813+ A7F8 ~            	defb	"poiuy"
3814+ A7F8 ~            	defb	"09876"
3815+ A7F8 ~            	defb	"12345"
3816+ A7F8 ~            	defb	"qwert"
3817+ A7F8 ~            	defb	"asdfg"
3818+ A7F8 ~            	defb	0
3819+ A7F8 ~            	defb	"zxcv"
3820+ A7F8 ~
3821+ A7F8 ~            IICS	defb	0,#11,#0E
3822+ A7F8 ~            	defb	"MNB"
3823+ A7F8 ~            	defb	2
3824+ A7F8 ~            	defb	"LKJH"
3825+ A7F8 ~            	defb	"POIUY"
3826+ A7F8 ~            	defb	#0C,#0F,9,#0B,#0A
3827+ A7F8 ~            	defb	7,6,4,5,8
3828+ A7F8 ~            	defb	"QWERT"
3829+ A7F8 ~            	defb	"ASDFG"
3830+ A7F8 ~            	defb	#1F
3831+ A7F8 ~            	defb	"ZXCV"
3832+ A7F8 ~
3833+ A7F8 ~            IISS	defb	0,16,#1E
3834+ A7F8 ~            	defb	".,*"
3835+ A7F8 ~            	defb	3
3836+ A7F8 ~            	defb	"=+-^"
3837+ A7F8 ~            	defb	34 ;"
3838+ A7F8 ~            	defb	";}{"
3839+ A7F8 ~            	defb	"_)('&"
3840+ A7F8 ~            	defb	"!@#$%"
3841+ A7F8 ~            	defb	#12,#13,#14
3842+ A7F8 ~            	defb	"<>"
3843+ A7F8 ~            	defb	"~|"
3845+ A7F8 ~            	defb	92 ;	defb	123 ;{
3846+ A7F8 ~            	defb	125 ;}
3847+ A7F8 ~            	defb	#1D
3848+ A7F8 ~            	defb	":`?/"
3849+ A7F8 ~            */
3850+ A7F8
3851+ A7F8              ;------------------------------
3852+ A7F8              ; ATA IDENTIFY DEVICE pro jedinou podporovanou CF kartu MASTER.
3853+ A7F8              ; Vstup: IX=512B buffer. Vystup: Z=OK, NZ=kod chyby.
3854+ A7F8              IDENTIFY
3855+ A7F8 CD 5A A8     	call	TST_BSY
3856+ A7FB C0           	ret	nz
3857+ A7FC 3E E0        	ld	a,#E0			;MASTER + LBA mode
3858+ A7FE D3 DB        	out	(P_HEA),a
3859+ A800 AF           	xor	a
3860+ A801 D3 CB        	out	(P_HSE),a
3861+ A803 D3 AF        	out	(P_NSE),a
3862+ A805 D3 D3        	out	(P_CYL),a
3863+ A807 D3 B7        	out	(P_CYH),a
3864+ A809 3E EC        	ld	a,#EC			;ATA IDENTIFY DEVICE
3865+ A80B D3 BF        	out	(P_COM),a
3866+ A80D CD 74 A8     	call	TST_DR
3867+ A810 C0           	ret	nz
3868+ A811 CD 8E A8     	call	RD_512
3869+ A814 CD 5A A8     	call	TST_BSY
3870+ A817 C0           	ret	nz
3871+ A818 CB 47        	bit	0,a
3872+ A81A 20 38        	jr	nz,ATA_GUI_STATUS_ERROR
3873+ A81C AF           	xor	a
3874+ A81D C9           	ret
3875+ A81E
3876+ A81E              ; Fyzicke cteni jednoho 512B ATA sektoru.
3877+ A81E              ; Vstup: HL=horni 16 bitu LBA, DE=dolni 16 bitu LBA, IX=buffer.
3878+ A81E              ATA_READ
3879+ A81E CD 5A A8     	call	TST_BSY
3880+ A821 C0           	ret	nz
3881+ A822 7C           	ld	a,h
3882+ A823 E6 F0        	and	#F0
3883+ A825 20 29        	jr	nz,ATA_GUI_LBA_RANGE
3884+ A827 7C           	ld	a,h
3885+ A828 E6 0F        	and	#0F
3886+ A82A F6 E0        	or	#E0			;MASTER + LBA mode + LBA 27..24
3887+ A82C D3 DB        	out	(P_HEA),a
3888+ A82E 3E 01        	ld	a,1
3889+ A830 D3 CB        	out	(P_HSE),a
3890+ A832 7B           	ld	a,e
3891+ A833 D3 AF        	out	(P_NSE),a		;LBA 7..0
3892+ A835 7A           	ld	a,d
3893+ A836 D3 D3        	out	(P_CYL),a		;LBA 15..8
3894+ A838 7D           	ld	a,l
3895+ A839 D3 B7        	out	(P_CYH),a		;LBA 23..16
3896+ A83B 3E 20        	ld	a,#20			;ATA READ SECTORS
3897+ A83D D3 BF        	out	(P_COM),a
3898+ A83F CD 74 A8     	call	TST_DR
3899+ A842 C0           	ret	nz
3900+ A843 CD 8E A8     	call	RD_512
3901+ A846 CD 5A A8     	call	TST_BSY
3902+ A849 C0           	ret	nz
3903+ A84A CB 47        	bit	0,a
3904+ A84C 20 06        	jr	nz,ATA_GUI_STATUS_ERROR
3905+ A84E AF           	xor	a
3906+ A84F C9           	ret
3907+ A850
3908+ A850              ATA_GUI_LBA_RANGE
3909+ A850 3E 10        	ld	a,%00010000
3910+ A852 B7           	or	a
3911+ A853 C9           	ret
3912+ A854
3913+ A854              ATA_GUI_STATUS_ERROR
3914+ A854 DB A7        	in	a,(P_ERR)
3915+ A856 B7           	or	a
3916+ A857 C0           	ret	nz
3917+ A858 3C           	inc	a			;ERR byl nastaven, nevracej falesne Z
3918+ A859 C9           	ret
3919+ A85A
3920+ A85A              ; Ceka na konec BSY. #FF znamena, ze zarizeni/port neodpovida.
3921+ A85A              TST_BSY
3922+ A85A E5           	push	hl
3923+ A85B 21 00 00     	ld	hl,0
3924+ A85E              .ata_bsy_loop
3925+ A85E 2B           	dec	hl
3926+ A85F 7D           	ld	a,l
3927+ A860 B4           	or	h
3928+ A861 28 0C        	jr	z,.ata_timeout
3929+ A863 DB BF        	in	a,(P_COM)
3930+ A865 FE FF        	cp	#FF
3931+ A867 28 F5        	jr	z,.ata_bsy_loop
3932+ A869 CB 7F        	bit	7,a
3933+ A86B 20 F1        	jr	nz,.ata_bsy_loop
3934+ A86D E1           	pop	hl
3935+ A86E C9           	ret
3936+ A86F              .ata_timeout
3937+ A86F 3E FF        	ld	a,#FF
3938+ A871 B7           	or	a
3939+ A872 E1           	pop	hl
3940+ A873 C9           	ret
3941+ A874
3942+ A874              ; Test BSY, DRDY, DRQ a ERR po ATA prikazu.
3943+ A874              TST_DR
3944+ A874 CD 5A A8     	call	TST_BSY
3945+ A877 C0           	ret	nz
3946+ A878 CB 77        	bit	6,a
3947+ A87A 28 0A        	jr	z,.ata_not_ready
3948+ A87C CB 5F        	bit	3,a
3949+ A87E 28 0A        	jr	z,.ata_no_drq
3950+ A880 CB 47        	bit	0,a
3951+ A882 20 D0        	jr	nz,ATA_GUI_STATUS_ERROR
3952+ A884 AF           	xor	a
3953+ A885 C9           	ret
3954+ A886              .ata_not_ready
3955+ A886 3E 06        	ld	a,6
3956+ A888 B7           	or	a
3957+ A889 C9           	ret
3958+ A88A              .ata_no_drq
3959+ A88A 3E 03        	ld	a,3
3960+ A88C B7           	or	a
3961+ A88D C9           	ret
3962+ A88E
3963+ A88E              ; DMA prenos 512 bajtu z ATA datoveho portu do adresy v IX.
3964+ A88E              RD_512
3965+ A88E DD 22 A9 A8  	ld	(DMADR1),ix
3966+ A892 21 9F A8     	ld	hl,RD1S
3967+ A895 01 0B 0F     	ld	bc,((RD1END-RD1S)*256)+DMA
3968+ A898 ED B3        	otir
3969+ A89A 06 87        	ld	b,#87			;WR6 enable DMA
3970+ A89C ED 41        	out	(c),b
3971+ A89E C9           	ret
3972+ A89F
3973+ A89F              RD1S
3974+ A89F C3           	db	#C3			;WR6 reset
3975+ A8A0 7D           	db	%01111101		;WR0 A->B, transfer
3976+ A8A1 C3 00        	dw	P_DAT			;source port
3977+ A8A3 FF 01        	dw	511			;block length - 1
3978+ A8A5 6C           	db	%01101100		;WR1 A fixed I/O, variable cycle
3979+ A8A6 CD           	db	%11001101		;3T, no early cycle end
3980+ A8A7 10           	db	%00010000		;WR2 B memory, increment
3981+ A8A8 AD           	db	%10101101		;WR4 continuous
3982+ A8A9 00 00        DMADR1	dw	0			;destination
3983+ A8AB 92           	db	%10010010		;WR5 ready low, stop on end
3984+ A8AC CF           	db	#CF			;WR6 load
3985+ A8AD B3           	db	#B3			;WR6 force ready
3986+ A8AE              RD1END
3987+ A8AE
3988+ A8AE              ;------------------------------
3989+ A8AE ~            /* also not needed for SD cards
3990+ A8AE ~            ;IDENTIFY:ix-adresa, a-mas/slv
3991+ A8AE ~            IDENTIFY
3992+ A8AE ~            	or	%11100000
3993+ A8AE ~            	ld	(ACCMODE0+1),a
3994+ A8AE ~            	call	TST_BSY
3995+ A8AE ~            	ret	nz
3996+ A8AE ~
3997+ A8AE ~            ACCMODE0
3998+ A8AE ~            	ld	a,0
3999+ A8AE ~            	out	(P_HEA),a
4000+ A8AE ~            	ld	a,#EC
4001+ A8AE ~            	out	(P_COM),a
4002+ A8AE ~            	call	TST_DR
4003+ A8AE ~            	ret	nz
4004+ A8AE ~
4005+ A8AE ~            	call	RD_512
4006+ A8AE ~
4007+ A8AE ~            	call	TST_BSY
4008+ A8AE ~            ;
4009+ A8AE ~            	ret
4010+ A8AE ~            */
4011+ A8AE
4012+ A8AE              ; Fyzicke cteni LBA sektoru se nyni vola primo pres SD_READ.
4013+ A8AE              ; Vstup SD_READ: HL = horni 16 bitu LBA, DE = dolni 16 bitu LBA, IX = buffer.
4014+ A8AE
4015+ A8AE ~            /* old IDE (CF card) part, replaced by SD card routines
4016+ A8AE ~            	or	%11100000
4017+ A8AE ~            ;natvrdo LBA  bit6 urcuje, ze se pouzije LBA pristup
4018+ A8AE ~            	ld	(HEA_REG+1),a
4019+ A8AE ~            	call	TST_BSY
4020+ A8AE ~            	ret	nz
4021+ A8AE ~
4022+ A8AE ~            HEA_REG	ld	a,%11100000
4023+ A8AE ~            	or	b
4024+ A8AE ~            ; prictou se nejvyssi ctyri bity LBA
4025+ A8AE ~            	out	(P_HEA),a
4026+ A8AE ~            ;cislo hlavicky
4027+ A8AE ~
4028+ A8AE ~            	ld	a,1
4029+ A8AE ~            	out	(P_HSE),a
4030+ A8AE ~            ;pocet sektoru 1*512B
4031+ A8AE ~
4032+ A8AE ~            	ld	a,c
4033+ A8AE ~            	out	(P_NSE),a
4034+ A8AE ~            ;cislo sektoru od 1
4035+ A8AE ~
4036+ A8AE ~            	ld	a,e
4037+ A8AE ~            	out	(P_CYL),a
4038+ A8AE ~            	ld	a,d
4039+ A8AE ~            	out	(P_CYH),a
4040+ A8AE ~            ;cislo cylindru
4041+ A8AE ~
4042+ A8AE ~            	ld	a,#21
4043+ A8AE ~            	out	(P_COM),a
4044+ A8AE ~
4045+ A8AE ~
4046+ A8AE ~            	call	TST_DR
4047+ A8AE ~            	ret	nz
4048+ A8AE ~
4049+ A8AE ~            	call	RD_512
4050+ A8AE ~            	call	TST_BSY
4051+ A8AE ~            ;	ret	nz
4052+ A8AE ~
4053+ A8AE ~            	ret
4054+ A8AE ~
4055+ A8AE ~
4056+ A8AE ~            TST_BSY
4057+ A8AE ~            	push	hl
4058+ A8AE ~            	ld	hl,0
4059+ A8AE ~            TST1
4060+ A8AE ~            	dec	hl
4061+ A8AE ~            	ld	a,l
4062+ A8AE ~            	or	h
4063+ A8AE ~            	jr	z,TOUT1
4064+ A8AE ~            P84	in	a,(P_COM)
4065+ A8AE ~            	cp	255
4066+ A8AE ~            	jr	z,TST1
4067+ A8AE ~            	bit	7,a
4068+ A8AE ~            	jr	nz,TST1
4069+ A8AE ~            	pop	hl
4070+ A8AE ~            	ret
4071+ A8AE ~            TOUT1
4072+ A8AE ~            	ld	a,255
4073+ A8AE ~            	or	a
4074+ A8AE ~            	pop	hl
4075+ A8AE ~            	ret
4076+ A8AE ~            ;------------------------------
4077+ A8AE ~            ;test BSY,DRDY,DRQ,ERR statusu
4078+ A8AE ~            TST_DR
4079+ A8AE ~            	call	TST_BSY
4080+ A8AE ~            	ret	nz
4081+ A8AE ~            	bit	6,a
4082+ A8AE ~            	jr	z,ER6
4083+ A8AE ~            	bit	3,a
4084+ A8AE ~            	jr	z,ER3
4085+ A8AE ~            	bit	0,a
4086+ A8AE ~            	jr	nz,ER1
4087+ A8AE ~            	ret
4088+ A8AE ~            ER6	ld	a,7
4089+ A8AE ~            	dec	a
4090+ A8AE ~            	ret
4091+ A8AE ~            ER3	ld	a,4
4092+ A8AE ~            	dec	a
4093+ A8AE ~            	ret
4094+ A8AE ~            ER1	ld	a,1
4095+ A8AE ~            	ret
4096+ A8AE ~            ;------------------------------
4097+ A8AE ~            RD_512
4098+ A8AE ~            	ld	(DMADR1),ix
4099+ A8AE ~            	push	hl
4100+ A8AE ~            	ld	hl,RD1S
4101+ A8AE ~            	ld	bc,RD1L*256+DMA
4102+ A8AE ~            RDWR1	otir
4103+ A8AE ~            	ld	b,#87			;WR6 enable dma
4104+ A8AE ~            	out	(c),b
4105+ A8AE ~            	pop	hl
4106+ A8AE ~            	ld	bc,512
4107+ A8AE ~            	add	hl,bc
4108+ A8AE ~            	ret
4109+ A8AE ~
4110+ A8AE ~
4111+ A8AE ~            ;------------------------------
4112+ A8AE ~            WR_512					;not use
4113+ A8AE ~            	ld	(DMADR2),ix
4114+ A8AE ~            	push	hl
4115+ A8AE ~            	ld	hl,WR1S
4116+ A8AE ~            	ld	bc,WR1L*256+DMA
4117+ A8AE ~            	jr	RDWR1
4118+ A8AE ~
4119+ A8AE ~            ;---<DMA_IN>-------------------
4120+ A8AE ~            RD1S
4121+ A8AE ~            	defb	195			;WR6 #C3 reset
4122+ A8AE ~            	defb	%01111101		;WR0 A->B, transfer
4123+ A8AE ~            	defw	P_DAT			;source port
4124+ A8AE ~            	defw	511			;lenght
4125+ A8AE ~            	defb	%00101100		;WR1 A-port,A-fixed
4126+ A8AE ~            	defb	%00010000		;WR2 B-memory, B-increment
4127+ A8AE ~            	defb	%10101101		;WR4 continuous,
4128+ A8AE ~            DMADR1	defw	0			;destination
4129+ A8AE ~            	defb	%10010010		;WR5 ready low,CE/WAIT,stop on end of block
4130+ A8AE ~            	defb	#CF			;WR6 load
4131+ A8AE ~            	defb	#B3			;WR6 force ready
4132+ A8AE ~            RD1L	equ	$-RD1S
4133+ A8AE ~            ;---<DMA_OUT>------------------
4134+ A8AE ~
4135+ A8AE ~            WR1S	defb	195
4136+ A8AE ~            	defb	%01111101
4137+ A8AE ~            DMADR2	defw	0
4138+ A8AE ~            	defw	511
4139+ A8AE ~            	defb	%00010100
4140+ A8AE ~            	defb	%00101000
4141+ A8AE ~            	defb	%10101101
4142+ A8AE ~            	defw	P_DAT
4143+ A8AE ~            	defb	%10010010
4144+ A8AE ~            	defb	#CF
4145+ A8AE ~            	defb	#B3
4146+ A8AE ~            WR1L	equ	$-WR1S
4147+ A8AE ~            */
4148+ A8AE
4149+ A8AE              ;------------------------------
4150+ A8AE              ;prohazuje vyssi a nizsi byte
4151+ A8AE              ;zkurveny system
4152+ A8AE              PROHOD
4153+ A8AE              ;HL adresa
4154+ A8AE              ;B kolik bytu
4155+ A8AE              ;MENI: A
4156+ A8AE E5           	push	hl
4157+ A8AF C5           	push	bc
4158+ A8B0 CB 08        	rrc	b
4159+ A8B2              PROHOD1
4160+ A8B2 7E           	ld	a,(hl)
4161+ A8B3 23           	inc	hl
4162+ A8B4 4E           	ld	c,(hl)
4163+ A8B5 2B           	dec	hl
4164+ A8B6 71           	ld	(hl),c
4165+ A8B7 23           	inc	hl
4166+ A8B8 77           	ld	(hl),a
4167+ A8B9 23           	inc	hl
4168+ A8BA 10 F6        	djnz	PROHOD1
4169+ A8BC C1           	pop	bc
4170+ A8BD E1           	pop	hl
4171+ A8BE C9           	ret
4172+ A8BF
4173+ A8BF              ;------------------------------
4174+ A8BF 00 00 00 00  D1LBA	defw	0,0,0
4174+ A8C3 00 00
4175+ A8C5 00 00 00 00  D2LBA	defw	0,0,0
4175+ A8C9 00 00
4176+ A8CB              LEN	equ	$-32768
4177+ A8CB
4178+ A8CB 00 00 00 00  FirstDataLBA	dw	0,0		;absolutni LBA zacatku datove oblasti
4179+ A8CF
4180+ A8CF              ;pracovni data pro FAT32 root-chain hledani fyzicky prvniho MBD/MBH
4181+ A8CF 00 00 00 00  FAT32_FirstFATLBA	dw	0,0
4182+ A8D3 00 00 00 00  FAT32_CurCluster	dw	0,0
4183+ A8D7 00 00 00 00  FAT32_DirLBA		dw	0,0
4184+ A8DB FF FF FF FF  FAT32_BestCluster	dw	#FFFF,#FFFF
4185+ A8DF 00           FAT32_SecPerClus	db	0
4186+ A8E0 00           FAT32_SectorsLeft	db	0
4187+ A8E1 00           FAT32_Found		db	0
4188+ A8E2 00 00 00...  FAT32_BestEntry		block	32
4189+ A902
4190+ A902              ; POZOR: fat_type MUSI zustat bezprostredne pred BUFFER.
4191+ A902              ; Stavajici kod testuje FAT typ take pres (ix-1), kdyz IX=BUFFER.
4192+ A902 55           fat_type	db	#55		;bit 0=Z=FAT16, bit 0=NZ=FAT32
4193+ A903              BUFFER	;equ	25000
4194+ A903 00 00 00...  	block	512
4195+ AB03              BUFFER2	;equ	38000
4196+ AB03 00 00 00...  	block	512
4197+ AD03              zvukplay
4198+ AD03 4F           	ld	c,a
4199+ AD04 3A 0A 80     	ld	a,(@playnoise)
4200+ AD07 B7           	or	a
4201+ AD08 C8           	ret	z
4202+ AD09 79           	ld	a,c
4203+ AD0A              ;	ld	a,1
4204+ AD0A 32 64 EA     	ld	(zvukcmp+4),a
4205+ AD0D C5           	push	bc
4206+ AD0E CD 60 EA     	call	zvukcmp
4207+ AD11 C1           	pop	bc
4208+ AD12              zvukloop
4209+ AD12 C5           	push	bc
4210+ AD13 CD A9 EA     	call	zvukcmp+73
4211+ AD16 01 C4 09     	ld	bc,2500
4212+ AD19              zvukpause
4213+ AD19 0B           	dec	bc
4214+ AD1A 78           	ld	a,b
4215+ AD1B B1           	or	c
4216+ AD1C 20 FB        	jr	nz,zvukpause
4217+ AD1E C1           	pop	bc
4218+ AD1F 10 F1        	djnz	zvukloop
4219+ AD21 C9           	ret
4220+ AD22
4221+ AD22              ;------------------------------------------------------------------------------
4222+ AD22              ; Matematicke rutiny - fyzicka kopie pro GUI (MODULE GUI)
4223+ AD22              ;------------------------------------------------------------------------------
4224+ AD22              MUL32x8:
4225+ AD22              	MATH_MUL32x8
4225+ AD22 DD E5       >        push    ix
4225+ AD24             >
4225+ AD24 22 59 AD    >        ld      (.value),hl
4225+ AD27 ED 53 5B AD >        ld      (.value+2),de
4225+ AD2B             >
4225+ AD2B 47          >        ld      b,a
4225+ AD2C DD 2E 08    >        ld      ixl,8
4225+ AD2F             >
4225+ AD2F 11 00 00    >        ld      de,0
4225+ AD32 21 00 00    >        ld      hl,0
4225+ AD35             >
4225+ AD35             >.loop:
4225+ AD35 29          >        add     hl,hl
4225+ AD36 CB 13       >        rl      e
4225+ AD38 CB 12       >        rl      d
4225+ AD3A             >
4225+ AD3A CB 20       >        sla     b
4225+ AD3C 30 14       >        jr      nc,.next
4225+ AD3E             >
4225+ AD3E 3A 59 AD    >        ld      a,(.value)
4225+ AD41 85          >        add     a,l
4225+ AD42 6F          >        ld      l,a
4225+ AD43             >
4225+ AD43 3A 5A AD    >        ld      a,(.value+1)
4225+ AD46 8C          >        adc     a,h
4225+ AD47 67          >        ld      h,a
4225+ AD48             >
4225+ AD48 3A 5B AD    >        ld      a,(.value+2)
4225+ AD4B 8B          >        adc     a,e
4225+ AD4C 5F          >        ld      e,a
4225+ AD4D             >
4225+ AD4D 3A 5C AD    >        ld      a,(.value+3)
4225+ AD50 8A          >        adc     a,d
4225+ AD51 57          >        ld      d,a
4225+ AD52             >
4225+ AD52             >.next:
4225+ AD52 DD 2D       >        dec     ixl
4225+ AD54 20 DF       >        jr      nz,.loop
4225+ AD56             >
4225+ AD56 DD E1       >        pop     ix
4225+ AD58 C9          >        ret
4225+ AD59             >
4225+ AD59             >.value:
4225+ AD59 00 00 00 00 >        ds      4
4226+ AD5D
4227+ AD5D              ADD32_16:
4228+ AD5D              	MATH_ADD32_16
4228+ AD5D 09          >        add     hl,bc
4228+ AD5E D0          >        ret     nc
4228+ AD5F             >
4228+ AD5F 13          >        inc     de
4228+ AD60 C9          >        ret
4229+ AD61
4230+ AD61              SUB32_8:
4231+ AD61              	MATH_SUB32_8
4231+ AD61 47          >        ld      b,a
4231+ AD62             >
4231+ AD62 7D          >        ld      a,l
4231+ AD63 90          >        sub     b
4231+ AD64 6F          >        ld      l,a
4231+ AD65             >
4231+ AD65 7C          >        ld      a,h
4231+ AD66 DE 00       >        sbc     a,0
4231+ AD68 67          >        ld      h,a
4231+ AD69             >
4231+ AD69 7B          >        ld      a,e
4231+ AD6A DE 00       >        sbc     a,0
4231+ AD6C 5F          >        ld      e,a
4231+ AD6D             >
4231+ AD6D 7A          >        ld      a,d
4231+ AD6E DE 00       >        sbc     a,0
4231+ AD70 57          >        ld      d,a
4231+ AD71             >
4231+ AD71 C9          >        ret
4232+ AD72
4233+ AD72              ADD32_32:
4234+ AD72              	MATH_ADD32_32
4234+ AD72 D9          >        exx
4234+ AD73             >
4234+ AD73 D5          >        push    de
4234+ AD74 E5          >        push    hl
4234+ AD75             >
4234+ AD75 D9          >        exx
4234+ AD76             >
4234+ AD76 C1          >        pop     bc
4234+ AD77 09          >        add     hl,bc
4234+ AD78             >
4234+ AD78 C1          >        pop     bc
4234+ AD79             >
4234+ AD79 EB          >        ex      de,hl
4234+ AD7A ED 4A       >        adc     hl,bc
4234+ AD7C EB          >        ex      de,hl
4234+ AD7D C9          >        ret
4235+ AD7E
4236+ AD7E
4237+ AD7E              	endmodule
4238+ AD7E
# file closed: GUI.a80
1789  AD7E
1790  AD7E
1791  AD7E 00 00 00...  	ALIGN	256
1792  AE00 00 00 00...  VDT		ds	256,0			;VDT tabulka bude 256 bajtu (8 zaznamu po 32 bajtech)
1793  AF00
1794  AF00              endfile
1795  AF00
1796  AF00              patchLEN	equ 	$-START
1797  AF00
1798  AF00              		savesna "EasyCF.sna",START
1799  AF00              ;		savebin "EasyCF.bin",START,patchLEN	;binarky se resi v ramci compile.bat od AI
1800  AF00
# file closed: easyhdd.a80
