# file opened: easyhdd.a80
   1  0000              ;"osetreni stavu karty (neni MBR, partition je prazdny, oddil neni FAT, atd....implementace nove VDT tabulky, jeji format je ve zdroji GUI.a80- a eji vyplneni. Zbyva vybrat user defined partisnu, tj dodat kurzor, a taky doladit degault byte, jaka tabulka se ma sama vybrat ajko auto, aby uzivatel nemusel porad jezdit kurzorem"
   2  0000
   3  0000              ;doma pushujeme
   4  0000              ;piseme: podpora 4 partisen. FAT16/FAT32
   5  0000
   6  0000              ;LMN Patch (EasyHDD) build on Dron's HDDpatch 1.62
   7  0000              ;public version for GIT
   8  0000              ;20200830 - zmena rychlosti portu z 2T na 3T. Pro CPU vetsi nez 7MHz uz CF nestiha
   9  0000              ;version 2.07
  10  0000              ;change driver identification text "HddDrive" to "HddEH207"
  11  0000              ;change/speed up splash screen, removed anykey
  12  0000              ;version 2.06
  13  0000              ; update ATA command, some was obsolete
  14  0000              ;verze 2.05
  15  0000              ; vylepseni detekce prvniho datoveho souboru, nyni se prohledava root a vypocte datovy sektor podle prvniho nalezeneho souboru mbd nebo mbh
  16  0000              ; http://www.tavi.co.uk/phobos/fat.html
  17  0000              ; detekce zda-li se jedna o disk s MBR nebo bez
  18  0000              ; oprava vypisu kapacity velkych disku
  19  0000              ;verze 2.04
  20  0000              ;-uprava pro jenom master, zato muzou byt jednotky 3-255
  21  0000              ;verze 2.03
  22  0000              ;-porty HOOD
  23  0000              ;verze 2.02
  24  0000              ;- zruseni detekce slave
  25  0000              ;- vypis rychlosti DMA prenosu
  26  0000              ;- zmena rychlosti DMA na 3T memory a 2T port
  27  0000              ;verze 2.01
  28  0000              ;- deaktivace zapisu na port #0F kvuli kolizi s SounDrive
  29  0000              ;- update 8BC logo
  30  0000              ;verze 2.00
  31  0000              ;- only for MB03+ Ultimate
  32  0000              ;- deaktivace cteni portu #0F (FDC statusu)
  33  0000              ;verze 1.06
  34  0000              ;- oprava aplikace zmeny DMA portu, navesti se projevilo jen GUI a ne v rutinach prenosu patche
  35  0000              ;- kosmeticke upravy zdrojoveho kodu
  36  0000              ;- zmena barvy copyright na fialovou
  37  0000              ;verze 1.05
  38  0000              ;- nova DMA sekvence umoznujici pouziti i originalniho Z80-DMA chipu
  39  0000              ;- oprava chyby ve zvukovem efektu
  40  0000              ;- oprava detekce jednotky @127
  41  0000              ;- upravena DMAOUT sekvence pro pouziti s originalnim Z80DMA obvodem
  42  0000              ;verze 1.04
  43  0000              ;- do VDT pridano General setting
  44  0000              ;- pri autoconfiguraci se do VDT (CHS udaje) zapisuji zjistene udaje
  45  0000              ;- vypocet prvniho datoveho sectoru
  46  0000              ;- pridany zvukove efekty (diky pro Factor6)
  47  0000              ;verze 1.03
  48  0000              ;- pridano GUI
  49  0000              ;- zobrazovani CHS a kapacity disku
  50  0000              ;- graficka uprava
  51  0000              ;-vsechny loga prevedeny do formatu SpriteEditoru typ 2
  52  0000              ;verze 1.02
  53  0000              ;- odstranen nadbytecny kod ze zdrojaku
  54  0000              ;- opraveny chyby
  55  0000              ;- prvni funkcni verze
  56  0000              ;- pridana obsluha WriteProtect a master/slave
  57  0000              ;- kontrola DMA prog. sekvence, orig. Z80DMA ready (nutno vyzkouset)
  58  0000              ;verze 1.01
  59  0000              ;- zruseny vsechny rezimy krome LBA, podpora zatim pouze master disku a wp disable
  60  0000              ;- nova VDT tabulka
  61  0000              ;verze 1.00
  62  0000              ;- upraveno pro preklad SjASM
  63  0000              ;- zrusena modifikace portu, nyni jsou porty natvrdo, pro jine je treba nova kompilace
  64  0000
  65  0000
  66  0000              ;poznamky
  67  0000              ;-pri formatovani pres ff17, se disk formatuje presto ze je WP. Chyba se projevi az na konci. Delal to i hddpatch 162.
  68  0000
  69  0000              ;pouziva dma prenosy
  70  0000              ;kapacita diskimage - 2MB
  71  0000              ;diskimage format   - 128x8x2
  72  0000              ;slave/master, write protect
  73  0000              ;------------------------------
  74  0000
  75  0000              	DEVICE ZXSPECTRUM48
  76  0000
  77  0000              		include "math_macros.a80"
# file opened: math_macros.a80
   1+ 0000              ;==============================================================================
   2+ 0000              ; EasySD - matematicka makra
   3+ 0000              ; SjASMPlus 1.20.3
   4+ 0000              ;
   5+ 0000              ; Tento soubor pouze DEFINUJE makra. Sam o sobe negeneruje zadny kod.
   6+ 0000              ; Makra obsahuji pouze telo rutiny. Navesti rutiny se uvede pri instanci:
   7+ 0000              ;
   8+ 0000              ;   MUL32x8:
   9+ 0000              ;           MATH_MUL32x8
  10+ 0000              ;
  11+ 0000              ; Lokalni navesti zacinajici teckou jsou pro kazdou expanzi makra samostatna.
  12+ 0000              ;==============================================================================
  13+ 0000              ;seznam rutin:
  14+ 0000              ;1) MUL32x8	nasobeni DEHL x A ->DEHL
  15+ 0000              ;2) ADD32_16	přičtení 16 bitoveho cisla, DEHL=DEHL+BC
  16+ 0000              ;3) SUB32_8	odečtení 8 bitoveho cisla, DEHL=DEHL-A
  17+ 0000              ;4) ADD32_32	sečtení dvou 32 bitových čísel, DEHL=první číslo, DE'HL'=druhé číslo
  18+ 0000              ;*************************************************************************************
  19+ 0000                      MACRO MATH_MUL32x8
  20+ 0000 ~                    push    ix
  21+ 0000 ~
  22+ 0000 ~                    ld      (.value),hl
  23+ 0000 ~                    ld      (.value+2),de
  24+ 0000 ~
  25+ 0000 ~                    ld      b,a
  26+ 0000 ~                    ld      ixl,8
  27+ 0000 ~
  28+ 0000 ~                    ld      de,0
  29+ 0000 ~                    ld      hl,0
  30+ 0000 ~
  31+ 0000 ~            .loop:
  32+ 0000 ~                    add     hl,hl
  33+ 0000 ~                    rl      e
  34+ 0000 ~                    rl      d
  35+ 0000 ~
  36+ 0000 ~                    sla     b
  37+ 0000 ~                    jr      nc,.next
  38+ 0000 ~
  39+ 0000 ~                    ld      a,(.value)
  40+ 0000 ~                    add     a,l
  41+ 0000 ~                    ld      l,a
  42+ 0000 ~
  43+ 0000 ~                    ld      a,(.value+1)
  44+ 0000 ~                    adc     a,h
  45+ 0000 ~                    ld      h,a
  46+ 0000 ~
  47+ 0000 ~                    ld      a,(.value+2)
  48+ 0000 ~                    adc     a,e
  49+ 0000 ~                    ld      e,a
  50+ 0000 ~
  51+ 0000 ~                    ld      a,(.value+3)
  52+ 0000 ~                    adc     a,d
  53+ 0000 ~                    ld      d,a
  54+ 0000 ~
  55+ 0000 ~            .next:
  56+ 0000 ~                    dec     ixl
  57+ 0000 ~                    jr      nz,.loop
  58+ 0000 ~
  59+ 0000 ~                    pop     ix
  60+ 0000 ~                    ret
  61+ 0000 ~
  62+ 0000 ~            .value:
  63+ 0000 ~                    ds      4
  64+ 0000                      ENDM
  65+ 0000
  66+ 0000
  67+ 0000                      MACRO MATH_ADD32_16
  68+ 0000 ~                    add     hl,bc
  69+ 0000 ~                    ret     nc
  70+ 0000 ~
  71+ 0000 ~                    inc     de
  72+ 0000 ~                    ret
  73+ 0000                      ENDM
  74+ 0000
  75+ 0000
  76+ 0000                      MACRO MATH_SUB32_8
  77+ 0000 ~                    ld      b,a
  78+ 0000 ~
  79+ 0000 ~                    ld      a,l
  80+ 0000 ~                    sub     b
  81+ 0000 ~                    ld      l,a
  82+ 0000 ~
  83+ 0000 ~                    ld      a,h
  84+ 0000 ~                    sbc     a,0
  85+ 0000 ~                    ld      h,a
  86+ 0000 ~
  87+ 0000 ~                    ld      a,e
  88+ 0000 ~                    sbc     a,0
  89+ 0000 ~                    ld      e,a
  90+ 0000 ~
  91+ 0000 ~                    ld      a,d
  92+ 0000 ~                    sbc     a,0
  93+ 0000 ~                    ld      d,a
  94+ 0000 ~
  95+ 0000 ~                    ret
  96+ 0000                      ENDM
  97+ 0000
  98+ 0000
  99+ 0000                      MACRO MATH_ADD32_32
 100+ 0000 ~                    exx
 101+ 0000 ~
 102+ 0000 ~                    push    de
 103+ 0000 ~                    push    hl
 104+ 0000 ~
 105+ 0000 ~                    exx
 106+ 0000 ~
 107+ 0000 ~                    pop     bc
 108+ 0000 ~                    add     hl,bc
 109+ 0000 ~
 110+ 0000 ~                    pop     bc
 111+ 0000 ~
 112+ 0000 ~                    ex      de,hl
 113+ 0000 ~                    adc     hl,bc
 114+ 0000 ~                    ex      de,hl
 115+ 0000 ~                    ret
 116+ 0000                      ENDM
 117+ 0000
# file closed: math_macros.a80
  78  0000
  79  0000
  80  0000              		org	32768
  81  8000              START
  82  8000              	IFDEF ELEMENT
  83  8000              		; Vyber externi MB03+ a prepni jej do MB02+/BSDOS rezimu
  84  8000              		; jeste pred prvnim ATA/IDENTIFY pristupem.
  85  8000 CD 09 80     		call	EL_MB02_INIT
  86  8003              	ENDIF
  87  8003 CD 47 94     		call	GUI.gui
  88  8006 C3 4E 80     		jp	MAIN.INSTALL
  89  8009
  90  8009
  91  8009              	IFDEF ELEMENT
  92  8009              ;------------------------------------------------------------
  93  8009              ; eLeMeNt ZX + external MB03+: route ZXi accesses to the external
  94  8009              ; MB03+ and switch that interface to MB02+/BSDOS mode.
  95  8009              ;
  96  8009              ; First verify that this really is an eLeMeNt family machine.
  97  8009              ; e_zxi_0FF: upper nibble #E identifies the eLeMeNt family.
  98  8009              ; Lower nibble may change on future eLeMeNt revisions.
  99  8009              ;
 100  8009              ; g_zxi_000 = #00  -> external device (MB03+)
 101  8009              ; m_zxi_000 = #01  -> MB02+ / BSDOS mode
 102  8009              ;
 103  8009              ; m_zxi_002 = #03 -> Hood/EasyCF IDE mapping, verified on real MB03+ hardware.
 104  8009              EL_MB02_INIT
 105  8009 F5           		push	af
 106  800A C5           		push	bc
 107  800B
 108  800B 01 3B 78     		ld	bc,#783B
 109  800E 3E FF        		ld	a,#FF
 110  8010 ED 79        		out	(c),a
 111  8012 01 3B 79     		ld	bc,#793B
 112  8015 ED 78        		in	a,(c)
 113  8017 E6 F0        		and	#F0
 114  8019 FE E0        		cp	#E0
 115  801B 20 26        		jr	nz,.done
 116  801D
 117  801D              		; Select external MB03+ in the general ZXi device selector.
 118  801D 01 3B 7C     		ld	bc,#7C3B
 119  8020 AF           		xor	a
 120  8021 ED 79        		out	(c),a
 121  8023 01 3B 7D     		ld	bc,#7D3B
 122  8026 ED 79        		out	(c),a
 123  8028
 124  8028              		; Switch the external MB03+ to MB02+/BSDOS mode.
 125  8028 01 3B 70     		ld	bc,#703B
 126  802B AF           		xor	a
 127  802C ED 79        		out	(c),a
 128  802E 01 3B 71     		ld	bc,#713B
 129  8031 3E 01        		ld	a,#01
 130  8033 ED 79        		out	(c),a
 131  8035
 132  8035              		; Enable the Hood/EasyCF IDE mapping required by the ATA routines.
 133  8035              		; Value #03 was verified on real MB03+ hardware with working BSDOS+CF.
 134  8035 01 3B 70     		ld	bc,#703B
 135  8038 3E 02        		ld	a,#02
 136  803A ED 79        		out	(c),a
 137  803C 01 3B 71     		ld	bc,#713B
 138  803F 3E 03        		ld	a,#03
 139  8041 ED 79        		out	(c),a
 140  8043
 141  8043 C1           .done		pop	bc
 142  8044 F1           		pop	af
 143  8045 C9           		ret
 144  8046
 145  8046              	ENDIF
 146  8046
 147  8046              ;virtual (floppy)disk table
 148  8046              ;General settings
 149  8046 00           @autoinstall	db	0		;auto install (/wait for any key)
 150  8047 01           @autoconfig	db	1		;1=auto configure (automatic search for first sector & set hdd parameters to VDT)
 151  8048              ;new parameter for EasyCF. If set to 0, selection will be done manually.
 152  8048 04           @partition	db	4		;if @autoconfig=1, use partition 1-4. If not usable, use the first available from start
 153  8049 00           @showsplash	db	0		;show splash screen
 154  804A 00           @playnoise	db	0		;playnoise
 155  804B 01           		db	1		;show gui
 156  804C 00           @noverify 	db	0		;disable write verify
 157  804D 01           @dmar3		db	1		;install dma patch (oprava hodnoty dma registru R3)
 158  804E
 159  804E ~            /* presouvame na konec RAMky
 160  804E ~            ;master disk
 161  804E ~            VDT		db	32,16		;Sectors/Heads
 162  804E ~            		dw	980		;Cylinders
 163  804E ~            		db	0		;Write protect
 164  804E ~            		dw	128		;first LBA sector of first file on disk
 165  804E ~
 166  804E ~            ;slave disk
 167  804E ~            		db	32,16		;Sectors/Heads
 168  804E ~            		dw	980		;Cylinders
 169  804E ~            		db	0		; Write protect
 170  804E ~            		dw	128		; first LBA sector of first file on disk
 171  804E ~
 172  804E ~            VDTLEN		equ 	$-VDT
 173  804E ~            */
 174  804E              VDTLEN		equ	256
 175  804E              ;		org	align		; "align" neni definovane navesti - puvodni radek docasne vypnut
 176  804E
 177  804E              HDD_MAIN_START		equ	#0090		;zacatek hlavniho EasyCF driveru v HDD bance
 178  804E              PIT_START		equ	#0383		;odtud zacina oblast prepisovana PIT patchem
 179  804E              CF_ROUTINES_START	equ	#F00		;ATA rutiny mimo oblast prepisovanou PIT patchem
 180  804E
 181  804E              ;porty HOOD
 182  804E              P_DAT		equ	195		;8'b110xx011
 183  804E              P_ERR		equ	167		;8'b101xx111
 184  804E              P_HSE		equ	203		;8'b110xx011
 185  804E              P_NSE		equ	175		;8'b101xx111
 186  804E              P_CYL		equ	211		;8'b110xx011
 187  804E              P_CYH		equ	183		;8'b101xx111
 188  804E              P_HEA		equ	219		;8'b110xx011
 189  804E              P_COM		equ	191		;8'b101xx111
 190  804E
 191  804E              ;porty hdd interface DRON
 192  804E              ;P_DAT		equ	195
 193  804E              ;P_ERR		equ	199
 194  804E              ;P_HSE		equ	203
 195  804E              ;P_NSE		equ	207
 196  804E              ;P_CYL		equ	211
 197  804E              ;P_CYH		equ	215
 198  804E              ;P_HEA		equ	219
 199  804E              ;P_COM		equ	223
 200  804E
 201  804E              ;porty hdd interface PVL
 202  804E              ;P_DAT		equ	163
 203  804E              ;P_ERR		equ	167
 204  804E              ;P_HSE		equ	171
 205  804E              ;P_NSE		equ	175
 206  804E              ;P_CYL		equ	179
 207  804E              ;P_CYH		equ	183
 208  804E              ;P_HEA		equ	187
 209  804E              ;P_COM		equ	191
 210  804E
 211  804E              ;MB02 porty
 212  804E              DMA		equ	11
 213  804E
 214  804E              ;;;;;;;;;;;;;;;;;;;;;
 215  804E              ; Instalace driveru ;
 216  804E              ;;;;;;;;;;;;;;;;;;;;;
 217  804E              	module	MAIN
 218  804E
 219  804E              ; VDT kopie pro bezici BSDOS bude fyzicky za ATA rutinami, zarovnana na xx00.
 220  804E              TAB		equ	CFroutines.BSDOS_VDT
 221  804E              TAB_DRV		equ	CFroutines.BSDOS_VDT
 222  804E
 223  804E F3           INSTALL		di
 224  804F              	IFDEF ELEMENT
 225  804F CD 09 80     		call	EL_MB02_INIT
 226  8052              	ENDIF
 227  8052
 228  8052              ;;presun fontu do HDD banky
 229  8052 21 00 3D     		ld	hl,15616
 230  8055 11 00 AF     		ld	de,endfile
 231  8058 01 00 03     		ld	bc,768
 232  805B ED B0        		ldir
 233  805D
 234  805D              ; VDT se sem uz NEkopiruje.
 235  805D              ; Cilem je adresa v HDD/patch bance, ktera bude pripojena az pozdeji.
 236  805D CD 9C 3C     	call #3c9c
 237  8060 21 48 81     	ld hl,zamek	;ver 1.18
 238  8063 11 E8 3C     	ld de,#3cE8
 239  8066 01 08 00     	ld bc,8
 240  8069 E5           	push hl
 241  806A D5           	push de
 242  806B C5           	push bc
 243  806C ED B0        	ldir		;end ver 1.18
 244  806E
 245  806E 3E 61        	ld a,97
 246  8070 D3 17        	out (23),a
 247  8072
 248  8072 C1           	pop bc		;ver 1.18
 249  8073 D1           	pop de
 250  8074 E1           	pop hl
 251  8075 ED B0        	ldir
 252  8077 3E 1D        	ld a,#1d	;rozsir bsdos o jeden znak, a to zamek
 253  8079 32 A1 21     	ld (#21a1),a	;end 1.18
 254  807C
 255  807C
 256  807C              ; ███████████████ MB03+ only ███████████████████████████████████████
 257  807C              		; by BusySoft
 258  807C              		; disable cteni portu #0F pro vyblokovani detekce WP z FDC
 259  807C              		; nahrada instrukce in a,(#0F) za ld a,0
 260  807C 21 0E 02     		ld	hl,#020E 	;adresa v bsdosram
 261  807F 36 3E        		ld	(hl),62		;ld a,
 262  8081 23           		inc	hl
 263  8082 36 00        		ld	(hl),0		;0
 264  8084              		; disable sending data to fdc port #0F
 265  8084              		; prepsani instrukce out(#0F),a dvema nopy
 266  8084 21 00 00     		ld	hl,0
 267  8087 22 9F 01     		ld	(#019F),hl
 268  808A 22 33 02     		ld	(#0233),hl
 269  808D              ; ███████████████ end - MB03+ only ███████████████████████████████████████
 270  808D
 271  808D 21 75 82     		ld	hl,ADR20
 272  8090 11 14 00     		ld	de,20
 273  8093 01 0C 00     		ld	bc,12
 274  8096 ED B0        		ldir
 275  8098
 276  8098 21 81 82     		ld	hl,ADR35
 277  809B 11 23 00     		ld	de,35
 278  809E 0E 05        		ld	c,5
 279  80A0 ED B0        		ldir
 280  80A2
 281  80A2 21 86 82              ld   hl,ADR43		;ver 1.07, Hood
 282  80A5 11 2B 00              ld   de,#2B
 283  80A8 0E 03                 ld   c,3
 284  80AA ED B0                 ldir			;end 1.07
 285  80AC
 286  80AC              ;		ld	hl,ADR43
 287  80AC              ;		ld	de,43
 288  80AC              ;		ld	c,5
 289  80AC              ;		ldir
 290  80AC
 291  80AC 21 6A 82     		ld	hl,ADR62
 292  80AF 11 3E 00     		ld	de,62
 293  80B2 0E 0B        		ld	c,11
 294  80B4 ED B0        		ldir
 295  80B6
 296  80B6 21 2B 81     	ld hl,qform	;ver. 1.13
 297  80B9 11 3A 12     	ld de,#123A
 298  80BC 01 07 00     	ld bc,#7
 299  80BF ED B0        	ldir		;end 1.13
 300  80C1
 301  80C1
 302  80C1 21 EA 1C     	ld hl,#1CEA	;ver. 1.12, nejdrive vycistime vsech 38 bajtu
 303  80C4 11 EB 1C     	ld de,#1CEB
 304  80C7 01 39 00     	ld bc,#39
 305  80CA 2A 00 00     	ld hl,(0)
 306  80CD ED B0        	ldir
 307  80CF
 308  80CF 21 FA 80     	ld hl,new_r	;preneseme novou rutinu
 309  80D2 11 EA 1C     	ld de,#1CEA
 310  80D5 01 31 00     	ld bc,newlen
 311  80D8 ED B0        	ldir
 312  80DA ED 53 69 81  	ld (fspldir1+1),de
 313  80DE ED 53 B9 82  	ld (FREE_JP+1),de
 314  80E2
 315  80E2 21 45 81     	ld hl,rp2	;preneseme patch dosu na zobrazovani statusu WP primo v katalogu disku, melo by fungovat i na diskety
 316  80E5 11 C3 17     	ld de,#17c3
 317  80E8 01 03 00     	ld bc,3
 318  80EB ED B0        	ldir
 319  80ED 21 32 81     	ld hl,reset_patch
 320  80F0 11 58 03     	ld de,#358
 321  80F3 01 13 00     	ld bc,19
 322  80F6 ED B0        	ldir
 323  80F8
 324  80F8 18 63        	jr fspldir
 325  80FA              new_r
 326  80FA              	disp #1cea
 327  1CEA 1E 01        nr	ld e,#01
 328  1CEC CD 2D 1D     	call #1d2d	;bootrd
 329  1CEF B7           	or a
 330  1CF0 C8           	ret z
 331  1CF1 1E 00        	ld e,#00
 332  1CF3 CD 2D 1D     	call #1d2d	;bootrd
 333  1CF6 B7           	or a
 334  1CF7 C8           	ret z
 335  1CF8 CD FA 1E     cant	call #1EFA	;error
 336  1CFB 43 61 6E 27  	db	"Can",39,"t "			;39 = ´
 336  1CFF 74 20
 337  1D01 72 65 61 64  	db	"read the ",2,0
 337  1D05 20 74 68 65
 337  1D09 20 02 00
 338  1D0C
 339  1D0C              adr144_cont		;ver 1.16- zde je zbytek rutiny AAA, v miste dosu #90-#FF uz nebylo misto
 340  1D0C DA BA 00     	jp c,RDWRSEC
 341  1D0F FE 12        	cp 18
 342  1D11 CA BA 00     	jp z,RDWRSEC
 343  1D14 FE 08        	cp 8		;ver. 1.11- pri volani cteni a zapisu stopy se vrat s chybou
 344  1D16 3E 80        	ld a,#80
 345  1D18 D8           	ret c
 346  1D19              ;LOOP12   cp   7
 347  1D19              ;         jr   z,RDWRSEC
 348  1D19              ;         xor  a
 349  1D19 AF           LOOP12	xor a
 350  1D1A C9           LO11      ret		;end 1.11
 351  1D1B
 352  1D1B              newrend
 353  1D1B              newlen equ newrend-nr		;end 1.12
 354  1D1B              	ent
 355  812B
 356  812B 00           qform	nop		;ver 1.13
 357  812C 03           form3	inc bc
 358  812D CB 58        	bit 3,b
 359  812F 00           	nop
 360  8130 28 ED        	db #28,#ed ;jr z,form2	;end 1.13
 361  8132
 362  8132              reset_patch		;ver 1.18
 363  8132 F5           	push af
 364  8133 AF           	xor a
 365  8134 DF           	rst #18
 366  8135 F5           	push af
 367  8136 CB 77        	bit 6,a
 368  8138 3E 1F        	ld a,#1F
 369  813A 28 02        	jr z,rp1
 370  813C 3E 1D        	ld a,#1D
 371  813E 32 C1 0D     rp1	ld (#dc1),a
 372  8141 F1           	pop af
 373  8142 C3 C6 17     	jp #17C6
 374  8145
 375  8145 C3 58 03     rp2	jp #358	;patch umistime hned za rutiny nmi menu do volneho mista
 376  8148
 377  8148              ;definice znaku zamek
 378  8148 00 3C 24 7E  zamek	defb 0,60,36,126,110,102,126,0		;end 1.18
 378  814C 6E 66 7E 00
 379  8150              new_cat_text
 380  8150 43 46 3A 50          defb    "CF:P0 BSD 308"
 380  8154 30 20 42 53
 380  8158 44 20 33 30
 380  815C 38
 381  815D
 382  815D
 383  815D
 384  815D
 385  815D 21 B8 82     fspldir	LD HL,FREE_JP	;ver. 1.09, ldir patche na opravu volného místa v BSDOSu 308, tento usek ponechavame i ve verzi 1.10
 386  8160 11 7A 1B     	 ld DE,FREE2
 387  8163 01 03 00     	 ld BC,3
 388  8166 ED B0                 LDIR
 389  8168              ;         LD HL,FRE2
 390  8168 11 55 00     fspldir1 ld de,#55
 391  816B              ;	 ld DE,FREEDOS	;ver. 1.12
 392  816B 01 11 00              LD BC,FREE_SPLEN
 393  816E ED B0                 LDIR		;end 1.09
 394  8170
 395  8170
 396  8170              ;set no_verify patch
 397  8170 3A 4C 80     		ld	a,(@noverify)
 398  8173 B7           		or	a
 399  8174 28 18        		jr	z,verifyyes
 400  8176
 401  8176 3A CA 13     		ld	a,(#13CA)
 402  8179 FE CD        		cp	205
 403  817B 20 11        		jr	nz,verifyyes	;alespon nejaka kontrola, jesli se upravuje spravne misto
 404  817D
 405  817D              ;uprava dle BUSYho
 406  817D 3E 21        		ld	a,#21
 407  817F 32 CA 13     		ld	(#13CA),a	;patch ROM obsluhy #04C6
 408  8182 3A 47 14     		ld	a,(#1447)
 409  8185 FE CD        		cp	205
 410  8187 20 05        		jr	nz,verifyyes	;alespon nejaka kontrola, jesli se upravuje spravne misto
 411  8189 3E C3        		ld	a,#C3
 412  818B 32 47 14     		ld	(#1447),a	;patch sluzby #25 SAVEX
 413  818E
 414  818E              ;noverify podle drona ; proc se skace na adresu 62?
 415  818E              ;(lebo je tam test, ktory pre drajvy @1-@4 povoli verify a pre drajvy @5 a vyssie ho zakaze)
 416  818E              ;		ld	a,205
 417  818E              ;		ld	(#13CA),a
 418  818E              ;		ld	hl,62
 419  818E              ;		ld	(#13CA+1),hl
 420  818E
 421  818E              verifyyes
 422  818E              ;dmapatch; uprava cele DMA sekvence pro pouziti i originalniho Z80-DMA chipu
 423  818E 3A 4D 80     		ld	a,(@dmar3)
 424  8191 B7           		or	a
 425  8192 28 2E        		jr	z,dmano
 426  8194
 427  8194 3A BA 01     		ld	a,(#1BA)
 428  8197 FE C3        		cp	#C3
 429  8199 20 27        		jr	nz,dmano 	;alespon nejaka kontrola, jesli se upravuje spravne misto
 430  819B 3A BB 01     		ld	a,(#1BB)
 431  819E FE C7        		cp	#C7
 432  81A0 20 20        		jr	nz,dmano 	;alespon nejaka kontrola, jesli se upravuje spravne misto
 433  81A2
 434  81A2              ;prepsani sekvence
 435  81A2 21 59 82     		ld	hl,ADR442
 436  81A5 11 BA 01     		ld	de,#1BA		;442
 437  81A8 01 11 00     		ld	bc,17
 438  81AB ED B0        		ldir
 439  81AD
 440  81AD              ;prepsani odkazu do nove sekvence
 441  81AD              ;		ld	a,#1c8
 442  81AD 3E C8        		ld	a,#C8
 443  81AF 32 48 01     		ld	(#148),a
 444  81B2 32 66 01     		ld	(#166),a
 445  81B5              ;		ld	a,#1bc
 446  81B5 3E BC        		ld	a,#BC
 447  81B7 32 44 01     		ld	(#144),a
 448  81BA 32 62 01     		ld	(#162),a
 449  81BD              ;		ld	a,#1BE
 450  81BD 3E BE        		ld	a,#BE
 451  81BF 32 B7 01     		ld	(#1B7),a
 452  81C2              dmano
 453  81C2 21 CC 82     		ld	hl,SEM
 454  81C5 11 90 00     		ld	de,HDD_MAIN_START
 455  81C8 01 70 00     		ld	bc,112
 456  81CB ED B0        		ldir
 457  81CD
 458  81CD              ;pridavame do katalogu disku text CF a cislo partisny P1-P4
 459  81CD              ; BS-DOS 308 ** BUSY SOFT'96
 460  81CD              ; BS-DOS 308b * BUSY SOFT'19
 461  81CD              ; CF:P4 BSD 308 BUSY SOFT'96
 462  81CD              ; CF:P4 BSD 308bBUSY SOFT'19
 463  81CD
 464  81CD 3A CE 0D             ld      a,(#DCE)               ; mezera nebo 'b'
 465  81D0 32 D1 0D             ld      (#DD1),a               ; za nove "308"
 466  81D3
 467  81D3 21 50 81             ld      hl,new_cat_text
 468  81D6 11 C4 0D             ld      de,#DC4
 469  81D9 01 0D 00             ld      bc,13
 470  81DC ED B0                ldir
 471  81DE
 472  81DE 3A 48 80             ld      a,(@partition)
 473  81E1 C6 30                add     a,'0'
 474  81E3 32 C8 0D             ld      (#DC8),a               ; P1-P4
 475  81E6
 476  81E6 3E 62        		ld	a,98
 477  81E8 D3 17        		out	(23),a
 478  81EA
 479  81EA 21 89 82     		ld	hl,ADR16
 480  81ED 11 00 00     		ld	de,0
 481  81F0 01 2F 00     		ld	bc,33+8+6	;ver 1.07, end 1.07
 482  81F3              ;bez inir
 483  81F3 ED B0        		ldir
 484  81F5
 485  81F5 21 FB C9     		ld	hl,201*256+251
 486  81F8 22 38 00     		ld	(56),hl
 487  81FB
 488  81FB 21 3C 83     		ld	hl,SEM1
 489  81FE 11 90 00     		ld	de,144
 490  8201              ;		ld	bc,LEN
 491  8201 01 49 02     		ld	bc,LEN_MAIN
 492  8204 ED B0        		ldir
 493  8206
 494  8206 11 00 0F     		ld	de,CF_ROUTINES_START
 495  8209 01 A0 00     		ld	bc,LEN_CF
 496  820C ED B0        		ldir
 497  820E
 498  820E              ; Ted je stale pripojena HDD/patch banka (98).
 499  820E              ; Preneseme pracovni VDT na zarovnanou adresu za ATA rutinami.
 500  820E 21 00 AE     		ld	hl,VDT
 501  8211 11 00 10     		ld	de,CFroutines.BSDOS_VDT
 502  8214 D5           		push	de
 503  8215 01 00 01     		ld	bc,VDTLEN
 504  8218 ED B0        		ldir
 505  821A
 506  821A
 507  821A 3A 48 80     		ld	a,(@partition)		;umistime vybrany 1. sektor do rutiny TST_DRV
 508  821D 3D           		dec	a			;zatim jen podle zaznamu v autoconfigu, ale chce to inteligentnejsi vyber
 509  821E
 510  821E 6F           		ld	l,a
 511  821F 26 00        		ld	h,0
 512  8221
 513  8221 29               		add     hl,hl            ; *2
 514  8222 29                   	add     hl,hl            ; *4
 515  8223 29           	        add     hl,hl            ; *8
 516  8224 29                   	add     hl,hl            ; *16
 517  8225 29           	        add     hl,hl            ; *32
 518  8226
 519  8226 D1           		pop	de
 520  8227 19                   	add     hl,de            ; HL = adresa vybraneho 32B zaznamu
 521  8228 23           		inc	hl		;jsme na LBA sektoru
 522  8229
 523  8229 4E                   ld      c,(hl)          ; LBA byte 0
 524  822A 23                   inc     hl
 525  822B 46                   ld      b,(hl)          ; LBA byte 1
 526  822C 23                   inc     hl
 527  822D
 528  822D ED 43 6B 02          ld      (current_1st_sector+1),bc
 529  8231
 530  8231 4E                   ld      c,(hl)          ; LBA byte 2
 531  8232 23                   inc     hl
 532  8233 46                   ld      b,(hl)          ; LBA byte 3
 533  8234
 534  8234 ED 43 6E 02          ld      (current_1st_sector+4),bc	;ulozili jsme vybrane LBA primo do rutiny TST_DRV
 535  8238
 536  8238
 537  8238              ;mezera na PIT103
 538  8238
 539  8238              ;presun fontu do HDD banky
 540  8238 21 00 AF     		ld	hl,endfile
 541  823B 11 00 3D     		ld	de,15616
 542  823E 01 00 03     		ld	bc,768
 543  8241 ED B0        		ldir
 544  8243
 545  8243              ;------------------------------------------------------------
 546  8243              ; Vystup z EasyCF
 547  8243              ; ELEMENT: korektni start BSDOSu pres systemovou sluzbu #30.
 548  8243              ;          Pokud AUTOSYS neni nalezen / vrati se, provedeme
 549  8243              ;          velky 128K reset pres BSROM (BusySoft).
 550  8243              ; MB03+:   puvodni zpusob ukonceni zustava beze zmeny.
 551  8243              ;
 552  8243              ; Pri buildu pro eLeMeNt definuj symbol ELEMENT.
 553  8243              	IFDEF ELEMENT
 554  8243 3E 61        		ld	a,97		; BSDOS banka 1, zapis povolen
 555  8245 D3 17        		out	(23),a
 556  8247 3E 01        		ld	a,1		; aktualni BSDOS disk @1
 557  8249 32 EE 03     		ld	(#03EE),a
 558  824C 3E 30        		ld	a,#30		; BSDOS service #30 START
 559  824E E7           		rst	#20		; pokud se AUTOSYS nenajde, sluzba se vrati
 560  824F CD BA 9D     		call	GUI.AUTOSYS_NOT_FOUND
 561  8252 CD 98 3C     		call	#3C98		; prepne na BSROM + zakaz zapisu
 562  8255 AF           		xor	a
 563  8256 C3 78 39     		jp	#3978		; velky 128K reset (BSROM 1.18/1.40)
 564  8259              	ELSE
 565  8259 ~            		ld	a,%01000000
 566  8259 ~            		out	(23),a
 567  8259 ~            		ei
 568  8259 ~            		ret
 569  8259              	ENDIF
 570  8259
 571  8259              ;------------------------------
 572  8259              ;------------------------------
 573  8259              ADR442
 574  8259 C3           		db	$c3		;stop DMA
 575  825A 79           		db	$79		;r0 must be temporary B->A for Zilog DMA
 576  825B 55 55        		dw	$5555		;rd:kam
 577  825D FF FF        		dw	$ffff		;dlzka
 578  825F 14           		db	$14		;r1
 579  8260 28           		db	$28		;r2
 580  8261 80           		db	$80		;r3
 581  8262 8D           		db	$8d		;r4
 582  8263 6F 00        		dw	$006f		;rd:odkud (fdd)
 583  8265 92           		db	$92		;r5 Zmena:Enable wait state
 584  8266 CF           		db	$cf		;zapis udajov do kanalu B
 585  8267 01           		db	$01		;r0 rd:B->A wr:A->B
 586  8268 CF 87        		db	$cf,$87		;zapis udajov,start
 587  826A
 588  826A              ;------------------------------
 589  826A              ;------------------------------
 590  826A              ;adresa 62 v dos_bnk
 591  826A              ADR62
 592  826A 4F           		ld	c,a		;test, jestli je treba verify
 593  826B 3A EF 03     		ld	a,(#03EF)	;to pujde do dosu urcite
 594  826E FE 05        		cp	5
 595  8270 79           		ld	a,c
 596  8271 D0           		ret	nc
 597  8272 C3 63 14     		jp	#1463
 598  8275
 599  8275              ;------------------------------
 600  8275              ;------------------------------
 601  8275
 602  8275              ;adresa 20 v dos_bnk
 603  8275              ;hdd_bnk musi byt dos_bnk+1
 604  8275
 605  8275              ADR20
 606  8275 70           		ld	(hl),b		;zapis bajtu do dos_bnk
 607  8276 3C           		inc	a		;to by se melo taky hodit jinam
 608  8277 D3 17        		out	(23),a
 609  8279 C3 90 00     		jp	144
 610  827C
 611  827C              ;adresa 27
 612  827C 3E 62        		ld	a,98		;prestrankovani do patch_bnk
 613  827E D3 17        		out	(23),a
 614  8280 C9           		ret
 615  8281
 616  8281              ;------------------------------
 617  8281              ;------------------------------
 618  8281
 619  8281              ;adresa 35 v dos_bnk
 620  8281
 621  8281              ADR35
 622  8281 ED 41        		out	(c),b		;start dma prenosu a prestrankovani z5
 623  8283 3C           		inc	a
 624  8284 D3 17        		out	(23),a
 625  8286
 626  8286              ADR43			;ver.1.07, vycteni bajtu z DOSu z adresy HL do B, Hood
 627  8286 46           	ld b,(hl)
 628  8287 18 F7        	db 24, 247	;jr #25, bajt mas v B, skoc zpet do hdd banky na ADR35, instrukci inc a, end 1.07
 629  8289
 630  8289              ;------------------------------
 631  8289              ;------------------------------
 632  8289
 633  8289              ;adresa 43 v dos_bnk
 634  8289
 635  8289              ;ADR43
 636  8289              ;		inir			;puvodni non-dma prenos
 637  8289              ;		inc	a
 638  8289              ;		out	(23),a
 639  8289
 640  8289              ;------------------------------
 641  8289              ;------------------------------
 642  8289
 643  8289              ;------------------------------
 644  8289              ;------------------------------
 645  8289
 646  8289              ;adresa 16 v hdd_bnk
 647  8289
 648  8289              ;INIR		equ	41
 649  8289              OTIR		equ	33
 650  8289
 651  8289              ADR16
 652  8289 F3           		di
 653  828A AF           		xor	a
 654  828B 11 FF FF     		ld	de,65535
 655  828E C3 05 00     		jp	5
 656  8291 45 61 73 79  		db	"EasyCF10"
 656  8295 43 46 31 30
 657  8299              ;		db	"EasySD10"
 658  8299              ;		db	"HddEH207"
 659  8299
 660  8299 3E 61        		ld	a,97
 661  829B D3 17        		out	(23),a
 662  829D 70           		ld	(hl),b
 663  829E 3C           		inc	a
 664  829F D3 17        		out	(23),a
 665  82A1 C9           		ret
 666  82A2 00           		nop
 667  82A3 00           		nop
 668  82A4
 669  82A4              ;adr27 - route to hdd_bnk
 670  82A4 3E 61        		ld	a,97
 671  82A6 D3 17        		out	(23),a
 672  82A8 18 6F        		db	24,111		;jr	144
 673  82AA
 674  82AA              ;adr33 - route to otir
 675  82AA              ;musi byt ld  a,97
 676  82AA              ;a taky ld bc,data_port
 677  82AA D3 17        		out	(23),a
 678  82AC ED 79        		out	(c),a
 679  82AE 3C           		inc	a
 680  82AF D3 17        		out	(23),a
 681  82B1 C9           		ret
 682  82B2
 683  82B2 D3 17        v1      out (23),a	;ver 1.07, vycteni bajtu z DOSu z adresy v HL do B, Hood
 684  82B4 3E 61        vycti   ld a,97		;ADR43rutina bude vypadat: ld hl,adresa:call vycti: B=vycteny bajt
 685  82B6 18 FA                 db 24, 250	;jr v1;skok na v1;end 1.07
 686  82B8
 687  82B8
 688  82B8              ;adr41
 689  82B8              ;musi byt ld  a,97
 690  82B8              ;a taky ld bc,data_port
 691  82B8              ;		out	(23),a
 692  82B8              ;		inir
 693  82B8              ;		inc	a
 694  82B8              ;		out	(23),a
 695  82B8              ;		ret
 696  82B8
 697  82B8              ;------------------------------
 698  82B8              ;------------------------------
 699  82B8              			;ver. 1.09, patch na opravu vypoctu volneho mista, v pripade ze formatujeme maximalni mozny format pro BSDOS308, t.j. 128x8x2
 700  82B8              ;adr856 (#358)		;ver. 1.10
 701  82B8              ;FREEDOS EQU #358	;ver. 1.12, ver. 1.10,here we place the patch
 702  82B8              FREE2   EQU #1B7A	;routine that will be repaired
 703  82B8
 704  82B8 C3 55 00     FREE_JP JP #55		;to be placed on #1B7A(FREE2)
 705  82BB              ;FR2
 706  82BB              ;	PHASE FREEDOS	;ver. 1.12
 707  82BB 23           FRE2 INC HL		;to be placed at free space on #1CFB
 708  82BC F5                   PUSH AF
 709  82BD 7C                   LD A,H
 710  82BE FE 34                CP #34
 711  82C0 30 06                JR NC,YES
 712  82C2 F1                   POP AF
 713  82C3 A3                   AND E
 714  82C4 3C                   INC A
 715  82C5 C3 7D 1B             JP #1B7D
 716  82C8 F1           YES     POP AF
 717  82C9 C3 7F 1B             JP #1B7F
 718  82CC              FREE_SPEND
 719  82CC              FREE_SPLEN=FREE_SPEND-FRE2
 720  82CC              ;	DEPHASE		;ver. 1.12
 721  82CC              PATCHEND		;end ver. 1.09
 722  82CC
 723  82CC              ;------------------------------
 724  82CC              ;------------------------------
 725  82CC
 726  82CC              ;adresa 144 v dos_bnk
 727  82CC
 728  82CC
 729  82CC              SEM
 730  82CC              		DISP	144
 731  0090              ;;		DISP	SEM
 732  0090              ;;		put	SEM
 733  0090
 734  0090
 735  0090              ADR144D
 736  0090 E5           		push	hl
 737  0091 21 FF 00     		ld	hl,255
 738  0094 77           		ld	(hl),a
 739  0095 2B           		dec	hl
 740  0096 E3           		ex	(sp),hl
 741  0097
 742  0097 FE 0C        		cp	12
 743  0099              ;		jr	z,PRYC
 744  0099 38 04        		jr	c,SKIP1
 745  009B FE 0F        		cp	15
 746  009D 38 3E        		jr	c,SLUZ1214
 747  009F              SKIP1
 748  009F FE 12        		cp 18		;ver. 1.16, WRENA probehne pouze pokud byla predtim volana sluzba AKTIVE, vraci v a=0 pokud probehne, pokud ne, vraci 18
 749  00A1 28 08        		jr z,ACT	;end 1.16
 750  00A3
 751  00A3 FE 10        		cp	16
 752  00A5 28 2B        		jr	z,SETMLT
 753  00A7 FE 0F        		cp	15
 754  00A9 D0           		ret	nc
 755  00AA B7           		or	a
 756  00AB C9           ACT		ret
 757  00AC
 758  00AC 33           		inc	sp
 759  00AD 33           		inc	sp
 760  00AE              AAA
 761  00AE 28 0A        		jr	z,RDWRSEC
 762  00B0 FE 04        		cp	4
 763  00B2 DA 19 1D     		jp	c,LOOP12
 764  00B5 FE 06        		cp	6
 765  00B7 C3 0C 1D     		jp	adr144_cont	;ver 1.16, skok na #1DOC, zbytek rutiny umistujeme za patch volneho mista v dosu
 766  00BA              ;	cp 8		;ver. 1.11- pri volani cteni a zapisu stopy se vrat s chybou
 767  00BA              ;	ld a,#80
 768  00BA              ;	jr c,LO11
 769  00BA              ;LOOP12   cp   7
 770  00BA              ;         jr   z,RDWRSEC
 771  00BA              ;         xor  a
 772  00BA              ;LOOP12	xor a
 773  00BA              ;LO11      ret		;end 1.11
 774  00BA
 775  00BA
 776  00BA E5           RDWRSEC		push	hl
 777  00BB D5           		push	de
 778  00BC 47           		ld	b,a
 779  00BD ED 73 C8 00  		ld	(SP_ST+1),sp
 780  00C1 31 80 00     		ld	sp,128		;!!!
 781  00C4 CD 1B 00     		call	27		;rutina v im2 by radeji nemela strankovat rom...
 782  00C7 31 00 00     SP_ST		ld	sp,0		;im1 fpohode, nmi nevim
 783  00CA C5           		push	bc
 784  00CB CD D1 00     RUT		call	NIC
 785  00CE F1           		pop	af
 786  00CF D1           		pop	de
 787  00D0 E1           		pop	hl
 788  00D1 C9           NIC		ret
 789  00D2
 790  00D2
 791  00D2 7C           SETMLT		ld	a,h
 792  00D3 B5           		or	l
 793  00D4 20 03        		jr	nz,LOOP14
 794  00D6 21 D1 00     		ld	hl,NIC
 795  00D9 22 CC 00     LOOP14		ld	(RUT+1),hl
 796  00DC C9           		ret
 797  00DD
 798  00DD
 799  00DD              SLUZ1214
 800  00DD D5           		push	de
 801  00DE E5           		push	hl
 802  00DF 47           		ld	b,a
 803  00E0 ED 73 C8 00  		ld	(SP_ST+1),sp
 804  00E4 31 80 00     		ld	sp,128
 805  00E7 CD 1B 00     		call	27
 806  00EA ED 7B C8 00  		ld	sp,(SP_ST+1)
 807  00EE 78           		ld	a,b
 808  00EF E1           		pop	hl
 809  00F0 B7           		or	a
 810  00F1 20 03        		jr	nz,NO_NFO
 811  00F3 33           		inc	sp
 812  00F4 33           		inc	sp
 813  00F5 D5           		push	de
 814  00F6              NO_NFO
 815  00F6 D1           		pop	de
 816  00F7 FE FF        		cp	255
 817  00F9 C8           		ret	z
 818  00FA              ;nz=hned se vrat
 819  00FA              ;z=predej dal
 820  00FA              PRYC
 821  00FA 33           		inc	sp
 822  00FB 33           		inc	sp
 823  00FC C9           		ret
 824  00FD
 825  00FD              ;         nop		;oba nopy vyhodit, zvetsila se nam rutina AAA
 826  00FD 00                    nop		;ver 1.18
 827  00FE
 828  00FE              A1_254
 829  00FE 3E 55        		ld	a,85
 830  0100              ;tady je uz adresa 256
 831  0100
 832  0100
 833  0100              ;------------------------------
 834  0100              ; HDD banka
 835  0100              ;------------------------------
 836  0100              					ent
 837  833C
 838  833C
 839  833C              SEM1     	;equ	$-ADR144D+SEM
 840  833C              		disp	144
 841  0090              ;;		DISP	SEM1
 842  0090              ;;		put	SEM1
 843  0090
 844  0090              ;adresa 144 v hdd_bnk
 845  0090
 846  0090              ;tabulku musime presouvat jinam, protoze leze do kodu PITa
 847  0090 ~            /*
 848  0090 ~            KKK
 849  0090 ~            		jp	PRESKOC
 850  0090 ~
 851  0090 ~            TAB		equ	$-KKK+SEM1
 852  0090 ~            TAB_DRV
 853  0090 ~            		block	VDTLEN
 854  0090 ~            */
 855  0090              ;; obsluha sluzeb bsdosu
 856  0090              PRESKOC
 857  0090 E5           		push	hl
 858  0091 21 B5 00     		ld	hl,RET
 859  0094 E3           		ex	(sp),hl
 860  0095
 861  0095 78           		ld	a,b
 862  0096
 863  0096 FE 0C        		cp	12
 864  0098 28 35        		jr	z,AKTIVE1
 865  009A FE 0D        		cp	13
 866  009C 28 27        		jr	z,PASIVE1
 867  009E FE 0E        		cp	14
 868  00A0 28 17        		jr	z,INFO1
 869  00A2
 870  00A2 FE 04        		cp	4
 871  00A4              ; zmena, nyni se skace pouze na rutiny LBA
 872  00A4              ;SET_RDM
 873  00A4 CA 8E 01     		jp	z,RD_SEC2
 874  00A7 FE 05        		cp	5
 875  00A9              ; zmena, nyni se skace pouze na rutiny LBA
 876  00A9
 877  00A9              ;SET_WRM1
 878  00A9 CA C5 01     		jp	z,WR_SEC2
 879  00AC              ;        cp   7			;ver. 1.11
 880  00AC              ;        jp   z,WR_TRK		;end 1.11
 881  00AC FE 12        	cp 18			;ver 1.16
 882  00AE 28 73        	jr z,WRENA		;end 1.16
 883  00B0 B7           	or a		;ver 1.18
 884  00B1 28 78        	jr z,bios_reset
 885  00B3 AF                    xor  a
 886  00B4
 887  00B4 C9                    ret
 888  00B5
 889  00B5
 890  00B5              RET
 891  00B5 47           		ld	b,a
 892  00B6 C3 1B 00     		jp	27
 893  00B9
 894  00B9
 895  00B9              ;---------
 896  00B9
 897  00B9 7B           INFO1		ld	a,e
 898  00BA CD 5B 02     		call	TST_DRV
 899  00BD 3E FF        		ld	a,255
 900  00BF C8           		ret	z
 901  00C0 11 09 FF      	        ld de,#FF09	        ;ver. 1.08, vracime v D pocet stop a v E do bitu 3 davame BS-DOSu info, ze se jedna o IDE zarizeni
 902  00C3              ;      		ld   de,128*256+3	;end 1.08, puv. hodnota ve verzi 1.05
 903  00C3 AF           		xor	a
 904  00C4 C9           		ret
 905  00C5
 906  00C5              ;---------
 907  00C5
 908  00C5 3E C9        PASIVE1		ld	a,201
 909  00C7 21 AB 00     		ld	hl,ACT
 910  00CA 47           		ld	b,a
 911  00CB D7           		rst	16
 912  00CC 3E FF        		ld	a,255
 913  00CE C9           		ret
 914  00CF
 915  00CF              ;---------
 916  00CF
 917  00CF CD C5 00     AKTIVE1		call	PASIVE1
 918  00D2 7B           		ld	a,e
 919  00D3 32 E5 00     		ld (curd+1),a		;ver 1.16, end 1.16
 920  00D6
 921  00D6 CD 5B 02     		call	TST_DRV
 922  00D9 3E FF        		ld	a,255
 923  00DB C8           		ret	z
 924  00DC AF           		xor	a
 925  00DD 21 AB 00     		ld	hl,ACT
 926  00E0 47           		ld	b,a
 927  00E1 D7           		rst	16
 928  00E2              ;sem umistit vycteni boot sektoru	;ver 1.14
 929  00E2              ;	ld hl,rd512_1			;pro tento ucel treba patchnout rutinu RD512, aby nacitala sektor boot do stranky EH, nasledujici pouky pouzit tehdy, kdyz potrebuju cist do stranky EH
 930  00E2              ;	ld a,#ed
 931  00E2              ;	ld (hl),a
 932  00E2              ;	inc hl
 933  00E2              ;	ld a,#41
 934  00E2              ;	ld (hl),a
 935  00E2              ;	ld hl,mbbootsec		;adresa kam vycist boot sektor
 936  00E2
 937  00E2 3E 00        lastd	ld a,0			;ver 1.16, tady je cislo disku, se kterym se naposledy pracovalo. Pokud je AKTIVE volan se stale jednim a tim samym diskem, pak se nebude dit vycitani boot sektoru na #3800. Je to proto, protoze bsdos si na #3800 kesuje napr. DIRs sektor, a pocita s tim, ze disk nebyl vymenen a ze ten DIRs sektor na #3800 stale ma. No a pokud mu ho pokazde premazeme boot sektorem, tak pri SEARCH vyhodi chybu.
 938  00E4 1E 55        curd	ld e,#55		;je porovnavan posledni disk a soucasny disk. Pokud pracujeme s diskem poprve, vykonej sluzbu komplet (tzn. vycti boot sektor na #3800 a vycti z nej oba udaje) a zapamatuj si cislo disku. Pokud pracujeme s diskem, se kterym jsme uz pracovali, nic nedelej a vrat se s a=2.
 939  00E6 BB           	cp e
 940  00E7 7B           	ld a,e
 941  00E8 28 36        	jr z,akret
 942  00EA 32 E3 00     	ld (lastd+1),a		;end 1.16
 943  00ED
 944  00ED 3E C9        	ld a,#C9
 945  00EF 32 B3 01     	ld (rds2),a		;v RD_SEC2 nebudeme nic menit, jde jen o nacteni bootu
 946  00F2 21 00 38     	ld hl,#3800		;ctu do bufferu pro jeden sektor v bsdosu
 947  00F5 11 01 00     	ld de,1			;boot sektor
 948  00F8 CD 8E 01     	call RD_SEC2
 949  00FB              ;	ld a,(mbbootsec+6)
 950  00FB F5           	push af
 951  00FC 3E C0        	ld a,#C0		;nastav RD_SEC2 aby pri nacteni boot sektoru na jakoukoliv adresu opravila bit write protectu, aby bsdos umel s timto diskem pracovat a nehazel chybu
 952  00FE 32 B3 01     	ld (rds2),a		;end 1.15
 953  0101 F1           	pop af
 954  0102 B7           	or a
 955  0103 3E 01        	ld a,1
 956  0105 C0           	ret nz			;vrat se ze sluzby AKTIVE s priznakem DISK NOT READY, pokud pri cteni sektoru nastala jakakoliv chyba
 957  0106 21 06 38     	ld hl,#3806		;vyctu pocet sektoru z boot sektoru z dosu
 958  0109 CD 2B 00     	call 43
 959  010C 78           	ld a,b
 960  010D 32 52 01     	ld (sctrk+1),a
 961  0110
 962  0110 21 0A 38     	ld hl,#380A		;ver 1.15, vyctu info o writeprotectu. 7.bit=0= zapis povolen, 1= zapis zakazan
 963  0113 CD 2B 00     	call 43
 964  0116 CB 78        	bit 7,b
 965  0118 3E 40        	ld a,%01000000		;ver 1.18, rovnou nastavime status WP pro BSDOS
 966  011A 20 01        	jr nz,ak1
 967  011C AF           	xor a			;nastavime WP interne pro EH
 968  011D              ;ak1	ld (TAB_DRV+4),a
 969  011D              ;	ld (TAB_DRV+4+(VDTLEN/2)),a
 970  011D 32 C6 01     ak1	ld (WR_PROT+1),a
 971  0120              ;	ld hl,rd512_1		;vrat puvodni hodnoty
 972  0120              ;	ld a,#cd
 973  0120              ;	ld (hl),a
 974  0120              ;	inc hl
 975  0120              ;	ld a,#21
 976  0120              ;	ld (hl),a	;end ver 1.14
 977  0120 3E 02        akret	ld   a,2
 978  0122 C9                    ret
 979  0123
 980  0123              ;--------------------
 981  0123
 982  0123 AF           WRENA xor a			;ver 1.16, sluzba WRENA nastavi interne EH na prepis boot sektoru, i kdyz ma na offsetu #A, zakazany zapis, slouzi pro vypnuti write protectu
 983  0124 32 C6 01     	ld (WR_PROT+1),a
 984  0127 32 E3 00     	ld (lastd+1),a
 985  012A C9           	ret			;end 1.16
 986  012B              ;------------------------------
 987  012B
 988  012B              bios_reset		;ver 1.18
 989  012B 21 22 02     	ld hl,#222
 990  012E CD 2B 00     	call 43
 991  0131 48           	ld c,b
 992  0132 2B           	dec hl
 993  0133 CD 2B 00     	call 43
 994  0136 3A C6 01     	ld a,(WR_PROT+1)	;v A nam sluzba AKTIVE primo nastavuje hotovy status pro BSDOS
 995  0139 C9           	ret		;end ver 1.18
 996  013A              ;------------------------------
 997  013A
 998  013A
 999  013A
1000  013A              ;------------------------------
1001  013A              ;vypocita log.cislo sektoru
1002  013A              ;z udaju pro disketu
1003  013A              ;hl se nezmeni, udaj je vlozen
1004  013A              ;primo do rutiny prepoc
1005  013A              ;SECT_NUM
1006  013A              ;
1007  013A              ;         push hl
1008  013A              ;         ld   l,d
1009  013A              ;         ld   h,0
1010  013A              ;         add  hl,hl
1011  013A              ;         add  hl,hl
1012  013A              ;         add  hl,hl
1013  013A              ;         add  hl,hl
1014  013A              ;*16
1015  013A              ;         ld   a,e
1016  013A              ;         dec  a
1017  013A              ;         and  %00000111
1018  013A              ;         bit  7,e
1019  013A              ;         jr   z,RDS1
1020  013A              ;         or   %00001000
1021  013A              ;RDS1
1022  013A              ;         or   l
1023  013A              ;         ld   l,a
1024  013A
1025  013A              ;hl = log. cislo sectoru
1026  013A              ;     pocita se od 0
1027  013A
1028  013A              ;ver 1.07, radne pocitani cisla sektoru, napsal Busy
1029  013A              SECT_NUM           ;Vstup: DE = fyzicke cislo sektora z BSDOSu
1030  013A E5                   push hl
1031  013B 21 06 23             ld hl,#2306
1032  013E CD 2B 00             call 43       ;skok na rutinu vycti
1033  0141 78                   ld a,b
1034  0142 32 52 01             ld (sctrk+1),a
1035  0145 AF                   xor a
1036  0146 47                   ld b,a
1037  0147 4A                   ld c,d
1038  0148 68                   ld l,b
1039  0149 60                   ld h,b
1040  014A 50                   ld d,b
1041  014B 7B                   ld a,e
1042  014C 83                   add a,e
1043  014D CB 11                rl c
1044  014F CB 10                rl b         ;BC=2*stopa+strana
1045  0151 3E 55        sctrk ld a,#55 ;A=sectrk
1046  0153 09           nasob   add hl,bc
1047  0154 3D                   dec a
1048  0155 20 FC                jr nz,nasob  ;hl=sectrk*(2*stopa+strana)
1049  0157 CB BB                res 7,e
1050  0159 1D                   dec e        ;e=sektor-1
1051  015A 19                   add hl,de    ;hl=sectrk*(2*stopa+strana)+(sektor-1)
1052  015B 29                   add hl,hl    ;hl=2*(sectrk*(2*stopa+strana)+(sektor-1))	;end 1.07
1053  015C
1054  015C              ;jeste se vynasobi dvema
1055  015C              ;harddisk ma sektor 512 bajtu
1056  015C              ;musime precist dva sektory
1057  015C
1058  015C 22 69 01     		ld	(PREPOC+1),hl
1059  015F 7C           		ld	a,h
1060  0160 E1           		pop	hl
1061  0161 E6 F0        		and	%11110000
1062  0163 C8           		ret	z
1063  0164
1064  0164 3E 10        		ld	a,%00010000
1065  0166 B7           		or	a
1066  0167 C9           		ret
1067  0168              ;seek error (zapis za hranici)
1068  0168              ;------------------------------
1069  0168
1070  0168              ;;;;;;;;;;;;;;;;;;;;;;;;;;;;;;;
1071  0168              ;pricte sector vyzadovany bsdosem k prvnimu LBA sectoru dane disk. jednotku
1072  0168              ;;;;;;;;;;;;;;;;;;;;;;;;;;;;;;;
1073  0168              PREP_LBA
1074  0168 21 00 00     PREPOC		ld	hl,0
1075  016B 11 00 00     LOW24		ld	de,0
1076  016E 19           		add	hl,de
1077  016F 11 00 00     HIG24		ld	de,0
1078  0172 30 01        		jr	nc,PREP2
1079  0174 13           		inc	de
1080  0175              ;b - hlavicka 219
1081  0175              ;c - sektor 207
1082  0175              ;de - cyl  e - 211, d -215
1083  0175              PREP2
1084  0175 EB           		ex	de,hl
1085  0176              ; vystup pro ATA rutiny:
1086  0176              ; HL = horni 16 bitu LBA, DE = dolni 16 bitu LBA
1087  0176 C9           		ret
1088  0177
1089  0177              ; fyzicke cteni sectoru
1090  0177              READ1				;cteni jednoho 1024B sektoru BSDOSu z CF
1091  0177              ; vstup: IX=buffer, HL=horni 16 bitu LBA, DE=dolni 16 bitu LBA
1092  0177 C3 00 0F     	jp	@CFroutines.READ1
1093  017A
1094  017A
1095  017A ~            /*
1096  017A ~            READ1
1097  017A ~            		call	TST_BSY
1098  017A ~            		jp	nz,ERROR
1099  017A ~            		ld	a,b
1100  017A ~            ; nyni je navrdo LBA nastavuje se v rut. TST_DRV
1101  017A ~            HEA_RD1		or	%11100000
1102  017A ~            		out	(P_HEA),a
1103  017A ~            ;cislo hlavicky
1104  017A ~
1105  017A ~            		ld	a,2
1106  017A ~            		out	(P_HSE),a
1107  017A ~            ;pocet sektoru
1108  017A ~
1109  017A ~            		ld	a,c
1110  017A ~            		out	(P_NSE),a
1111  017A ~            ;cislo sektoru od 1
1112  017A ~
1113  017A ~            		ld	a,e
1114  017A ~            		out	(P_CYL),a
1115  017A ~            		ld	a,d
1116  017A ~            		out	(P_CYH),a
1117  017A ~            ;cislo cylindru
1118  017A ~
1119  017A ~            		ld	a,#20
1120  017A ~            ;		ld	a,#21		;LMN - #21 obsolete command
1121  017A ~            		out	(P_COM),a
1122  017A ~            ;read with retries
1123  017A ~
1124  017A ~            		call	TST_BSY
1125  017A ~            		jr	nz,ERROR
1126  017A ~
1127  017A ~            		call	RD_512
1128  017A ~
1129  017A ~            		call	TST_ERR
1130  017A ~            		jr	nz,ERROR
1131  017A ~
1132  017A ~            		call	TST_BSY
1133  017A ~            		jr	nz,ERROR
1134  017A ~
1135  017A ~            		call	RD_512
1136  017A ~
1137  017A ~            		call	TST_ERR
1138  017A ~            		jr	nz,ERROR
1139  017A ~
1140  017A ~            		xor	a
1141  017A ~            		ret
1142  017A ~            */
1143  017A              ;------------------------------
1144  017A              ; fyzicky zapis sectoru
1145  017A              WRITE1
1146  017A              ; vstup: IX=buffer, HL=horni 16 bitu LBA, DE=dolni 16 bitu LBA
1147  017A C3 35 0F     	jp	@CFroutines.WRITE1
1148  017D
1149  017D
1150  017D ~            /*
1151  017D ~            WRITE1
1152  017D ~
1153  017D ~            		call	TST_BSY
1154  017D ~            		jr	nz,ERROR
1155  017D ~
1156  017D ~            		ld	a,b
1157  017D ~            ; nyni je navrdo LBA nastavuje se v rut. TST_DRV
1158  017D ~            HEA_WR1		or	%11100000
1159  017D ~            		out	(P_HEA),a
1160  017D ~            ;hlavicka
1161  017D ~
1162  017D ~            		ld	a,2
1163  017D ~            		out	(P_HSE),a
1164  017D ~            ;pocet sektoru
1165  017D ~            		ld	a,c
1166  017D ~            		out	(P_NSE),a
1167  017D ~            ;cislo sektoru od 1
1168  017D ~            		ld	a,e
1169  017D ~            		out	(P_CYL),a
1170  017D ~            		ld	a,d
1171  017D ~            		out	(P_CYH),a
1172  017D ~            ;cislo cylindru
1173  017D ~            		ld	a,#30
1174  017D ~            ;		ld	a,#31		;LMN - #31 obsolete command
1175  017D ~            		out	(P_COM),a
1176  017D ~            ;write with retries
1177  017D ~
1178  017D ~            		call	TST_BSY
1179  017D ~            		jr	nz,ERROR
1180  017D ~
1181  017D ~            		call	WR_512
1182  017D ~
1183  017D ~            		call	TST_BSY
1184  017D ~            		jr	nz,ERROR
1185  017D ~            		call	TST_ERR
1186  017D ~            		jr	nz,ERROR
1187  017D ~
1188  017D ~            		call	WR_512
1189  017D ~
1190  017D ~            		call	TST_BSY
1191  017D ~            		jr	nz,ERROR
1192  017D ~            		call	TST_ERR
1193  017D ~            		jr	nz,ERROR
1194  017D ~
1195  017D ~
1196  017D ~            		xor	a
1197  017D ~            		ret
1198  017D ~            */
1199  017D              ;------------------------------
1200  017D              ; fyzicky zapis tracku		;ver 1.11- vyhozen pryc, v praci s hdd netreba
1201  017D              ;
1202  017D              ;WR_TRK
1203  017D              ;		ld	a,e
1204  017D              ;		and	128
1205  017D              ;		ld	e,a
1206  017D              ;		xor	a
1207  017D              ;WTRK1
1208  017D              ;		inc	e
1209  017D              ;		push	de
1210  017D              ;		push	hl
1211  017D              ;		push	af
1212  017D              ; zmena, nyni se skace pouze na rutiny LBA
1213  017D              ;SET_WRM2
1214  017D              ;		call	WR_SEC2
1215  017D              ;		pop	af
1216  017D              ;		pop	hl
1217  017D              ;		ld	de,1024
1218  017D              ;		add	hl,de
1219  017D              ;		pop	de
1220  017D              ;		inc	a
1221  017D              ;		cp	9
1222  017D              ;pocet sektoru -1
1223  017D              ;		jr	nz,WTRK1
1224  017D              ;
1225  017D              ;		ret		;end 1.11
1226  017D
1227  017D              ERROR
1228  017D FE FF        		cp	255
1229  017F 20 03        		jr	nz,ERR1
1230  0181 3E 01        		ld	a,1
1231  0183 C9           		ret
1232  0184              ERR1
1233  0184 E6 53        		and	%01010011
1234  0186 28 03        		jr	z,ERR2
1235  0188 3E 08        		ld	a,8
1236  018A C9           		ret
1237  018B              ERR2
1238  018B 3E 80        		ld	a,128
1239  018D C9           		ret
1240  018E
1241  018E              ;------------------------------
1242  018E              ;-------- LBA MODE 010 --------
1243  018E              ;------------------------------
1244  018E
1245  018E              RD_SEC2
1246  018E              ; prepocita log. cislo BSDOS diskety na log. cislo hdd
1247  018E 22 A9 01     	ld (rdadr+1),hl			;ver 1.15- opatreni write protectu, oprava a nahrada verzi 1.16
1248  0191 ED 53 AC 01  	ld (rds1+1),de
1249  0195
1250  0195 CD 3A 01     		call	SECT_NUM
1251  0198 C0           		ret	nz
1252  0199
1253  0199              ; pricte pozadovany pocet LBA sektoru
1254  0199              ; HL je adresa bufferu, proto ji dame rovnou do IX.
1255  0199              ; PREP_LBA pak vrati LBA primo jako HLDE pro ATA rutiny.
1256  0199 DD E5        		push	ix
1257  019B E5           		push	hl
1258  019C DD E1        		pop	ix
1259  019E CD 68 01     		call	PREP_LBA
1260  01A1              ; cte
1261  01A1 CD 77 01     		call	READ1
1262  01A4 DD E1        		pop	ix
1263  01A6 B7           	or a		;ver 1.17
1264  01A7 C0           	ret nz		;vrat se, doslo-li pri cteni k chybe
1265  01A8 21 55 55     rdadr	ld hl,#5555	;nove ver 1.16, oprava push/popu. V HL a DE budou adresa pameti a fyzicky sektor posledniho cteni.
1266  01AB 11 55 55     rds1	ld de,#5555
1267  01AE 1B           	dec de
1268  01AF 7A           	ld a,d
1269  01B0 B3           	or e
1270  01B1 3E 00        	ld a,0		;signalizace cteni bez chyby
1271  01B3 C0           rds2	ret nz		;ret nz=#C0, ret=#C9. Ver 1.17 default je #C0=RET NZ
1272  01B4 7C           	ld a,h		;ver 1.17
1273  01B5 FE 40        	cp #40
1274  01B7 30 0A        	jr nc,rds3	;nahravame do RAM>#4000, takze nic v boot sektoru menit nebudeme
1275  01B9              			;nahravame boot sektor do dosu, a tam menit info o WP budeme, end 1.17
1276  01B9 11 0A 00     	ld de,#A
1277  01BC 19           	add hl,de
1278  01BD CD 2B 00     	call 43
1279  01C0 CB B8        	res 7,b
1280  01C2 D7           	rst 16
1281  01C3 AF           rds3	xor a
1282  01C4
1283  01C4 C9           		ret
1284  01C5
1285  01C5              ;------------------------------
1286  01C5
1287  01C5              WR_SEC2
1288  01C5              ;		ld	a,(WR_PROT+1)
1289  01C5              ;zde se testoval write protect, musi se dodelat
1290  01C5 3E 00        WR_PROT 	ld	a,0
1291  01C7 B7           		or	a
1292  01C8 3E 40        		ld	a,%01000000 ; status pro Bsdos - writeprotect
1293  01CA C0           		ret	nz
1294  01CB
1295  01CB CD 3A 01     		call	SECT_NUM
1296  01CE C0           		ret	nz
1297  01CF
1298  01CF              ; HL je adresa bufferu -> IX, PREP_LBA vrati LBA primo jako HLDE
1299  01CF DD E5        		push	ix
1300  01D1 E5           		push	hl
1301  01D2 DD E1        		pop	ix
1302  01D4 CD 68 01     		call	PREP_LBA
1303  01D7
1304  01D7 CD 7A 01     		call	WRITE1
1305  01DA DD E1        		pop	ix
1306  01DC
1307  01DC C9           		ret
1308  01DD
1309  01DD
1310  01DD              ;------------------------------
1311  01DD              ;---- END OF LBA MODE 010 -----
1312  01DD              ;------------------------------
1313  01DD
1314  01DD              ;------------------------------
1315  01DD
1316  01DD              TST_BSY
1317  01DD E5           		push	hl
1318  01DE C5           		push	bc
1319  01DF 21 00 00     		ld	hl,0
1320  01E2
1321  01E2              TST1
1322  01E2 2B           		dec	hl
1323  01E3 7D           		ld	a,l
1324  01E4 B4           		or	h
1325  01E5 28 0D        		jr	z,TOUT1
1326  01E7 DB BF        P84		in	a,(P_COM)
1327  01E9 3C           		inc	a
1328  01EA 28 FB        		jr	z,P84
1329  01EC 3D           		dec	a
1330  01ED CB 7F        		bit	7,a
1331  01EF 20 F1        		jr	nz,TST1
1332  01F1 C1           		pop	bc
1333  01F2 E1           		pop	hl
1334  01F3 C9           		ret
1335  01F4              TOUT1
1336  01F4 3E FF        		ld	a,255
1337  01F6 B7           		or	a
1338  01F7 C1           		pop	bc
1339  01F8 E1           		pop	hl
1340  01F9 C9           		ret
1341  01FA
1342  01FA              ;------------------------------
1343  01FA
1344  01FA              TST_ERR
1345  01FA DB BF        P85		in	a,(P_COM)
1346  01FC 3C           		inc	a
1347  01FD 28 FB        		jr	z,P85
1348  01FF 3D           		dec	a
1349  0200 E6 01        		and	1
1350  0202 C8           		ret	z
1351  0203 DB A7        		in	a,(P_ERR)
1352  0205 C9           		ret
1353  0206
1354  0206              ;------------------------------
1355  0206
1356  0206              ;------------------------------
1357  0206
1358  0206
1359  0206              RD_512
1360  0206 22 29 02     		ld	(DMA_ADR1),hl
1361  0209 E5           		push	hl
1362  020A 21 1F 02     		ld	hl,DMA_IN
1363  020D              ;		ld	bc,14*256+DMA
1364  020D 01 0B 0F     		ld	bc,((DMA_INEND-DMA_IN)*256)+DMA
1365  0210 ED B3        		otir
1366  0212 3E 61        		ld	a,97
1367  0214 06 87        		ld	b,#87
1368  0216 CD 21 00     		call	OTIR
1369  0219              ; start DMA transfer
1370  0219 E1           		pop	hl
1371  021A 01 00 02     		ld	bc,512
1372  021D 09           		add	hl,bc
1373  021E C9           		ret
1374  021F
1375  021F C3           DMA_IN		db	195		;WR6-reset
1376  0220 7D           		db	%01111101	;WR0 A->B, transfer
1377  0221 C3 00        		dw	P_DAT		;source port
1378  0223 FF 01        		dw	511		;lenght
1379  0225
1380  0225              ;		db	%00101100	;WR1 A-port,A-fixed
1381  0225 6C           		db	%01101100	;WR1 A-port,A-fixed,variable cycle
1382  0226              ;		db	%11001110 	;2T no early cycle ends
1383  0226 CD           		db	%11001101 	;3T no early cycle ends
1384  0227
1385  0227 10           		db	%00010000	;WR2 B-memory, B-increment - standard cycle
1386  0228              ;		db	%01010000	;WR2 B-memory, B-increment,variable cycle
1387  0228              ;		db	%11001110	;2T no early cycle ends
1388  0228
1389  0228 AD           		db	%10101101	;WR4 continuous,
1390  0229 00 00        DMA_ADR1	dw	0		;destination
1391  022B 92           		db	%10010010	;WR5 ready low,CE/WAIT,stop on end of block
1392  022C CF           		db	#CF		;WR6 load
1393  022D B3           		db	#B3		;WR6 force ready
1394  022E              DMA_INEND
1395  022E              ;-------------
1396  022E
1397  022E              WR_512
1398  022E 22 54 02     		ld	(DMA_ADR2),hl
1399  0231 E5           		push	hl
1400  0232 21 49 02     		ld	hl,DMA_OUT
1401  0235 01 0B 12     		ld	bc,((DMA_OUTEND-DMA_OUT)*256)+DMA
1402  0238 3E 61        		ld	a,97
1403  023A ED B3        		otir
1404  023C 3E 61        		ld	a,97
1405  023E 06 87        		ld	b,#87
1406  0240 CD 21 00     		call	OTIR
1407  0243 E1           		pop	hl
1408  0244 01 00 02     		ld	bc,512
1409  0247 09           		add	hl,bc
1410  0248 C9           		ret
1411  0249              ; nova sekvence o pro DMAOUT kompatibilni s orig. Z80DMA
1412  0249              DMA_OUT
1413  0249 C3           		db	#C3		;WR6-reset
1414  024A 01           		db	%00000001	;WR0-Temporarily declare Port B as source in WR0 (bit 2 = 0)
1415  024B
1416  024B 14           		db	%00010100	;WR1-PA memory,increment, - standard cycle
1417  024C              ;		db	%01010100	;WR1-PA memory,increment,variable cycle
1418  024C              ;		db	%11001110	;2T no early cycle ends
1419  024C
1420  024C              ;		db	%00101000	;WR2-PB io, fixed,
1421  024C 68           		db	%01101000	;WR2-PB io, fixed, variable cycle
1422  024D              ;		db	%11001110	;2T no early cycle ends
1423  024D CD           	    db	%11001101 	;3T no early cycle ends
1424  024E
1425  024E 80           		db	%10000000	;WR3
1426  024F AD           		db	%10101101	;WR4-Write Port B (fixed destination) address to WR4.
1427  0250 C3 00        		dw	P_DAT
1428  0252 CF           		db	#CF		;WR6-load
1429  0253 7D           		db	%01111101	;WR0-transfer,portAtoB,block length
1430  0254 00 00        DMA_ADR2	dw	0
1431  0256 FF 01        		dw	511
1432  0258 92           		db	%10010010	;WR5-stop on end,/CE/WAIT,Ready low
1433  0259 CF           		db	#CF		;WR6-load
1434  025A B3           		db	#B3		;WR6-force ready
1435  025B              DMA_OUTEND
1436  025B
1437  025B              ;DMA_out	db	195
1438  025B              ; reset
1439  025B
1440  025B              ;		db	#C7
1441  025B              ; reset PA timing
1442  025B              ;		db	#CB
1443  025B              ; reset PB timing
1444  025B
1445  025B              ;		db	%01111101	;WR0 transfer,portA,block length
1446  025B              ;DMA_ADR2	dw	0
1447  025B              ;		dw	511
1448  025B              ; transfer,PA->PB
1449  025B              ; start adr
1450  025B              ; block length
1451  025B              ;		db	%00010100	;WR1
1452  025B              ; PA is memory,inc
1453  025B              ;		db	%00101000	;WR2
1454  025B              ; PB is IO,fixed
1455  025B
1456  025B              ;		db	%11000100
1457  025B              ; ?
1458  025B
1459  025B              ;		db	%10101101	;WR4
1460  025B              ;		dw	P_DAT
1461  025B              ; continuous
1462  025B              ; starting address
1463  025B              ;		db	%10010010	;WR5
1464  025B              ; stop on end,/CE/WAIT,Ready lo
1465  025B              ;		db	#CF		;WR6
1466  025B              ; load
1467  025B              ;		db	#B3
1468  025B              ; force ready
1469  025B
1470  025B              ;------------------------------
1471  025B
1472  025B              ; tady se musi podle cisla disk. jednotky (napr. @4) urcit master/slave a cislo LBA sectoru
1473  025B              ; 3-127 master
1474  025B              ; 131-255 slave
1475  025B              ; 0,1,2,128,129,130 ret z a mozna a=0 jako nepouzite jednotky
1476  025B              ;;uprava pro pouziti na MB03+ kde je jenom master, zato muzou byt jednotky 3-255
1477  025B              TST_DRV
1478  025B
1479  025B 57           		ld	d,a		;schovam a
1480  025C B7           		or	a		;disk 0 je neplatny, ostatni jsou ok
1481  025D              ;		inc	a
1482  025D              ;;		jr	z,slave		;@255 je OK a je slave
1483  025D              ;;		jr	master		;zatim natvrdo, pak vyresit, aby disky 0,1,2 fungovaly
1484  025D              ;;;		jr	z,master	;@255 je OK
1485  025D              ;;					and %01111111
1486  025D              ;;					jr z,master ;@127 je OK
1487  025D              ;;					and %01111100
1488  025D              ;;		and	%11111100
1489  025D              ;;		ret	z		;test jednotek 0,1,2,128,129,130 ret z
1490  025D C8           		ret	z		;; jednotky 0,1,2
1491  025E              ;;		bit	7,d		;test master/slave
1492  025E              ;;		jr	nz,slave
1493  025E
1494  025E
1495  025E ~            /*
1496  025E ~            ;master		ld	hl,TAB_DRV+1	;VDT tabulka
1497  025E ~            		ld	a,(hl)
1498  025E ~            		or	a
1499  025E ~            		ret	z		;master disk neexistuje, testuje se pocest sectoru disku uvedeneho v VDT
1500  025E ~            		push	hl		;VDT tabulka
1501  025E ~            */
1502  025E              ;		ld	a,%11100000
1503  025E              ;		ld	(HEA_RD1+1),a	;davame pryc zatim, pro SD verzi
1504  025E              ;		ld	(HEA_WR1+1),a	;nastaveni master	;davame pryc zatim, pro SD verzi
1505  025E
1506  025E              ;		ld a,(TAB_DRV+4)	;ver 1.16- zruseno, obsluha WP byla presunuta do rutiny AKTIVE
1507  025E              ;		ld (WR_PROT+1),a ; nastaveni WriteProtect, end 1.16
1508  025E
1509  025E 7A           		ld	a,d
1510  025F 3D           		dec	a		;snizime, abychom se dostali na spravny disk. Zaciname diskem 1.
1511  0260
1512  0260 11 00 00     		ld	de,0
1513  0263 21 00 10     		ld	hl,4096		;4096x512=delka jednoho MBD image
1514  0266 CD 7D 02     		call	MUL32x8
1515  0269              					;DEHL= vysledek
1516  0269 D9           		exx
1517  026A ~            /*
1518  026A ~            ;		ld	hl,VDT+1	;zatim to bereme z prvni partisny, vyresit
1519  026A ~            ;		inc	hl
1520  026A ~            		pop	hl
1521  026A ~            		ld	c,(hl)
1522  026A ~            		inc	hl
1523  026A ~            		ld	b,(hl)
1524  026A ~            		inc	hl
1525  026A ~            		ld	e,(hl)
1526  026A ~            		inc	hl
1527  026A ~            		ld	d,(hl)
1528  026A ~            		ld	l,c
1529  026A ~            		ld	h,b
1530  026A ~            */
1531  026A              current_1st_sector			;dulezite, tady je aktualne vybrana partisna/1 datovy sektor
1532  026A 21 55 55     		ld	hl,#5555	;nizsi LBA
1533  026D 11 55 55     		ld	de,#5555	;vyssi LBA
1534  0270
1535  0270 CD CD 02     		call	ADD32_32
1536  0273 22 6C 01     		ld	(LOW24+1),hl
1537  0276 ED 53 70 01  		ld	(HIG24+1),de
1538  027A AF           		xor	a		;set NZ
1539  027B 3C           		inc	a
1540  027C C9           		ret
1541  027D
1542  027D ~            /*piseme pro EasySD- pro 32 bajtove pocitani
1543  027D ~            ;		dec	a		;dulezite, temito dvema dec a snizujeme disky od 1
1544  027D ~            ;		dec	a
1545  027D ~            		dec	a		;odecteme 3 protoze HDD jednotky zacinaji az od 3
1546  027D ~            ; A je cislo jednotky uz od nuly napr. 1 (odpovida jednotce @4)
1547  027D ~
1548  027D ~            		ld	l,a
1549  027D ~            		ld	h,0
1550  027D ~            		ld	d,h
1551  027D ~            		add	hl,hl
1552  027D ~            		add	hl,hl
1553  027D ~            		add	hl,hl
1554  027D ~            		add	hl,hl
1555  027D ~            ; A je vynasobeno 16 a ulozeno do HL (16*256=4096 LBA sertoru= 2MB na jednotku)
1556  027D ~
1557  027D ~            		ld	a,(TAB_DRV+6)
1558  027D ~            		ld	e,a
1559  027D ~            ; vytahneme z VDT vyssi byte adresy prvniho sectoru prvni jednotky, mel by to byt zaroven prvni sector prvniho souboru na HDD
1560  027D ~
1561  027D ~            		add	hl,de
1562  027D ~            ; pricteme k L
1563  027D ~            		ld	a,(TAB_DRV+5)
1564  027D ~            		ld	e,a
1565  027D ~            ; vytahneme z VDT nizsi byte adresy
1566  027D ~
1567  027D ~            		ld	d,l
1568  027D ~            		ld	l,h
1569  027D ~            		ld	h,0
1570  027D ~            ; spravne usporadame pro LBA24 (registry lde)
1571  027D ~            		ld	(LOW24+1),de
1572  027D ~            		ld	(HIG24+1),hl
1573  027D ~
1574  027D ~            		ld	a,e
1575  027D ~            		or	d
1576  027D ~            		or	l
1577  027D ~            ; jeste test jestli lde<>0, je v podstate zbytecny, ale musi byt nz
1578  027D ~            		ret
1579  027D ~            */
1580  027D
1581  027D ~            /*
1582  027D ~            ;slave rusime, bude jen 1 karta, zatim
1583  027D ~            ; ted to same pro slave
1584  027D ~            slave		ld	hl,TAB_DRV+(VDTLEN/2)
1585  027D ~            		ld	a,(hl)
1586  027D ~            		or	a
1587  027D ~            		ret	z		;slave disk neexistuje
1588  027D ~
1589  027D ~            		ld	a,%11110000
1590  027D ~            ;;;		ld	(HEA_RD1+1),a	;davame pryc zatim, pro SD verzi
1591  027D ~            ;;;		ld	(HEA_WR1+1),a	;nastaveni slave	;davame pryc zatim, pro SD verzi
1592  027D ~
1593  027D ~            ;		ld a,(TAB_DRV+4+(VDTLEN/2))	;ver 1.16- zruseno, obsluha WP byla presunuta do rutiny AKTIVE
1594  027D ~            ;		ld (WR_PROT+1),a ; nastaveni WriteProtect, end 1.16
1595  027D ~
1596  027D ~            		res	7,d		;slave nutno zrusit bit 7
1597  027D ~            		ld	a,d
1598  027D ~            		dec	a
1599  027D ~            		dec	a
1600  027D ~            		dec	a		;odecteme 3 protoze HDD jednotky zacinaji az od 3
1601  027D ~            ; A je cislo jednotky uz od nuly napr. 1 (odpovida jednotce @4)
1602  027D ~
1603  027D ~            		ld	l,a
1604  027D ~            		ld	h,0
1605  027D ~            		ld	d,h
1606  027D ~            		add	hl,hl
1607  027D ~            		add	hl,hl
1608  027D ~            		add	hl,hl
1609  027D ~            		add	hl,hl
1610  027D ~            ; A je vynasobeno 16 a ulozeno do HL (16*256=4096 LBA sertoru= 2MB na jednotku)
1611  027D ~
1612  027D ~            		ld	a,(TAB_DRV+6+(VDTLEN/2))
1613  027D ~            		ld	e,a
1614  027D ~            ; vytahneme z VDT vyssi byte adresy prvniho sectoru prvni jednotky, mel by to byt zaroven prvni sector prvniho souboru na HDD
1615  027D ~
1616  027D ~            		add	hl,de
1617  027D ~            ; pricteme k L
1618  027D ~            		ld	a,(TAB_DRV+5+(VDTLEN/2))
1619  027D ~            		ld	e,a
1620  027D ~            ; vytahneme z VDT nizsi byte adresy
1621  027D ~
1622  027D ~            		ld	d,l
1623  027D ~            		ld	l,h
1624  027D ~            		ld	h,0
1625  027D ~            ; spravne usporadame pro LBA24 (registry lde)
1626  027D ~            		ld	(LOW24+1),de
1627  027D ~            		ld	(HIG24+1),hl
1628  027D ~
1629  027D ~            		ld	a,e
1630  027D ~            		or	d
1631  027D ~            		or	l
1632  027D ~            ; jeste test jestli lde<>0, je v podstate zbytecny, ale musi byt nz
1633  027D ~            		ret
1634  027D ~            konec ruseni slave*/
1635  027D
1636  027D              ;------------------------------------------------------------------------------
1637  027D              ; Matematicke rutiny - fyzicka kopie pro hlavni cast EasySD (MODULE MAIN)
1638  027D              ;------------------------------------------------------------------------------
1639  027D              MUL32x8:
1640  027D              	MATH_MUL32x8
1640  027D DD E5       >        push    ix
1640  027F             >
1640  027F 22 B4 02    >        ld      (.value),hl
1640  0282 ED 53 B6 02 >        ld      (.value+2),de
1640  0286             >
1640  0286 47          >        ld      b,a
1640  0287 DD 2E 08    >        ld      ixl,8
1640  028A             >
1640  028A 11 00 00    >        ld      de,0
1640  028D 21 00 00    >        ld      hl,0
1640  0290             >
1640  0290             >.loop:
1640  0290 29          >        add     hl,hl
1640  0291 CB 13       >        rl      e
1640  0293 CB 12       >        rl      d
1640  0295             >
1640  0295 CB 20       >        sla     b
1640  0297 30 14       >        jr      nc,.next
1640  0299             >
1640  0299 3A B4 02    >        ld      a,(.value)
1640  029C 85          >        add     a,l
1640  029D 6F          >        ld      l,a
1640  029E             >
1640  029E 3A B5 02    >        ld      a,(.value+1)
1640  02A1 8C          >        adc     a,h
1640  02A2 67          >        ld      h,a
1640  02A3             >
1640  02A3 3A B6 02    >        ld      a,(.value+2)
1640  02A6 8B          >        adc     a,e
1640  02A7 5F          >        ld      e,a
1640  02A8             >
1640  02A8 3A B7 02    >        ld      a,(.value+3)
1640  02AB 8A          >        adc     a,d
1640  02AC 57          >        ld      d,a
1640  02AD             >
1640  02AD             >.next:
1640  02AD DD 2D       >        dec     ixl
1640  02AF 20 DF       >        jr      nz,.loop
1640  02B1             >
1640  02B1 DD E1       >        pop     ix
1640  02B3 C9          >        ret
1640  02B4             >
1640  02B4             >.value:
1640  02B4 00 00 00 00 >        ds      4
1641  02B8
1642  02B8              ADD32_16:
1643  02B8              	MATH_ADD32_16
1643  02B8 09          >        add     hl,bc
1643  02B9 D0          >        ret     nc
1643  02BA             >
1643  02BA 13          >        inc     de
1643  02BB C9          >        ret
1644  02BC
1645  02BC              SUB32_8:
1646  02BC              	MATH_SUB32_8
1646  02BC 47          >        ld      b,a
1646  02BD             >
1646  02BD 7D          >        ld      a,l
1646  02BE 90          >        sub     b
1646  02BF 6F          >        ld      l,a
1646  02C0             >
1646  02C0 7C          >        ld      a,h
1646  02C1 DE 00       >        sbc     a,0
1646  02C3 67          >        ld      h,a
1646  02C4             >
1646  02C4 7B          >        ld      a,e
1646  02C5 DE 00       >        sbc     a,0
1646  02C7 5F          >        ld      e,a
1646  02C8             >
1646  02C8 7A          >        ld      a,d
1646  02C9 DE 00       >        sbc     a,0
1646  02CB 57          >        ld      d,a
1646  02CC             >
1646  02CC C9          >        ret
1647  02CD
1648  02CD              ADD32_32:
1649  02CD              	MATH_ADD32_32
1649  02CD D9          >        exx
1649  02CE             >
1649  02CE D5          >        push    de
1649  02CF E5          >        push    hl
1649  02D0             >
1649  02D0 D9          >        exx
1649  02D1             >
1649  02D1 C1          >        pop     bc
1649  02D2 09          >        add     hl,bc
1649  02D3             >
1649  02D3 C1          >        pop     bc
1649  02D4             >
1649  02D4 EB          >        ex      de,hl
1649  02D5 ED 4A       >        adc     hl,bc
1649  02D7 EB          >        ex      de,hl
1649  02D8 C9          >        ret
1650  02D9
1651  02D9              LEN_MAIN	equ	$-HDD_MAIN_START
1652  02D9              	ASSERT	HDD_MAIN_START+LEN_MAIN <= PIT_START
1653  02D9
1654  02D9              		ent
1655  8585
1656  8585              	endmodule	; MAIN
1657  8585
1658  8585
1659  8585              		disp	CF_ROUTINES_START
1660  0F00              	module	CFroutines
1661  0F00
1662  0F00              ; Cteni jednoho 1024B sektoru BSDOSu jako dva po sobe jdouci ATA sektory.
1663  0F00              ; Vstup: IX=buffer, HL=horni 16 bitu LBA, DE=dolni 16 bitu LBA.
1664  0F00              READ1
1665  0F00 CD DD 01     	call	@MAIN.TST_BSY
1666  0F03 C2 7D 01     	jp	nz,@MAIN.ERROR
1667  0F06 06 02        	ld	b,2
1668  0F08 CD 6A 0F     	call	ATA_SETUP_LBA
1669  0F0B C2 7D 01     	jp	nz,@MAIN.ERROR
1670  0F0E 3E 20        	ld	a,#20			;ATA READ SECTORS
1671  0F10 D3 BF        	out	(P_COM),a
1672  0F12
1673  0F12 CD 88 0F     	call	ATA_WAIT_DRQ
1674  0F15 C2 7D 01     	jp	nz,@MAIN.ERROR
1675  0F18 DD E5        	push	ix
1676  0F1A E1           	pop	hl
1677  0F1B CD 06 02     	call	@MAIN.RD_512
1678  0F1E
1679  0F1E CD 88 0F     	call	ATA_WAIT_DRQ
1680  0F21 C2 7D 01     	jp	nz,@MAIN.ERROR
1681  0F24 CD 06 02     	call	@MAIN.RD_512
1682  0F27
1683  0F27 CD DD 01     	call	@MAIN.TST_BSY
1684  0F2A C2 7D 01     	jp	nz,@MAIN.ERROR
1685  0F2D CD FA 01     	call	@MAIN.TST_ERR
1686  0F30 C2 7D 01     	jp	nz,@MAIN.ERROR
1687  0F33 AF           	xor	a
1688  0F34 C9           	ret
1689  0F35
1690  0F35              ; Zapis jednoho 1024B sektoru BSDOSu jako dva po sobe jdouci ATA sektory.
1691  0F35              ; Vstup: IX=buffer, HL=horni 16 bitu LBA, DE=dolni 16 bitu LBA.
1692  0F35              WRITE1
1693  0F35 CD DD 01     	call	@MAIN.TST_BSY
1694  0F38 C2 7D 01     	jp	nz,@MAIN.ERROR
1695  0F3B 06 02        	ld	b,2
1696  0F3D CD 6A 0F     	call	ATA_SETUP_LBA
1697  0F40 C2 7D 01     	jp	nz,@MAIN.ERROR
1698  0F43 3E 30        	ld	a,#30			;ATA WRITE SECTORS
1699  0F45 D3 BF        	out	(P_COM),a
1700  0F47
1701  0F47 CD 88 0F     	call	ATA_WAIT_DRQ
1702  0F4A C2 7D 01     	jp	nz,@MAIN.ERROR
1703  0F4D DD E5        	push	ix
1704  0F4F E1           	pop	hl
1705  0F50 CD 2E 02     	call	@MAIN.WR_512
1706  0F53
1707  0F53 CD 88 0F     	call	ATA_WAIT_DRQ
1708  0F56 C2 7D 01     	jp	nz,@MAIN.ERROR
1709  0F59 CD 2E 02     	call	@MAIN.WR_512
1710  0F5C
1711  0F5C CD DD 01     	call	@MAIN.TST_BSY
1712  0F5F C2 7D 01     	jp	nz,@MAIN.ERROR
1713  0F62 CD FA 01     	call	@MAIN.TST_ERR
1714  0F65 C2 7D 01     	jp	nz,@MAIN.ERROR
1715  0F68 AF           	xor	a
1716  0F69 C9           	ret
1717  0F6A
1718  0F6A              ; Nastavi ATA28 registry pro jedinou podporovanou CF kartu MASTER.
1719  0F6A              ; Vstup: HL=horni 16 bitu LBA, DE=dolni 16 bitu LBA, B=pocet 512B sektoru.
1720  0F6A              ; Vystup: Z=OK, NZ=LBA mimo 28bitovy rozsah.
1721  0F6A              ATA_SETUP_LBA
1722  0F6A 7C           	ld	a,h
1723  0F6B E6 F0        	and	#F0
1724  0F6D 20 15        	jr	nz,ATA_LBA_RANGE
1725  0F6F 7C           	ld	a,h
1726  0F70 E6 0F        	and	#0F
1727  0F72 F6 E0        	or	#E0			;MASTER + LBA mode
1728  0F74 D3 DB        	out	(P_HEA),a
1729  0F76 78           	ld	a,b
1730  0F77 D3 CB        	out	(P_HSE),a
1731  0F79 7B           	ld	a,e
1732  0F7A D3 AF        	out	(P_NSE),a		;LBA 7..0
1733  0F7C 7A           	ld	a,d
1734  0F7D D3 D3        	out	(P_CYL),a		;LBA 15..8
1735  0F7F 7D           	ld	a,l
1736  0F80 D3 B7        	out	(P_CYH),a		;LBA 23..16
1737  0F82 AF           	xor	a
1738  0F83 C9           	ret
1739  0F84
1740  0F84              ATA_LBA_RANGE
1741  0F84 3E 10        	ld	a,%00010000		;seek/range error pro prevod v MAIN.ERROR
1742  0F86 B7           	or	a
1743  0F87 C9           	ret
1744  0F88
1745  0F88              ; Ceka na DRQ a zaroven osetri timeout a ATA ERR.
1746  0F88              ; Vystup: Z=DRQ pripraven, NZ=kod chyby.
1747  0F88              ATA_WAIT_DRQ
1748  0F88 CD DD 01     	call	@MAIN.TST_BSY
1749  0F8B C0           	ret	nz
1750  0F8C CB 47        	bit	0,a
1751  0F8E 20 06        	jr	nz,ATA_STATUS_ERROR
1752  0F90 CB 5F        	bit	3,a
1753  0F92 28 08        	jr	z,ATA_DRQ_ERROR
1754  0F94 AF           	xor	a
1755  0F95 C9           	ret
1756  0F96
1757  0F96              ATA_STATUS_ERROR
1758  0F96 DB A7        	in	a,(P_ERR)
1759  0F98 B7           	or	a
1760  0F99 C0           	ret	nz
1761  0F9A 3C           	inc	a			;ERR byl nastaven, nevracej falesne Z
1762  0F9B C9           	ret
1763  0F9C
1764  0F9C              ATA_DRQ_ERROR
1765  0F9C 3E 08        	ld	a,8
1766  0F9E B7           	or	a
1767  0F9F C9           	ret
1768  0FA0
1769  0FA0              ; Pracovni 256B VDT pro BSDOS je zarovnana na nejblizsi dalsi xx00.
1770  0FA0              BSDOS_VDT	equ	($+#FF)&$FF00
1771  0FA0              	ASSERT	(BSDOS_VDT & #FF) == 0
1772  0FA0
1773  0FA0              	endmodule
1774  0FA0              LEN_CF		equ	$-CF_ROUTINES_START
1775  0FA0
1776  0FA0              	ent
1777  8625
1778  8625              ;LEN		equ	$-144			;posun kvuli PITovi
1779  8625
1780  8625              ; TAB/TAB_DRV zde zadne bajty negeneruji.
1781  8625              ; Pracovni VDT je v HDD bance na CFroutines.BSDOS_VDT.
1782  8625
1783  8625              ;END1		equ	$-MAIN.KKK+MAIN.SEM1
1784  8625              END1		equ	$-MAIN.PRESKOC+MAIN.SEM1
1785  8625
1786  8625              ;		ent
1787  8625
1788  8625              		include "GUI.a80"
# file opened: GUI.a80
   1+ 8625              ;dokumentace k FAT- bomba
   2+ 8625              ;https://elm-chan.org/docs/fat_e.html
   3+ 8625
   4+ 8625              ;		include	"nasobeniHLDE.a80"
   5+ 8625              ;		include	"draw.a80"
   6+ 8625              		include	"draw-jugo.a80"
# file opened: draw-jugo.a80
   1++8625              ;rutina na kresleni cary. pochazi z nejakeho jugoslavskeho casaku
   2++8625              ;BC-ODKUD DE-KAM NAKRESLI CARU
   3++8625              ;POCATEK VLEVO NAHORE (0,0)
   4++8625              	module draw_jugo
   5++8625 7A           DRAW	LD   A,D
   6++8626 FE C0        	CP   192
   7++8628 D0           	RET  NC
   8++8629 78           	LD   A,B
   9++862A FE C0        	CP   192
  10++862C D0           	RET  NC
  11++862D 3F           	CCF
  12++862E 1F           	RRA
  13++862F 37           	SCF
  14++8630 1F           	RRA
  15++8631 A7           	AND  A
  16++8632 1F           	RRA
  17++8633 A8           	XOR  B
  18++8634 E6 F8        	AND  248
  19++8636 A8           	XOR  B
  20++8637 67           	LD   H,A
  21++8638 79           	LD   A,C
  22++8639 07           	RLCA
  23++863A 07           	RLCA
  24++863B 07           	RLCA
  25++863C 6F           	LD   L,A
  26++863D E6 38        	AND  56
  27++863F 2F           	CPL
  28++8640 32 45 86     	LD   (LAB+1),A
  29++8643 AF           	XOR  A
  30++8644 CB C7        LAB	SET  0,A
  31++8646 08           	EX   AF,AF'
  32++8647 7D           	LD   A,L
  33++8648 A8           	XOR  B
  34++8649 E6 C7        	AND  199
  35++864B A8           	XOR  B
  36++864C 07           	RLCA
  37++864D 07           	RLCA
  38++864E 6F           	LD   L,A
  39++864F 78           	LD   A,B
  40++8650 92           	SUB  D
  41++8651 06 00        	LD   B,0
  42++8653 30 03        	JR   NC,N1
  43++8655 ED 44        	NEG
  44++8657 04           	INC  B
  45++8658 57           N1	LD   D,A
  46++8659 79           	LD   A,C
  47++865A 93           	SUB  E
  48++865B 0E 00        	LD   C,0
  49++865D 30 03        	JR   NC,N2
  50++865F ED 44        	NEG
  51++8661 0C           	INC  C
  52++8662 5F           N2	LD   E,A
  53++8663 08           	EX   AF,AF'
  54++8664 F5           	PUSH AF
  55++8665 B6           	OR   (HL)
  56++8666 77           	LD   (HL),A
  57++8667 F1           	POP  AF
  58++8668 08           	EX   AF,AF'
  59++8669 B2           	OR   D
  60++866A C8           	RET  Z
  61++866B E5           	PUSH HL
  62++866C 7A           	LD   A,D
  63++866D BB           	CP   E
  64++866E 38 37        	JR   C,POX
  65++8670 21 CB 86     	LD   HL,LEVO
  66++8673 CB 41        	BIT  0,C
  67++8675 28 03        	JR   Z,Y1
  68++8677 21 C6 86     	LD   HL,DESNO
  69++867A 22 9A 86     Y1	LD   (DIA+1),HL
  70++867D 21 E3 86     	LD   HL,GORE
  71++8680 CB 40        	BIT  0,B
  72++8682 28 03        	JR   Z,Y2
  73++8684 21 D0 86     	LD   HL,DOLE
  74++8687 22 9D 86     Y2	LD   (NAST+1),HL
  75++868A 4A           	LD   C,D
  76++868B CB 39        N3	SRL  C
  77++868D DD 62        	LD   HX,D
  78++868F 08           	EX   AF,AF'
  79++8690 47           	LD   B,A
  80++8691 E1           	POP  HL
  81++8692 79           LOOP	LD   A,C
  82++8693 93           	SUB  E
  83++8694 4F           	LD   C,A
  84++8695 30 05        	JR   NC,NAST
  85++8697 82           	ADD  A,D
  86++8698 4F           	LD   C,A
  87++8699 CD 00 00     DIA	CALL 0
  88++869C CD 00 00     NAST	CALL 0
  89++869F 78           	LD   A,B
  90++86A0 B6           	OR   (HL)
  91++86A1 77           	LD   (HL),A
  92++86A2 DD 25        	DEC  HX
  93++86A4 20 EC        	JR   NZ,LOOP
  94++86A6 C9           	RET
  95++86A7 21 CB 86     POX	LD   HL,LEVO
  96++86AA CB 41        	BIT  0,C
  97++86AC 28 03        	JR   Z,X1
  98++86AE 21 C6 86     	LD   HL,DESNO
  99++86B1 22 9D 86     X1	LD   (NAST+1),HL
 100++86B4 21 E3 86     	LD   HL,GORE
 101++86B7 CB 40        	BIT  0,B
 102++86B9 28 03        	JR   Z,X2
 103++86BB 21 D0 86     	LD   HL,DOLE
 104++86BE 22 9A 86     X2	LD   (DIA+1),HL
 105++86C1 4B           	LD   C,E
 106++86C2 5A           	LD   E,D
 107++86C3 51           	LD   D,C
 108++86C4 18 C5        	JR   N3
 109++86C6 CB 08        DESNO	RRC  B
 110++86C8 D0           	RET  NC
 111++86C9 23           	INC  HL
 112++86CA C9           	RET
 113++86CB CB 00        LEVO	RLC  B
 114++86CD D0           	RET  NC
 115++86CE 2B           	DEC  HL
 116++86CF C9           	RET
 117++86D0 24           DOLE	INC  H
 118++86D1 7C           	LD   A,H
 119++86D2 E6 07        	AND  7
 120++86D4 C0           	RET  NZ
 121++86D5 7C           	LD   A,H
 122++86D6 D6 08        	SUB  8
 123++86D8 67           	LD   H,A
 124++86D9 7D           	LD   A,L
 125++86DA C6 20        	ADD  A,32
 126++86DC 6F           	LD   L,A
 127++86DD D0           	RET  NC
 128++86DE 7C           	LD   A,H
 129++86DF C6 08        	ADD  A,8
 130++86E1 67           	LD   H,A
 131++86E2 C9           	RET
 132++86E3 25           GORE	DEC  H
 133++86E4 7C           	LD   A,H
 134++86E5 2F           	CPL
 135++86E6 E6 07        	AND  7
 136++86E8 C0           	RET  NZ
 137++86E9 7C           	LD   A,H
 138++86EA C6 08        	ADD  A,8
 139++86EC 67           	LD   H,A
 140++86ED 7D           	LD   A,L
 141++86EE D6 20        	SUB  32
 142++86F0 6F           	LD   L,A
 143++86F1 D0           	RET  NC
 144++86F2 7C           	LD   A,H
 145++86F3 D6 08        	SUB  8
 146++86F5 67           	LD   H,A
 147++86F6 C9           	RET
 148++86F7              	endmodule
 149++86F7
# file closed: draw-jugo.a80
   7+ 86F7              		include	"cls.a80"
# file opened: cls.a80
   1++86F7              	module	cls
   2++86F7 21 00 40     CLS	LD	HL,16384
   3++86FA 11 01 40     	LD	DE,16385
   4++86FD 01 FF 1A     	LD	BC,6911
   5++8700 75           	LD	(HL),L
   6++8701 ED B0        	LDIR
   7++8703 AF           	XOR	A
   8++8704 D3 FE        	OUT	(254),A
   9++8706 C9           	RET
  10++8707              	endmodule
  11++8707
# file closed: cls.a80
   8+ 8707              ;		include	"sprite1.a80"
   9+ 8707              CaroLogo	incbin	"CaroLogo.bin"
  10+ 8A3C              NewdimLogo	incbin	"NewdimLogo.bin"
  11+ 8B5E              		include	"sprite2.a80"
# file opened: sprite2.a80
   1++8B5E              ; zobrazi sprite dle cisla v A pozice a data spritu jsou v tabulce SP_TAB; priklad nakonci!!!
   2++8B5E              ; zobrazuje sprites z programu SpriteEdit typ 2
   3++8B5E              	module sprite2
   4++8B5E              SP_
   5++8B5E
   6++8B5E 21 33 94     	ld   hl,@SP_TAB
   7++8B61 87           	add  a,a
   8++8B62 87           	add  a,a
   9++8B63 16 00        	ld   d,0
  10++8B65 5F           	ld   e,a
  11++8B66 19           	add  hl,de
  12++8B67 5E           	ld   e,(hl)
  13++8B68 23           	inc  hl
  14++8B69 56           	ld   d,(hl)
  15++8B6A 23           	inc  hl
  16++8B6B D5           	push de
  17++8B6C 5E           	ld   e,(hl)
  18++8B6D 23           	inc  hl
  19++8B6E 56           	ld   d,(hl)
  20++8B6F EB           	ex   de,hl
  21++8B70 D1           	pop de
  22++8B71
  23++8B71              ;------------------------------
  24++8B71              OK
  25++8B71 46           	ld b,(hl)
  26++8B72 23           	inc hl
  27++8B73 4E           	ld c,(hl)
  28++8B74 23           	inc hl
  29++8B75 7A           	ld   a,d
  30++8B76 0F           	rrca
  31++8B77 0F           	rrca
  32++8B78 0F           	rrca
  33++8B79 E6 E0        	and  %11100000
  34++8B7B 83           	add  a,e
  35++8B7C 5F           	ld   e,a
  36++8B7D 7A           	ld   a,d
  37++8B7E E6 18        	and  24
  38++8B80 F6 40        	or   64
  39++8B82 57           	ld   d,a
  40++8B83
  41++8B83 D5           OK_SEM	push de
  42++8B84 C5           	push bc
  43++8B85 7A           	ld   a,d
  44++8B86 0F           	rrca
  45++8B87 0F           	rrca
  46++8B88 0F           	rrca
  47++8B89 E6 03        	and  3
  48++8B8B F6 58        	or   88
  49++8B8D 57           	ld   d,a
  50++8B8E
  51++8B8E              OK_RADE1 ;call DE_BAJT
  52++8B8E 7E           	ld a,(hl)
  53++8B8F 23           	inc hl
  54++8B90
  55++8B90 12           	ld   (de),a
  56++8B91 1C           	inc  e
  57++8B92 0D           	dec  c
  58++8B93 20 F9        	jr   nz,OK_RADE1
  59++8B95 C1           	pop  bc
  60++8B96 D1           	pop  de
  61++8B97
  62++8B97              OK_DALSI
  63++8B97 D5           	push de
  64++8B98 C5           	push bc
  65++8B99              OK_RADEK ;call DE_BAJT
  66++8B99 7E           	ld a,(hl)
  67++8B9A 23           	inc hl
  68++8B9B
  69++8B9B 12           	ld   (de),a
  70++8B9C 1C           	inc  e
  71++8B9D 0D           	dec  c
  72++8B9E 20 F9        	jr   nz,OK_RADEK
  73++8BA0 C1           	pop  bc
  74++8BA1 D1           	pop  de
  75++8BA2 14           	inc  d
  76++8BA3 7A           	ld   a,d
  77++8BA4 E6 07        	and  7
  78++8BA6 20 EF        	jr   nz,OK_DALSI
  79++8BA8 3E 20        	ld   a,32
  80++8BAA 83           	add  a,e
  81++8BAB 5F           	ld   e,a
  82++8BAC 3F           	ccf
  83++8BAD 9F           	sbc  a,a
  84++8BAE E6 F8        	and  -8
  85++8BB0 82           	add  a,d
  86++8BB1 57           	ld   d,a
  87++8BB2 10 CF        	djnz OK_SEM
  88++8BB4 C9           	ret
  89++8BB5
  90++8BB5 ~            /*
  91++8BB5 ~            SP_TAB	defw #0B00  ;kam zobrazit
  92++8BB5 ~            	defw 32768 ;odkud
  93++8BB5 ~            */
  94++8BB5              	endmodule
  95++8BB5
# file closed: sprite2.a80
  12+ 8BB5              eightbc_i	incbin	"8BC_I.cde"
  13+ 8C23
  14+ 8C23              ; EasyCF logo, 6x2 znakove bunky (48x16 pixelu).
  15+ 8C23              ; Prvni dve bunky tvori CF kartu, zbytek napis Easy/CF.
  16+ 8C23              ; Format sprite2: vyska v bunkach, sirka v bajtech a pro kazdy
  17+ 8C23              ; znakovy radek nejdriv atributy, potom osm bitmapovych scanline.
  18+ 8C23              EasyCFLogo
  19+ 8C23 02 06        	db	2,6
  20+ 8C25
  21+ 8C25              EasyCFLogoAttrs
  22+ 8C25 38 38 44 44  	db	56,56,68,68,68,70
  22+ 8C29 44 46
  23+ 8C2B 80 03 74 00  	db	%10000000,%00000011,%01110100,%00000000,%00000011,%00000000
  23+ 8C2F 03 00
  24+ 8C31 3F F9 60 E3  	db	%00111111,%11111001,%01100000,%11100011,%01011011,%00000000
  24+ 8C35 5B 00
  25+ 8C37 61 0D 78 36  	db	%01100001,%00001101,%01111000,%00110110,%00011011,%00000000
  25+ 8C3B 1B 00
  26+ 8C3D 4E E5 60 F3  	db	%01001110,%11100101,%01100000,%11110011,%10001111,%00000000
  26+ 8C41 8F 00
  27+ 8C43 5F F5 61 B0  	db	%01011111,%11110101,%01100001,%10110000,%11000011,%00000000
  27+ 8C47 C3 00
  28+ 8C49 51 15 7E FB  	db	%01010001,%00010101,%01111110,%11111011,%11101111,%00000000
  28+ 8C4D EF 00
  29+ 8C4F 57 75 00 00  	db	%01010111,%01110101,%00000000,%00000000,%00000000,%00000000
  29+ 8C53 00 00
  30+ 8C55 57 15 55 55  	db	%01010111,%00010101,%01010101,%01010101,%01010101,%00000000
  30+ 8C59 55 00
  31+ 8C5B
  32+ 8C5B              EasyCFLogoAttrsRow2
  33+ 8C5B 38 38 0E 0E  	db	56,56,14,14,14,70
  33+ 8C5F 0E 46
  34+ 8C61 57 75 00 00  	db	%01010111,%01110101,%00000000,%00000000,%00000000,%00000000
  34+ 8C65 00 00
  35+ 8C67 51 75 03 E7  	db	%01010001,%01110101,%00000011,%11100111,%11100000,%00000000
  35+ 8C6B E0 00
  36+ 8C6D 5F F5 07 37  	db	%01011111,%11110101,%00000111,%00110111,%00110000,%00000000
  36+ 8C71 30 00
  37+ 8C73 6F ED 06 03  	db	%01101111,%11101101,%00000110,%00000011,%00000000,%00000000
  37+ 8C77 00 00
  38+ 8C79 7F FD 06 03  	db	%01111111,%11111101,%00000110,%00000011,%11100000,%00000000
  38+ 8C7D E0 00
  39+ 8C7F 55 55 07 37  	db	%01010101,%01010101,%00000111,%00110111,%00000000,%00000000
  39+ 8C83 00 00
  40+ 8C85 2A A9 03 E3  	db	%00101010,%10101001,%00000011,%11100011,%00000000,%00000000
  40+ 8C89 00 00
  41+ 8C8B 80 03 00 00  	db	%10000000,%00000011,%00000000,%00000000,%00000000,%00000000
  41+ 8C8F 00 00
  42+ 8C91              ;		include "lbaread.a80"	;vlozeno primo do kodu GUI
  43+ 8C91              ;		include "sd_rw.asm"	;SD card init, read, write---dame to dozadu
  44+ 8C91              zvuk		incbin	"ZVUK.BIN"
  45+ 9433              zvukend
  46+ 9433
  47+ 9433              @SP_TAB
  48+ 9433 0A 02        @TAB_sprite1	defb	10,2
  49+ 9435 07 87        		defw	CaroLogo
  50+ 9437 18 14        		defb	24,20
  51+ 9439 3C 8A        		defw	NewdimLogo
  52+ 943B 00 15        		defb	0,21
  53+ 943D B5 8B        		defw	eightbc_i
  54+ 943F 01 02        		defb	1,2
  55+ 9441 B5 8B        		defw	eightbc_i
  56+ 9443 19 02        		defb	25,2
  57+ 9445 23 8C        		defw	EasyCFLogo
  58+ 9447
  59+ 9447
  60+ 9447              	module	GUI
  61+ 9447
  62+ 9447              zvukcmp equ	60000		;adresa zkopilovaneho zvuku
  63+ 9447
  64+ 9447 F3           gui	di
  65+ 9448              ;	xor	a
  66+ 9448              ;	out	(254),a
  67+ 9448
  68+ 9448              ;;	call	SD_INIT		;testing purposes, was working good
  69+ 9448              ;;	jp	L3+6
  70+ 9448
  71+ 9448              ;splash screen
  72+ 9448 3A 49 80     	ld	a,(@showsplash)
  73+ 944B B7           	or	a
  74+ 944C 28 3D        	jr	z,nosplash
  75+ 944E
  76+ 944E 21 91 8C     	ld	hl,zvuk
  77+ 9451 11 60 EA     	ld	de,zvukcmp
  78+ 9454 01 A2 07     	ld	bc,zvukend-zvuk
  79+ 9457 ED B0        	ldir
  80+ 9459              ; presune zvuk na sve misto
  81+ 9459
  82+ 9459              ; init
  83+ 9459 CD F7 86     	call	cls.CLS
  84+ 945C
  85+ 945C 3E 02        	ld	a,2
  86+ 945E CD 5E 8B     	call	sprite2.SP_
  87+ 9461 3E 01        	ld	a,1
  88+ 9463 06 0A        	ld	b,10		;was 40
  89+ 9465 CD 5C AD     	call	zvukplay
  90+ 9468
  91+ 9468 3E 01        	ld	a,1
  92+ 946A CD 5E 8B     	call	sprite2.SP_
  93+ 946D 3E 02        	ld	a,2
  94+ 946F 06 0A        	ld	b,10		;was 40
  95+ 9471 CD 5C AD     	call	zvukplay
  96+ 9474 AF           	xor	a
  97+ 9475 CD 5E 8B     	call	sprite2.SP_
  98+ 9478
  99+ 9478              ;/*	ld	hl,22528+256+32
 100+ 9478              ;	ld	de,22529+256+32
 101+ 9478              ;	ld	bc,255-32
 102+ 9478              ;	ld	(hl),6
 103+ 9478              ;	ldir
 104+ 9478              ;*/
 105+ 9478 21 B3 9E     	ld	hl,TEXT2
 106+ 947B 01 0D 0A     	ld	bc,#0a0d
 107+ 947E CD 2C A3     	call	T42_TEXT
 108+ 9481 3E 03        	ld	a,3
 109+ 9483 06 64        	ld	b,100		;was 128
 110+ 9485 CD 5C AD     	call	zvukplay
 111+ 9488 CD 99 EA     	call	zvukcmp+57	;ticho
 112+ 948B              ;	call	ANYKEY
 113+ 948B
 114+ 948B              nosplash
 115+ 948B CD F7 86     	call	cls.CLS
 116+ 948E CD F5 A1     	call	T_START
 117+ 9491              ; vykresli tabulku
 118+ 9491 3E 03        	ld	a,3
 119+ 9493 CD 5E 8B     	call	sprite2.SP_
 120+ 9496 3E 04        	ld	a,4
 121+ 9498 CD 5E 8B     	call	sprite2.SP_
 122+ 949B
 123+ 949B              	; Barvy loga ze SCR: seda/bila CF karta, zelene Easy,
 124+ 949B              	; zlute CF na modrem podkladu.
 125+ 949B 21 25 8C     	ld	hl,EasyCFLogoAttrs
 126+ 949E 11 59 58     	ld	de,#5859		; atributy: radek 2, sloupec 25
 127+ 94A1 01 06 00     	ld	bc,6
 128+ 94A4 ED B0        	ldir
 129+ 94A6 21 5B 8C     	ld	hl,EasyCFLogoAttrsRow2
 130+ 94A9 11 79 58     	ld	de,#5879		; atributy: radek 3, sloupec 25
 131+ 94AC 01 06 00     	ld	bc,6
 132+ 94AF ED B0        	ldir
 133+ 94B1 21 9D 9E     	ld	hl,TEXT1		;vrchni prostredni tabulka
 134+ 94B4
 135+ 94B4              	IFDEF	ELEMENT
 136+ 94B4 01 0B 02     	ld	bc,#020b
 137+ 94B7              	ELSE
 138+ 94B7 ~            	ld	bc,#020C
 139+ 94B7              	ENDIF
 140+ 94B7
 141+ 94B7 CD 2C A3     	call	T42_TEXT
 142+ 94BA 21 B3 9E     	ld	hl,TEXT2
 143+ 94BD 01 0D 03     	ld	bc,#030d
 144+ 94C0 CD 2C A3     	call	T42_TEXT
 145+ 94C3              ;carymary
 146+ 94C3 01 3B 0E     	ld	bc,#0E3b
 147+ 94C6 11 BF 0E     	ld	de,#0EBF
 148+ 94C9 CD 25 86     	call	draw_jugo.DRAW
 149+ 94CC 01 3B 21     	ld	bc,#213b
 150+ 94CF 11 BF 21     	ld	de,#21BF
 151+ 94D2 CD 25 86     	call	draw_jugo.DRAW
 152+ 94D5 01 3A 0F     	ld	bc,#0F3a
 153+ 94D8 11 3A 20     	ld	de,#203a
 154+ 94DB CD 25 86     	call	draw_jugo.DRAW
 155+ 94DE 01 C0 0F     	ld	bc,#0FC0
 156+ 94E1 11 C0 20     	ld	de,#20C0
 157+ 94E4 CD 25 86     	call	draw_jugo.DRAW
 158+ 94E7
 159+ 94E7              ;MASTER IDENTIFY
 160+ 94E7 21 C6 9E     	ld	hl,TEXT3
 161+ 94EA 01 02 05     	ld	bc,#0502
 162+ 94ED CD 2C A3     	call	T42_TEXT
 163+ 94F0
 164+ 94F0 21 19 9F     	ld	hl,TEXT8
 165+ 94F3 01 0D 05     	ld	bc,#050D
 166+ 94F6 CD 2C A3     	call	T42_TEXT	;piseme checking...
 167+ 94F9
 168+ 94F9 DD 21 5C A9  	ld	ix,BUFFER
 169+ 94FD AF           	xor	a			;CF je vzdy MASTER
 170+ 94FE CD 51 A8     	call	IDENTIFY
 171+ 9501              ;	xor	a		;testovaci
 172+ 9501 21 A4 9F     	ld	hl,TEXT16
 173+ 9504 F5           	push	af
 174+ 9505 28 22        	jr	z,TISKSTATUS1	;OK
 175+ 9507 21 51 9F     	ld	hl,TEXT11
 176+ 950A FE FF        	cp	255
 177+ 950C CA 29 95     	jp	z,TISKSTATUS1
 178+ 950F 21 82 9F     	ld	hl,TEXT14
 179+ 9512 FE 06        	cp	6
 180+ 9514 CA 29 95     	jp	z,TISKSTATUS1
 181+ 9517 21 71 9F     	ld	hl,TEXT13
 182+ 951A FE 03        	cp	3
 183+ 951C CA 29 95     	jp	z,TISKSTATUS1
 184+ 951F 21 60 9F     	ld	hl,TEXT12
 185+ 9522 3D           	dec	a
 186+ 9523 CA 29 95     	jp	z,TISKSTATUS1
 187+ 9526 21 93 9F     	ld	hl,TEXT15
 188+ 9529
 189+ 9529              ;	jp	LER1
 190+ 9529
 191+ 9529              TISKSTATUS1
 192+ 9529 01 0D 05     	ld	bc,#050D
 193+ 952C CD 2C A3     	call	T42_TEXT
 194+ 952F
 195+ 952F F1           	pop	af
 196+ 9530 28 1C        	jr	z,MASTERINFO
 197+ 9532
 198+ 9532 26 00        	ld	h,0
 199+ 9534 6F           	ld	l,a
 200+ 9535 01 26 05     	ld	bc,#0526
 201+ 9538 CD 03 A3     	call	NUMBER2
 202+ 953B              ;pokud je General setting nastavena autoconfigurace, tak pri neuspesnem detekovani zarizeni se do CHS ulozi nuly a HDD pak nasledne nebude nainstalovan
 203+ 953B 3A 47 80     	ld	a,(@autoconfig)
 204+ 953E B7           	or	a
 205+ 953F 28 0A        	jr	z,nemenCHSm1
 206+ 9541 AF           	xor	a
 207+ 9542 06 04        	ld	b,4
 208+ 9544 21 00 AE     	ld	hl,VDT
 209+ 9547              nulydoCHSm
 210+ 9547 77           	ld	(hl),a
 211+ 9548 23           	inc	hl
 212+ 9549 10 FC        	djnz	nulydoCHSm
 213+ 954B              nemenCHSm1
 214+ 954B C3 EF 9D     	jp	end_easy		;MASTER CF chybi nebo neodpovida; SLAVE se nepodporuje
 215+ 954E
 216+ 954E              MASTERINFO
 217+ 954E 21 D2 9E     	ld	hl,TEXT4
 218+ 9551 01 02 06     	ld	bc,#0602
 219+ 9554 CD 2C A3     	call	T42_TEXT
 220+ 9557 21 DA 9E     	ld	hl,TEXT5
 221+ 955A 01 02 07     	ld	bc,#0702
 222+ 955D CD 2C A3     	call	T42_TEXT
 223+ 9560 21 E5 9E     	ld	hl,TEXT6
 224+ 9563 01 02 08     	ld	bc,#0802
 225+ 9566 CD 2C A3     	call	T42_TEXT
 226+ 9569 21 F5 9E     	ld	hl,TEXT7
 227+ 956C 01 02 09     	ld	bc,#0902
 228+ 956F CD 2C A3     	call	T42_TEXT
 229+ 9572 21 6C A0     	ld	hl,TEXT102
 230+ 9575 01 02 0A     	ld	bc,#0A02
 231+ 9578 CD 2C A3     	call	T42_TEXT
 232+ 957B
 233+ 957B              	; ATA IDENTIFY text fields are word-swapped.
 234+ 957B 21 92 A9     	ld	hl,BUFFER+54		;model, words 27-46
 235+ 957E 06 28        	ld	b,40
 236+ 9580 CD 07 A9     	call	PROHOD
 237+ 9583 DD 21 5C A9  	ld	ix,BUFFER
 238+ 9587 DD CB 54 FE  	set	7,(ix+84)		;31 znaku se vejde na radek GUI
 239+ 958B 21 92 A9     	ld	hl,BUFFER+54
 240+ 958E 01 09 06     	ld	bc,#0609
 241+ 9591 CD 2C A3     	call	T42_TEXT
 242+ 9594
 243+ 9594 21 8A A9     	ld	hl,BUFFER+46		;firmware, words 23-26
 244+ 9597 06 08        	ld	b,8
 245+ 9599 CD 07 A9     	call	PROHOD
 246+ 959C DD CB 35 FE  	set	7,(ix+53)
 247+ 95A0 21 8A A9     	ld	hl,BUFFER+46
 248+ 95A3 01 0C 07     	ld	bc,#070C
 249+ 95A6 CD 2C A3     	call	T42_TEXT
 250+ 95A9
 251+ 95A9 21 70 A9     	ld	hl,BUFFER+20		;serial number, words 10-19
 252+ 95AC 06 14        	ld	b,20
 253+ 95AE CD 07 A9     	call	PROHOD
 254+ 95B1 DD CB 27 FE  	set	7,(ix+39)
 255+ 95B5 21 70 A9     	ld	hl,BUFFER+20
 256+ 95B8 01 11 08     	ld	bc,#0811
 257+ 95BB CD 2C A3     	call	T42_TEXT
 258+ 95BE
 259+ 95BE              	; LBA28 support: IDENTIFY word 49, bit 9.
 260+ 95BE 21 E5 9F     	ld	hl,TEXT_NO
 261+ 95C1 DD CB 63 4E  	bit	1,(ix+99)
 262+ 95C5 28 03        	jr	z,.cf_lba28
 263+ 95C7 21 E0 9F     	ld	hl,TEXT_YES
 264+ 95CA              .cf_lba28
 265+ 95CA 01 0D 09     	ld	bc,#090D
 266+ 95CD CD 2C A3     	call	T42_TEXT
 267+ 95D0
 268+ 95D0              	; LBA48 support: IDENTIFY word 83, bit 10.
 269+ 95D0 21 E5 9F     	ld	hl,TEXT_NO
 270+ 95D3 3A 03 AA     	ld	a,(BUFFER+167)
 271+ 95D6 CB 57        	bit	2,a
 272+ 95D8 28 03        	jr	z,.cf_lba48
 273+ 95DA 21 E0 9F     	ld	hl,TEXT_YES
 274+ 95DD              .cf_lba48
 275+ 95DD 01 1C 09     	ld	bc,#091C
 276+ 95E0 CD 2C A3     	call	T42_TEXT
 277+ 95E3
 278+ 95E3              	; DMA support: IDENTIFY word 49, bit 8.
 279+ 95E3 21 E5 9F     	ld	hl,TEXT_NO
 280+ 95E6 DD CB 63 46  	bit	0,(ix+99)
 281+ 95EA 28 03        	jr	z,.cf_dma
 282+ 95EC 21 E0 9F     	ld	hl,TEXT_YES
 283+ 95EF              .cf_dma
 284+ 95EF 01 25 09     	ld	bc,#0925
 285+ 95F2 CD 2C A3     	call	T42_TEXT
 286+ 95F5
 287+ 95F5              	; LBA28 sector count (words 60-61) -> capacity in MiB (/2048).
 288+ 95F5 2A D4 A9     	ld	hl,(BUFFER+120)
 289+ 95F8 ED 5B D6 A9  	ld	de,(BUFFER+122)
 290+ 95FC 06 0B        	ld	b,11
 291+ 95FE              .cf_capacity_shift
 292+ 95FE CB 3A        	srl	d
 293+ 9600 CB 1B        	rr	e
 294+ 9602 CB 1C        	rr	h
 295+ 9604 CB 1D        	rr	l
 296+ 9606 10 F6        	djnz	.cf_capacity_shift
 297+ 9608 22 03 98     	ld	(zzbin),hl
 298+ 960B ED 53 05 98  	ld	(zzbin+2),de
 299+ 960F CD B9 97     	call	HL2ASCII32
 300+ 9612 21 10 98     	ld	hl,zzdec+9
 301+ 9615 CB FE        	set	7,(hl)
 302+ 9617 EB           	ex	de,hl			;HL = prvni platna ASCII cifra
 303+ 9618 01 0C 0A     	ld	bc,#0A0C
 304+ 961B CD 2C A3     	call	T42_TEXT
 305+ 961E C3 12 98     	jp	next
 306+ 9621
 307+ 9621              ; Puvodni SD identifikacni vypis ponechan docasne jako nedostupna reference.
 308+ 9621              MASTERINFO_SD_UNUSED
 309+ 9621 21 D2 9E     		ld	hl,TEXT4	;nejdriv vypise texty
 310+ 9624 01 02 06     	ld	bc,#0602
 311+ 9627 CD 2C A3     	call	T42_TEXT
 312+ 962A 21 07 A1     	ld	hl,TEXT_CSD
 313+ 962D 01 1F 06     	ld	bc,#061F
 314+ 9630 CD 2C A3     	call	T42_TEXT
 315+ 9633 21 DA 9E     	ld	hl,TEXT5
 316+ 9636 01 02 07     	ld	bc,#0702
 317+ 9639 CD 2C A3     	call	T42_TEXT
 318+ 963C 21 E5 9E     	ld	hl,TEXT6
 319+ 963F 01 02 08     	ld	bc,#0802
 320+ 9642 CD 2C A3     	call	T42_TEXT
 321+ 9645
 322+ 9645 21 F5 9E     	ld	hl,TEXT7
 323+ 9648 01 02 09     	ld	bc,#0902
 324+ 964B CD 2C A3     	call	T42_TEXT
 325+ 964E              ;	ld	hl,TEXT101
 326+ 964E              ;	ld	bc,#0A02
 327+ 964E              ;	call	T42_TEXT		;write protect davame pryc
 328+ 964E              ;	ld	hl,TEXT_PART_TYPE
 329+ 964E              ;	ld	bc,#0C02
 330+ 964E CD 2C A3     	call	T42_TEXT
 331+ 9651              ;	ld	hl,TEXT102
 332+ 9651              ;	ld	bc,#0A15
 333+ 9651              ;	call	T42_TEXT
 334+ 9651              ;
 335+ 9651              ;model-MID/OID/PNM
 336+ 9651              ;	ld	hl,BUFFER+54
 337+ 9651              ;	ld	b,40
 338+ 9651              ;	call	PROHOD
 339+ 9651 DD 21 5C A9  	ld	ix,BUFFER
 340+ 9655 DD 7E 00     	ld	a,(ix)
 341+ 9658
 342+ 9658 FE 01        	cp	1
 343+ 965A 21 AB A0     	ld	hl,Manufacturer1
 344+ 965D 28 3F        	jr	z,mdl1
 345+ 965F FE 02        	cp	2
 346+ 9661 21 B4 A0     	ld	hl,Manufacturer2
 347+ 9664 28 38        	jr	z,mdl1
 348+ 9666 FE 03        	cp	3
 349+ 9668 21 C4 A0     	ld	hl,Manufacturer3
 350+ 966B 28 31        	jr	z,mdl1
 351+ 966D FE 1B        	cp	#1b
 352+ 966F 21 CB A0     	ld	hl,Manufacturer1b
 353+ 9672 28 2A        	jr	z,mdl1
 354+ 9674 FE 1D        	cp	#1d
 355+ 9676 21 D2 A0     	ld	hl,Manufacturer1d
 356+ 9679 28 23        	jr	z,mdl1
 357+ 967B FE 27        	cp	#27
 358+ 967D 21 D7 A0     	ld	hl,Manufacturer27
 359+ 9680 28 1C        	jr	z,mdl1
 360+ 9682 FE 31        	cp	#31
 361+ 9684 21 DD A0     	ld	hl,Manufacturer31
 362+ 9687 28 15        	jr	z,mdl1
 363+ 9689 FE 74        	cp	#74
 364+ 968B 21 EA A0     	ld	hl,Manufacturer74
 365+ 968E 28 0E        	jr	z,mdl1
 366+ 9690 FE 9F        	cp	#9f			; Kingston SD (CID MID #9F)
 367+ 9692 21 F3 A0     	ld	hl,Manufacturer9f
 368+ 9695 28 07        	jr	z,mdl1
 369+ 9697 DD 21 5C A9  	ld	ix,BUFFER
 370+ 969B 21 FB A0     	ld	hl,ManufacturerOther	; unknown manufacturer
 371+ 969E
 372+ 969E              ;	set	7,(ix+84)
 373+ 969E
 374+ 969E 2B           mdl1	dec	hl
 375+ 969F 36 45        	ld	(hl),69
 376+ 96A1 2B           	dec	hl
 377+ 96A2 36 10        	ld	(hl),16		;obarvi
 378+ 96A4 01 0A 05     	ld	bc,#050A
 379+ 96A7 CD 2C A3     	call	T42_TEXT
 380+ 96AA 21 00 A1     	ld	hl,carka
 381+ 96AD CD 2C A3     	call	T42_TEXT
 382+ 96B0
 383+ 96B0              ;card info
 384+ 96B0 DD CB 02 FE  	set	7,(ix+2)
 385+ 96B4              ;	ld	bc,#0612
 386+ 96B4 21 5D A9     	ld	hl,BUFFER+1
 387+ 96B7 CD 2C A3     	call	T42_TEXT
 388+ 96BA E5           	push	hl
 389+ 96BB 21 00 A1     	ld	hl,carka
 390+ 96BE CD 2C A3     	call	T42_TEXT
 391+ 96C1 E1           	pop	hl
 392+ 96C2 DD CB 07 FE  	set	7,(ix+7)
 393+ 96C6              ;	ld	bc,#0615
 394+ 96C6 23           	inc	hl
 395+ 96C7 CD 2C A3     	call	T42_TEXT
 396+ 96CA
 397+ 96CA
 398+ 96CA
 399+ 96CA              ;firmware/ProductRevisionNr
 400+ 96CA              ;	ld	hl,BUFFER+46
 401+ 96CA              ;	ld	b,8
 402+ 96CA              ;	call	PROHOD
 403+ 96CA              ;	set	7,(ix+53)
 404+ 96CA              ;
 405+ 96CA              ;	ld	bc,#070C
 406+ 96CA              ;	call	T42_TEXT
 407+ 96CA
 408+ 96CA 23           	inc	hl
 409+ 96CB 7E           	ld	a,(hl)		; CID PRV: high nibble=major, low nibble=minor
 410+ 96CC 47           	ld	b,a
 411+ 96CD 0F           	rrca
 412+ 96CE 0F           	rrca
 413+ 96CF 0F           	rrca
 414+ 96D0 0F           	rrca
 415+ 96D1 E6 0F        	and	#0f
 416+ 96D3 C6 30        	add	a,'0'
 417+ 96D5 32 04 A1     	ld	(REV_TEXT),a
 418+ 96D8 78           	ld	a,b
 419+ 96D9 E6 0F        	and	#0f
 420+ 96DB C6 30        	add	a,'0'
 421+ 96DD F6 80        	or	#80		; posledni znak textu pro T42_TEXT
 422+ 96DF 32 06 A1     	ld	(REV_TEXT+2),a
 423+ 96E2 21 04 A1     	ld	hl,REV_TEXT
 424+ 96E5 01 16 06     	ld	bc,#0616
 425+ 96E8 CD 2C A3     	call	T42_TEXT
 426+ 96EB
 427+ 96EB              ;serial number/ProductSerialNr
 428+ 96EB              ;	ld	hl,BUFFER+20
 429+ 96EB              ;	ld	b,20
 430+ 96EB              ;	call	PROHOD
 431+ 96EB              ;	set	7,(ix+39)
 432+ 96EB              ;
 433+ 96EB              ;	ld	bc,#0811
 434+ 96EB              ;	call	T42_TEXT
 435+ 96EB
 436+ 96EB 06 04        	ld	b,4
 437+ 96ED 21 65 A9     	ld	hl,BUFFER+9
 438+ 96F0 11 14 07     	ld	de,#0714
 439+ 96F3 C5           snm1	push	bc
 440+ 96F4 E5           	push	hl
 441+ 96F5 D5           	push	de
 442+ 96F6 6E           	ld	l,(hl)
 443+ 96F7 26 00        	ld	h,0
 444+ 96F9 C1           	pop	bc		;BC=DE=position
 445+ 96FA CD 03 A3     	call	NUMBER2
 446+ 96FD 0C           	inc	c
 447+ 96FE 21 00 A1     	ld	hl,carka
 448+ 9701 CD 2C A3     	call	T42_TEXT
 449+ 9704 E1           	pop	hl
 450+ 9705 23           	inc	hl
 451+ 9706 50           	ld	d,b
 452+ 9707 59           	ld	e,c
 453+ 9708 C1           	pop	bc
 454+ 9709 10 E8        	djnz	snm1
 455+ 970B
 456+ 970B D5           	push	de
 457+ 970C C1           	pop	bc
 458+ 970D 0D           	dec	c
 459+ 970E 21 80 9F     	ld	hl,TEXT13+15		;smaz posledni carku
 460+ 9711 CD 2C A3     	call	T42_TEXT
 461+ 9714
 462+ 9714              ;Manucfacturing Date (eg.#0133)
 463+ 9714 DD 7E 0E     	ld	a,(ix+14)
 464+ 9717 F5           	push	af
 465+ 9718 E6 0F        	and	%00001111
 466+ 971A 26 00        	ld	h,0
 467+ 971C 6F           	ld	l,a
 468+ 971D 01 16 08     	ld	bc,#0816
 469+ 9720 CD 09 A3     	call	NUMBER1
 470+ 9723 0C           	inc	c
 471+ 9724 21 01 A1     	ld	hl,lomeno
 472+ 9727 CD 2C A3     	call	T42_TEXT
 473+ 972A 21 D0 07     	ld	hl,2000
 474+ 972D DD 56 0D     	ld	d,(ix+13)
 475+ 9730 F1           	pop	af
 476+ 9731 C5           	push	bc
 477+ 9732 06 04        	ld	b,4
 478+ 9734 CB 1A        mnd1	rr	d
 479+ 9736 CB 1F        	rr	a
 480+ 9738 10 FA        	djnz	mnd1
 481+ 973A 5F           	ld	e,a
 482+ 973B 16 00        	ld	d,0
 483+ 973D C1           	pop	bc
 484+ 973E 19           	add	hl,de
 485+ 973F CD FD A2     	call	NUMBER3
 486+ 9742
 487+ 9742
 488+ 9742
 489+ 9742
 490+ 9742              ;velikost karty
 491+ 9742 DD 7E 10     	ld	a,(ix+#10)
 492+ 9745 E6 C0        	and	%11000000
 493+ 9747
 494+ 9747 FE 40        	cp	%01000000
 495+ 9749 28 00        	jr	z,CSD20
 496+ 974B              CSD10
 497+ 974B              ;výpočet C_SIZE pro karty CSD v 2.0, funguje od 4 GB vyse
 498+ 974B DD 66 17     CSD20	ld	h,(ix+#17)
 499+ 974E DD 6E 18     	ld	l,(ix+#18)
 500+ 9751
 501+ 9751 06 03        	ld	b,3
 502+ 9753 CB 3C        csd201	srl	h
 503+ 9755 CB 1D        	rr	l
 504+ 9757 10 FA        	djnz	csd201
 505+ 9759 23           	inc	hl
 506+ 975A
 507+ 975A 01 20 09     	ld	bc,#0920
 508+ 975D 7C           	ld	a,h
 509+ 975E B7           	or	a
 510+ 975F 28 0E        	jr	z,capacity_lt256
 511+ 9761
 512+ 9761              	; HL >= 256. Rozlisime 3 a 4 cifry (SDXC muze mit i 1024/2048 GB).
 513+ 9761 11 E8 03     	ld	de,1000
 514+ 9764 B7           	or	a
 515+ 9765 ED 52        	sbc	hl,de
 516+ 9767 19           	add	hl,de		; obnov HL bez zmeny hodnoty kapacity
 517+ 9768 30 1D        	jr	nc,capacity_4digits
 518+ 976A CD 03 A3     	call	NUMBER2		; 256..999 GB
 519+ 976D 18 1B        	jr	capacity_done
 520+ 976F
 521+ 976F              capacity_lt256
 522+ 976F 7D           	ld	a,l
 523+ 9770 FE 0A        	cp	10
 524+ 9772 38 0E        	jr	c,capacity_1digit
 525+ 9774 FE 64        	cp	100
 526+ 9776 38 05        	jr	c,capacity_2digits
 527+ 9778 CD 03 A3     	call	NUMBER2		; 100..255 GB
 528+ 977B 18 0D        	jr	capacity_done
 529+ 977D
 530+ 977D              capacity_2digits
 531+ 977D CD 09 A3     	call	NUMBER1		; 10..99 GB
 532+ 9780 18 08        	jr	capacity_done
 533+ 9782
 534+ 9782              capacity_1digit
 535+ 9782 CD 0F A3     	call	NUMBER0		; 1..9 GB
 536+ 9785 18 03        	jr	capacity_done
 537+ 9787
 538+ 9787              capacity_4digits
 539+ 9787 CD FD A2     	call	NUMBER3		; 1000..9999 GB
 540+ 978A
 541+ 978A              capacity_done
 542+ 978A 0C           	inc	c
 543+ 978B 21 02 A1     	ld	hl,TEXT_GB
 544+ 978E CD 2C A3     	call	T42_TEXT
 545+ 9791
 546+ 9791
 547+ 9791
 548+ 9791              ;velikost cteci jednotky
 549+ 9791 DD 7E 15     	ld	a,(ix+#15)
 550+ 9794 E6 0F        	and	%00001111
 551+ 9796
 552+ 9796 47           	ld	b,a
 553+ 9797 21 01 00     	ld	hl,1
 554+ 979A 29           vcj	add	hl,hl
 555+ 979B 10 FD        	djnz	vcj
 556+ 979D
 557+ 979D 01 0D 09     	ld	bc,#090D
 558+ 97A0 CD 03 A3     	call	NUMBER2
 559+ 97A3 ~            /*davame pryc, info je nepostatne
 560+ 97A3 ~            ;permanent and temporal WP
 561+ 97A3 ~            	bit	5,(ix+#1E)
 562+ 97A3 ~            	ld	bc,#0A10
 563+ 97A3 ~            	call	pertmp
 564+ 97A3 ~
 565+ 97A3 ~            	bit	4,(ix+#1E)
 566+ 97A3 ~            	ld	bc,#0A22
 567+ 97A3 ~            	call	pertmp
 568+ 97A3 ~            */
 569+ 97A3              ;CSD version
 570+ 97A3 DD 7E 10     	ld	a,(ix+#10)
 571+ 97A6 E6 C0        	and	%11000000
 572+ 97A8 21 0E A1     	ld	hl,TEXT_20
 573+ 97AB 20 03        	jr	nz,csd1
 574+ 97AD 21 0B A1     	ld	hl,TEXT_10
 575+ 97B0 01 24 06     csd1	ld	bc,#0624
 576+ 97B3 CD 2C A3     	call	T42_TEXT
 577+ 97B6 C3 12 98     	jp	next
 578+ 97B9 ~            /*
 579+ 97B9 ~            pertmp	ld	hl,TEXT_YES
 580+ 97B9 ~            	jr	nz,permyes
 581+ 97B9 ~            	ld	hl,TEXT_NO
 582+ 97B9 ~            	call	T42_TEXT
 583+ 97B9 ~            	ld	hl,TEXT_NO
 584+ 97B9 ~            permyes	ld	bc,#0A10
 585+ 97B9 ~            	jp	T42_TEXT
 586+ 97B9 ~            */
 587+ 97B9
 588+ 97B9
 589+ 97B9
 590+ 97B9 ~            /*
 591+ 97B9 ~            16gb	hl=#E	14	0000 0000 0000 1110
 592+ 97B9 ~            32	#1d	29	0000 0000 0001 1101
 593+ 97B9 ~            64	#3b	59	0000 0000 0011 1011
 594+ 97B9 ~            128	#76	118	0000 0000 0111 0110
 595+ 97B9 ~            256	#ec	236	0000 0000 1110 1100
 596+ 97B9 ~            512	#1de	478	0000 0001 1101 1110
 597+ 97B9 ~            1024	#3bc	956	0000 0011 1011 1100
 598+ 97B9 ~            2048	#778	1912	0000 0111 0111 1000
 599+ 97B9 ~
 600+ 97B9 ~
 601+ 97B9 ~            Kapacita	C_SIZE
 602+ 97B9 ~            16 GB	0076B2
 603+ 97B9 ~            32 GB	00EC4F
 604+ 97B9 ~            64 GB	01D89F
 605+ 97B9 ~            128 GB	03B13F
 606+ 97B9 ~            256 GB	07627F
 607+ 97B9 ~            512 GB	0EEFFF
 608+ 97B9 ~            1 TB	1DDFFF
 609+ 97B9 ~            2 TB	3BBFFF (typicky)
 610+ 97B9 ~            Maximum	3FFFFF
 611+ 97B9 ~            */
 612+ 97B9
 613+ 97B9 ~            /*
 614+ 97B9 ~            ;LBA
 615+ 97B9 ~            	ld	hl,TEXT_NO
 616+ 97B9 ~            	bit	1,(ix+99)
 617+ 97B9 ~            	jr	z,L1
 618+ 97B9 ~
 619+ 97B9 ~            	ld	hl,TEXT_YES
 620+ 97B9 ~            L1	ld	bc,#090D
 621+ 97B9 ~            	call	T42_TEXT
 622+ 97B9 ~
 623+ 97B9 ~            ;DMA
 624+ 97B9 ~            	ld	hl,TEXT_NO
 625+ 97B9 ~            	bit	0,(ix+99)
 626+ 97B9 ~            	jr	z,L2
 627+ 97B9 ~
 628+ 97B9 ~            	ld	hl,TEXT_YES
 629+ 97B9 ~            L2	ld	bc,#0925
 630+ 97B9 ~            	call	T42_TEXT
 631+ 97B9 ~
 632+ 97B9 ~            ;CHS
 633+ 97B9 ~            ;Cylinders
 634+ 97B9 ~            	ld	l,(ix+2)
 635+ 97B9 ~            	ld	h,(ix+3)
 636+ 97B9 ~            	ld	bc,#0A09
 637+ 97B9 ~            	call	NUMBER4
 638+ 97B9 ~            ;Heads
 639+ 97B9 ~            	ld	l,(ix+6)
 640+ 97B9 ~            	ld	h,(ix+7)
 641+ 97B9 ~            	ld	bc,#0A0f
 642+ 97B9 ~            	call	NUMBER1
 643+ 97B9 ~            ;Sectors
 644+ 97B9 ~            	ld	l,(ix+12)
 645+ 97B9 ~            	ld	h,(ix+13)
 646+ 97B9 ~            	ld	bc,#0A12
 647+ 97B9 ~            	call	NUMBER1
 648+ 97B9 ~            ;pokud je General setting nastavena autoconfigurace, tak pri uspesnem detekovani zarizeni se do CHS ulozi zjistene udaje
 649+ 97B9 ~
 650+ 97B9 ~            	ld	a,(@autoconfig)
 651+ 97B9 ~            	or	a
 652+ 97B9 ~            	jr	z,nemenCHSm2
 653+ 97B9 ~            	ld	hl,VDT
 654+ 97B9 ~            	ld	a,(ix+12)
 655+ 97B9 ~            	ld	(hl),a
 656+ 97B9 ~            	ld	a,(ix+6)
 657+ 97B9 ~            	inc	hl
 658+ 97B9 ~            	ld	(hl),a
 659+ 97B9 ~            	ld	a,(ix+2)
 660+ 97B9 ~            	inc	hl
 661+ 97B9 ~            	ld	(hl),a
 662+ 97B9 ~            	ld	a,(ix+3)
 663+ 97B9 ~            	inc	hl
 664+ 97B9 ~            	ld	(hl),a
 665+ 97B9 ~
 666+ 97B9 ~            nemenCHSm2
 667+ 97B9 ~            ;capacity
 668+ 97B9 ~            	ld	l,(ix+12)
 669+ 97B9 ~            	ld	h,(ix+13)
 670+ 97B9 ~            	ld	e,(ix+6)
 671+ 97B9 ~            	ld	d,(ix+7)
 672+ 97B9 ~
 673+ 97B9 ~
 674+ 97B9 ~            	push	ix		;rutina nasob pouziva IX
 675+ 97B9 ~            	call	nasobeniHLDE.nasob
 676+ 97B9 ~            	pop	ix
 677+ 97B9 ~            	ld	e,(ix+2)
 678+ 97B9 ~            	ld	d,(ix+3)
 679+ 97B9 ~
 680+ 97B9 ~            	push	ix
 681+ 97B9 ~            	call	nasobeniHLDE.nasob
 682+ 97B9 ~            ;vysledek je v IXHL
 683+ 97B9 ~
 684+ 97B9 ~            	ld	l,h
 685+ 97B9 ~            	ld	a,xl
 686+ 97B9 ~            	ld	h,a
 687+ 97B9 ~            	ld	e,hx
 688+ 97B9 ~
 689+ 97B9 ~            ;delime 256 vysledek EHL
 690+ 97B9 ~            	ld	b,3
 691+ 97B9 ~            trikrat1
 692+ 97B9 ~            	srl	e
 693+ 97B9 ~            	rr	h
 694+ 97B9 ~            	rr	l
 695+ 97B9 ~            	djnz	trikrat1
 696+ 97B9 ~            ;delime tremi
 697+ 97B9 ~            	ld	bc,#0A1F
 698+ 97B9 ~            	call	NUMBER4
 699+ 97B9 ~
 700+ 97B9 ~            	pop	ix
 701+ 97B9 ~
 702+ 97B9 ~            ;LBA 48Bits
 703+ 97B9 ~
 704+ 97B9 ~            	inc	hx
 705+ 97B9 ~
 706+ 97B9 ~            	ld	hl,TEXT_NO
 707+ 97B9 ~            	bit	2,(ix-83)
 708+ 97B9 ~            	jr	z,L3
 709+ 97B9 ~
 710+ 97B9 ~            	ld	hl,TEXT_YES
 711+ 97B9 ~            L3	ld	bc,#091C
 712+ 97B9 ~            	call	T42_TEXT
 713+ 97B9 ~            */
 714+ 97B9
 715+ 97B9              ;28) (Busy's routine)
 716+ 97B9              HL2ASCII32
 717+ 97B9              ;Prevod bin->dec bez znamienka
 718+ 97B9              ; in: zzbin
 719+ 97B9              ;out: zzdec
 720+ 97B9
 721+ 97B9 C5           	push	bc
 722+ 97BA 21 07 98     bindec	ld	hl,zzdec            ;; Vynulovanie buffera dec
 723+ 97BD 01 00 0A     	ld	bc,lldec*#0100
 724+ 97C0 71           cls1	ld	(hl),c
 725+ 97C1 23           	inc	hl
 726+ 97C2 10 FC        	djnz	cls1
 727+ 97C4 0E 20        	ld	c,8*llbin           ;; Opakuj pre kazdy bit bin:
 728+ 97C6 CD F7 97     bndc0	call	binx2               ;; vyrotovanie bitu z bin
 729+ 97C9 21 11 98     	ld	hl,eedec
 730+ 97CC 06 0A        	ld	b,lldec             ;; a zarotovanie toho bitu do dec
 731+ 97CE 2B           bndc2	dec	hl
 732+ 97CF 7E           	ld	a,(hl)
 733+ 97D0 8F           	adc	a,a
 734+ 97D1 FE 0A        	cp	#0a
 735+ 97D3 38 02        	jr	c,bndc3
 736+ 97D5 D6 0A        	sub	#0a
 737+ 97D7 77           bndc3	ld	(hl),a
 738+ 97D8 3F           	ccf
 739+ 97D9 10 F3        	djnz	bndc2
 740+ 97DB 0D           	dec	c
 741+ 97DC 20 E8        	jr	nz,bndc0
 742+ 97DE
 743+ 97DE 21 07 98     	ld	hl,zzdec
 744+ 97E1 06 0A        	ld	b,10		;; change it to ASCII
 745+ 97E3              prev_ascii32
 746+ 97E3 7E           	ld	a,(hl)
 747+ 97E4 B7           	or	a
 748+ 97E5 20 05        	jr	nz,asc32n
 749+ 97E7 23           	inc	hl
 750+ 97E8 10 F9        	djnz	prev_ascii32
 751+ 97EA
 752+ 97EA 04           	inc	b		;osetreni 0
 753+ 97EB 2B           	dec	hl		;udelej misto pro zobrazeni "O"
 754+ 97EC
 755+ 97EC 54           asc32n	ld	d,h
 756+ 97ED 5D           	ld	e,l		;; DE=ASCII number start
 757+ 97EE
 758+ 97EE 3E 30        asc32_n	ld	a,#30
 759+ 97F0 B6           	or	(hl)
 760+ 97F1 77           	ld	(hl),a
 761+ 97F2 23           	inc 	hl
 762+ 97F3 10 F9        	djnz	asc32_n
 763+ 97F5 C1           	pop	bc
 764+ 97F6 C9           	ret
 765+ 97F7
 766+ 97F7 21 03 98     binx2	ld	hl,zzbin            ;; Nasobenie bin dvomi
 767+ 97FA 06 04        	ld	b,llbin
 768+ 97FC AF           	xor	a
 769+ 97FD CB 16        bnxx2	rl	(hl)
 770+ 97FF 23           	inc	hl
 771+ 9800 10 FB        	djnz	bnxx2
 772+ 9802 C9           	ret
 773+ 9803
 774+ 9803 FF FF FF FF  zzbin	db	#ff,#ff,#ff,#ff		;vstup v bajtech
 775+ 9807              eebin
 776+ 9807              llbin	=	eebin-zzbin
 777+ 9807
 778+ 9807 00 00 00 00  zzdec	db	0,0,0,0,0		;vystup v ASCII
 778+ 980B 00
 779+ 980C 06 05 05 03  	db	6,5,5,3,5
 779+ 9810 05
 780+ 9811              eedec
 781+ 9811              lldec	=	eedec-zzdec
 782+ 9811 00           	db	0			;zarážka pro tisk
 783+ 9812
 784+ 9812
 785+ 9812              ;hledani prvni sectoru pro data
 786+ 9812              ;prohledava se MBR, prvni partion, a hleda se v root dir. prvni datovy sector prvniho souboru
 787+ 9812              ;prvni sektor disku je MBR:
 788+ 9812              ;
 789+ 9812              ;na 1BEh zacinaji parametry prvni partition (10h kazda)
 790+ 9812              ;na 08h az 0Bh je cislo relativniho sektoru zacatku partition (nebo na 01h az 03h ve formatu hlava/sektor/cylindr)
 791+ 9812              ;
 792+ 9812              ;prvni sektor partition je BOOT a tam jsou tyto zajimave udaje:
 793+ 9812              ;0Bh, 0Ch   pocet bytu na sektor
 794+ 9812              ;0Eh, 0Fh   pocet sektoru pred prvni FAT
 795+ 9812              ;10h   pocet FAT
 796+ 9812              ;11h, 12h   pocet polozek v ROOTu
 797+ 9812              ;16h, 17h   pocet sektoru ve FAT
 798+ 9812              ;prvni datovy sektor je: zacatek_partition + sektoru_pred_FAT + sektoru_ve_FAT * pocet_FAT + polozek_v_ROOT * 20h / bytu_na_sektor
 799+ 9812
 800+ 9812
 801+ 9812 ~            /*
 802+ 9812 ~            1. Výpočet pro FAT16
 803+ 9812 ~            ********************
 804+ 9812 ~            Kořenový adresář u FAT16 má pevnou velikost a leží hned za poslední FAT tabulkou.
 805+ 9812 ~
 806+ 9812 ~            Vzorec (číslo sektoru od začátku disku/partice):
 807+ 9812 ~
 808+ 9812 ~            RootSector{FAT16}=ReservedSecCnt+(NumFATs x FATSize16)
 809+ 9812 ~
 810+ 9812 ~            Velikost root adresáře (v sektorech) se spočítá jako (RootEntCnt × 32 + BytsPerSec - 1) / BytsPerSec, ale jeho začátek je dán čistě součtem rezervovaných sektorů a obou FAT tabulek.
 811+ 9812 ~
 812+ 9812 ~            2. Výpočet pro FAT32
 813+ 9812 ~            Kořenový adresář u FAT32 nemá pevnou pozici, je to běžný cluster. Nejprve musíme spočítat začátek datové oblasti (DataSecStart) a k němu přičíst offset daný počátečním clusterem (RootClus).
 814+ 9812 ~
 815+ 9812 ~            Vzorec pro začátek datové oblasti (stejný jako FAT16):
 816+ 9812 ~
 817+ 9812 ~            DataSecStart=ReservedSecCnt+(NumFATs x FATSize32)
 818+ 9812 ~
 819+ 9812 ~            Vzorec pro počáteční sektor root adresáře (rootClus):
 820+ 9812 ~
 821+ 9812 ~            RootSector{FAT32}= DataSecStart+((RootClus-2) x SecPerClus)
 822+ 9812 ~
 823+ 9812 ~            (Odečítá se 2, protože clustery 0 a 1 v datové oblasti fyzicky neexistují – číslování datových clusterů začíná od 2).
 824+ 9812 ~
 825+ 9812 ~
 826+ 9812 ~
 827+ 9812 ~            Kde najít rootClus a SecPerClus (pro FAT32)
 828+ 9812 ~            *******************************************
 829+ 9812 ~            Obě hodnoty jsou uloženy v boot sektoru (v datové struktuře BPB – BIOS Parameter Block):
 830+ 9812 ~
 831+ 9812 ~            - SecPerClus (Sectors per Cluster): 1bajtová hodnota na offsetu 0x0D (decimálně 13) od začátku boot sektoru
 832+ 9812 ~
 833+ 9812 ~            - rootClus (Root Directory Start Cluster): 4bajtová hodnota na offsetu 0x2C (decimálně 44) od začátku boot sektoru (obvykle 2)
 834+ 9812 ~
 835+ 9812 ~            Výpočet počátečního sektoru Root Dir
 836+ 9812 ~            ************************************
 837+ 9812 ~            Pro výpočty používáme tyto proměnné z boot sektoru:
 838+ 9812 ~            - ReservedSecCnt = Počet rezervovaných sektorů (offset 0x0E (dec 14), 2 bajty)
 839+ 9812 ~            - NumFATs = Počet FAT tabulek (offset 0x10 (dec 16), 1 bajt, obvykle 2)
 840+ 9812 ~            - FATSize16 = Počet sektorů jedné FAT u FAT16 (offset 0x16 (dec 22), 2 bajty)
 841+ 9812 ~            - FATSize32 = Počet sektorů jedné FAT u FAT32 (offset 0x24 (dec 36), 4 bajty)
 842+ 9812 ~            - RootEntCnt = Maximální počet položek v root adresáři u FAT16 (offset 0x11 (dec 17), 2 bajty, obvykle 512)
 843+ 9812 ~            - BytsPerSec = Počet bajtů na sektor (offset 0x0B (dec 11), 2 bajty, obvykle 512)
 844+ 9812 ~            - SecPerClus = Počet sektorů na cluster (offset 0x0D (dec 13), 1 bajt)
 845+ 9812 ~            - RootClus = Počáteční cluster root adresáře u FAT32 (offset 0x2C (dec 44), 4 bajty)
 846+ 9812 ~
 847+ 9812 ~            */
 848+ 9812
 849+ 9812 ~            /*
 850+ 9812 ~            1. k boot sektoru se umime dostat z MBR
 851+ 9812 ~            2. potřebné pro výpočet z boot sektoru, tyto hodnoty jsou relativni k zacatku partisny:
 852+ 9812 ~            ---------------------------------------------------------------------------------------
 853+ 9812 ~            BPB_BytesPerSec		offset	11	delka 2
 854+ 9812 ~            BPB_SecPerClus		offset	13	delka 1
 855+ 9812 ~            BPB_RsvdSecCnt		offset	14	delka 2
 856+ 9812 ~            BPB_NumFATs		offset  16	delka 1
 857+ 9812 ~
 858+ 9812 ~            FAT16:
 859+ 9812 ~                BPB_RootEntCnt	offset	17	delka 2
 860+ 9812 ~                BPB_FATSz16		offset	22	delka 2
 861+ 9812 ~
 862+ 9812 ~            FAT32:
 863+ 9812 ~                BPB_FATSz32		offset	36	delka 4
 864+ 9812 ~                BPB_RootClus	offset	44	delka 4
 865+ 9812 ~
 866+ 9812 ~
 867+ 9812 ~            3. vypocet prvniho datoveho sektoru
 868+ 9812 ~            --------------------------------
 869+ 9812 ~            FAT16
 870+ 9812 ~            Spočti velikost Root Directory:
 871+ 9812 ~
 872+ 9812 ~            RootDirSectors =
 873+ 9812 ~            (RootEntCnt × 32) / BytesPerSector
 874+ 9812 ~
 875+ 9812 ~            Potom:
 876+ 9812 ~            FirstDataSectorRel =
 877+ 9812 ~            RsvdSecCnt +
 878+ 9812 ~            NumFATs × FATSz16 +
 879+ 9812 ~            RootDirSectors
 880+ 9812 ~
 881+ 9812 ~            Absolutni LBA:
 882+ 9812 ~            FirstDataSectorAbs =
 883+ 9812 ~            PartitionStartLBA +
 884+ 9812 ~            FirstDataSectorRel
 885+ 9812 ~
 886+ 9812 ~
 887+ 9812 ~            FAT32
 888+ 9812 ~            Root Directory je součást datové oblasti.
 889+ 9812 ~
 890+ 9812 ~            Proto:
 891+ 9812 ~            FirstDataSectorRel =
 892+ 9812 ~            RsvdSecCnt +
 893+ 9812 ~            NumFATs × FATSz32
 894+ 9812 ~
 895+ 9812 ~            Absolutně:
 896+ 9812 ~            FirstDataSectorAbs =
 897+ 9812 ~            PartitionStartLBA +
 898+ 9812 ~            FirstDataSectorRel
 899+ 9812 ~
 900+ 9812 ~
 901+ 9812 ~            4. Načti Root Directory
 902+ 9812 ~            -----------------------
 903+ 9812 ~            FAT16
 904+ 9812 ~
 905+ 9812 ~            Root Directory začíná na:
 906+ 9812 ~            RootDirLBA =
 907+ 9812 ~            PartitionStartLBA +
 908+ 9812 ~            RsvdSecCnt +
 909+ 9812 ~            NumFATs × FATSz16
 910+ 9812 ~
 911+ 9812 ~            Je pevně daný.
 912+ 9812 ~
 913+ 9812 ~            FAT32
 914+ 9812 ~
 915+ 9812 ~            Root Directory začíná v clusteru:
 916+ 9812 ~            RootCluster = BPB_RootClus
 917+ 9812 ~
 918+ 9812 ~            (obvykle 2)
 919+ 9812 ~
 920+ 9812 ~            První sektor Root Directory:
 921+ 9812 ~            RootDirLBA =
 922+ 9812 ~            FirstDataSectorAbs +
 923+ 9812 ~            (RootCluster − 2) × SecPerClus
 924+ 9812 ~
 925+ 9812 ~
 926+ 9812 ~
 927+ 9812 ~            5. Najdi soubor MBD / MBH
 928+ 9812 ~            -------------------------
 929+ 9812 ~            Projdi prvních 8 položek.
 930+ 9812 ~
 931+ 9812 ~            Přečti:
 932+ 9812 ~
 933+ 9812 ~            FAT16:
 934+ 9812 ~            DIR_FstClusLO
 935+ 9812 ~
 936+ 9812 ~            FAT32:
 937+ 9812 ~            DIR_FstClusHI
 938+ 9812 ~            DIR_FstClusLO
 939+ 9812 ~
 940+ 9812 ~            Vznikne:
 941+ 9812 ~            FirstCluster
 942+ 9812 ~
 943+ 9812 ~
 944+ 9812 ~            6. Převod clusteru na LBA
 945+ 9812 ~            -------------------------
 946+ 9812 ~            Platí pro FAT16 i FAT32 stejně:
 947+ 9812 ~
 948+ 9812 ~            FirstFileLBA =
 949+ 9812 ~            FirstDataSectorAbs +
 950+ 9812 ~            (FirstCluster − 2) × SecPerClus
 951+ 9812 ~
 952+ 9812 ~            Hotovo.
 953+ 9812 ~
 954+ 9812 ~
 955+ 9812 ~            Celý algoritmus
 956+ 9812 ~            ---------------
 957+ 9812 ~            MBR
 958+ 9812 ~             │
 959+ 9812 ~             ├── PartitionStartLBA
 960+ 9812 ~             │
 961+ 9812 ~             ▼
 962+ 9812 ~            Boot Sector
 963+ 9812 ~             │
 964+ 9812 ~             ├── SecPerClus
 965+ 9812 ~             ├── Reserved
 966+ 9812 ~             ├── FATSize
 967+ 9812 ~             ├── RootEntries (FAT16)
 968+ 9812 ~             └── RootCluster (FAT32)
 969+ 9812 ~             │
 970+ 9812 ~             ▼
 971+ 9812 ~            FirstDataSectorAbs
 972+ 9812 ~             │
 973+ 9812 ~             ▼
 974+ 9812 ~            Root Directory
 975+ 9812 ~             │
 976+ 9812 ~             ▼
 977+ 9812 ~            Najdi MBD / MBH
 978+ 9812 ~             │
 979+ 9812 ~             ▼
 980+ 9812 ~            FirstCluster
 981+ 9812 ~             │
 982+ 9812 ~             ▼
 983+ 9812 ~            FirstFileLBA
 984+ 9812 ~            */
 985+ 9812
 986+ 9812              ;tab_part	db	0,4,15,26	;sloupec tisku hodnot pro 4 partisny
 987+ 9812
 988+ 9812              next
 989+ 9812 21 81 A0     	ld	hl,TEXTPARSEC
 990+ 9815 01 02 0C     	ld	bc,#0C02
 991+ 9818 CD 2C A3     	call	T42_TEXT
 992+ 981B
 993+ 981B              ;novy kod- testuje vsechny 4 partisny
 994+ 981B              ;nejprve nacteme MBR
 995+ 981B
 996+ 981B 3E 04        		ld	a,4		;pocet partisen
 997+ 981D DD 21 1A AB  		ld	ix,BUFFER+446	;prvni partisna
 998+ 9821 06 0D        		ld	b,#0D	;radek (meni se pro kazdou partisnu)
 999+ 9823 21 00 AE     		ld	hl,VDT
1000+ 9826 22 04 9D     		ld	(VDT_pointer+1),hl
1001+ 9829
1002+ 9829              test_partitions				;loop start
1003+ 9829 0E 02        		ld	c,2		;sloupec vzdy zaciname na 2 (posouva se spolu s tiskem)
1004+ 982B F5           		push	af		;A= poradove cislo partisny (4-0)
1005+ 982C DD E5        		push	ix		;zacatek udaje o partisne v MBR
1006+ 982E C5           		push	bc		;radek+sloupec
1007+ 982F
1008+ 982F DD 21 5C A9  		ld	ix,BUFFER
1009+ 9833 21 00 00     		ld	hl,0
1010+ 9836 54           		ld	d,h
1011+ 9837 5C           		ld	e,h
1012+ 9838 CD 77 A8     		call	ATA_READ
1013+ 983B
1014+ 983B C1           		pop	bc
1015+ 983C DD E1        		pop	ix
1016+ 983E DD E5        		push	ix
1017+ 9840 C5           		push	bc
1018+ 9841
1019+ 9841              ;		ld	a,#C
1020+ 9841              ;		ld	(no_partition+1),a	;init print pozice
1021+ 9841
1022+ 9841              ;Nejdriv rozhodneme, zda LBA 0 neni primo FAT boot sektor (superfloppy).
1023+ 9841              ;Teprve kdyz neni, smime oblast od offsetu 446 interpretovat jako MBR tabulku.
1024+ 9841              ;Kontroly se delaji primo v BUFFERu, protoze IX v tomto miste ukazuje na MBR entry.
1025+ 9841
1026+ 9841 3A 5C A9     		ld	a,(BUFFER+0)		;boot jump EB xx 90 nebo E9 xx xx
1027+ 9844 FE EB        		cp	#EB
1028+ 9846 28 04        		jr	z,sf_check_bps
1029+ 9848 FE E9        		cp	#E9
1030+ 984A 20 7B        		jr	nz,not_superfloppy
1031+ 984C
1032+ 984C              sf_check_bps
1033+ 984C 2A 67 A9     		ld	hl,(BUFFER+11)	;BytesPerSector musi byt 512 = #0200
1034+ 984F 11 00 02     		ld	de,#0200
1035+ 9852 B7           		or	a
1036+ 9853 ED 52        		sbc	hl,de
1037+ 9855 20 70        		jr	nz,not_superfloppy
1038+ 9857
1039+ 9857 3A 69 A9     		ld	a,(BUFFER+13)	;SecPerClus nesmi byt 0
1040+ 985A B7           		or	a
1041+ 985B 28 6A        		jr	z,not_superfloppy
1042+ 985D
1043+ 985D 2A 6A A9     		ld	hl,(BUFFER+14)	;ReservedSectorCount nesmi byt 0
1044+ 9860 7C           		ld	a,h
1045+ 9861 B5           		or	l
1046+ 9862 28 63        		jr	z,not_superfloppy
1047+ 9864
1048+ 9864 3A 6C A9     		ld	a,(BUFFER+16)	;NumFATs nesmi byt 0
1049+ 9867 B7           		or	a
1050+ 9868 28 5D        		jr	z,not_superfloppy
1051+ 986A
1052+ 986A 2A 5A AB     		ld	hl,(BUFFER+510)	;boot signature 55 AA
1053+ 986D 11 55 AA     		ld	de,#AA55
1054+ 9870 B7           		or	a
1055+ 9871 ED 52        		sbc	hl,de
1056+ 9873 20 52        		jr	nz,not_superfloppy
1057+ 9875
1058+ 9875              ;Rozliseni FAT16/FAT32 podle struktury BPB.
1059+ 9875 2A 6D A9     		ld	hl,(BUFFER+17)	;RootEntCnt: FAT16 !=0, FAT32 =0
1060+ 9878 7C           		ld	a,h
1061+ 9879 B5           		or	l
1062+ 987A 20 1D        		jr	nz,sf_fat16
1063+ 987C
1064+ 987C 2A 72 A9     		ld	hl,(BUFFER+22)	;FATSz16: FAT16 !=0, FAT32 =0
1065+ 987F 7C           		ld	a,h
1066+ 9880 B5           		or	l
1067+ 9881 20 16        		jr	nz,sf_fat16
1068+ 9883
1069+ 9883 2A 80 A9     		ld	hl,(BUFFER+36)	;u FAT32 musi byt FATSz32 nenulove
1070+ 9886 ED 5B 82 A9  		ld	de,(BUFFER+38)
1071+ 988A 7C           		ld	a,h
1072+ 988B B5           		or	l
1073+ 988C B2           		or	d
1074+ 988D B3           		or	e
1075+ 988E 28 37        		jr	z,not_superfloppy
1076+ 9890
1077+ 9890              ;Superfloppy FAT32
1078+ 9890              sf_fat32
1079+ 9890 21 5B A9     		ld	hl,fat_type
1080+ 9893 CB C6        		set	0,(hl)
1081+ 9895 3E 0C        		ld	a,4+8			;bit2=superfloppy, bit3=FAT32
1082+ 9897 18 07        		jr	sf_type_ready
1083+ 9899
1084+ 9899              ;Superfloppy FAT16
1085+ 9899              sf_fat16
1086+ 9899 21 5B A9     		ld	hl,fat_type
1087+ 989C CB 86        		res	0,(hl)
1088+ 989E 3E 04        		ld	a,4			;bit2=superfloppy, bit3=0=FAT16
1089+ 98A0
1090+ 98A0              sf_type_ready
1091+ 98A0 2A 04 9D     		ld	hl,(VDT_pointer+1)
1092+ 98A3 77           		ld	(hl),a
1093+ 98A4
1094+ 98A4              ;U superfloppy vypiseme nejen SFl, ale i skutecny FAT typ.
1095+ 98A4              ;Bit 3 info bajtu: 0=FAT16, 1=FAT32.
1096+ 98A4 21 5B A1     		ld	hl,TEXT_SFL16
1097+ 98A7 CB 5F        		bit	3,a
1098+ 98A9 28 03        		jr	z,sf_text_ready
1099+ 98AB 21 64 A1     		ld	hl,TEXT_SFL32
1100+ 98AE
1101+ 98AE              sf_text_ready
1102+ 98AE C1           		pop	bc			;obnov tiskovou pozici stejne jako part_text
1103+ 98AF CD 2C A3     		call	T42_TEXT
1104+ 98B2 0D           		dec	c			;TEXT_SFL16/32 je o 4 znaky delsi nez F16/F32
1105+ 98B3 0D           		dec	c			;vrat tiskovou pozici pro dalsi sloupec
1106+ 98B4 0D           		dec	c
1107+ 98B5 0D           		dec	c
1108+ 98B6
1109+ 98B6              ;Superfloppy ma jen jeden filesystem. Upravime ulozeny citac smycky na 1,
1110+ 98B6              ;aby se po jeho zpracovani netestovaly dalsi tri fiktivni MBR polozky.
1111+ 98B6 DD E1        		pop	ix			;puvodni pointer na prvni MBR entry
1112+ 98B8 F1           		pop	af			;puvodne A=4
1113+ 98B9 3E 01        		ld	a,1
1114+ 98BB F5           		push	af
1115+ 98BC DD E5        		push	ix
1116+ 98BE
1117+ 98BE 21 00 00     		ld	hl,0			;Boot sector superfloppy je absolutni LBA 0
1118+ 98C1 11 00 00     		ld	de,0
1119+ 98C4 C3 E2 99     		jp	MBRno
1120+ 98C7
1121+ 98C7              not_superfloppy
1122+ 98C7              ;LBA 0 neni FAT boot sektor, muzeme ho interpretovat jako MBR.
1123+ 98C7              ;MBR je v bufferu
1124+ 98C7 DD 7E 04     		ld	a,(ix+4)		;test, zda je partisna vubec pritomna
1125+ 98CA B7           		or	a			;0= partisna neni obsazena
1126+ 98CB CA 25 9D     		jp	z,no_partition
1127+ 98CE
1128+ 98CE              ;	set	0,(ix-1)	;nastav priznak FAT32
1129+ 98CE 21 5B A9     	ld	hl,fat_type
1130+ 98D1 CB C6        	set	0,(hl)
1131+ 98D3 06 09        	ld	b,9		;bity 0,3=1= FAT32
1132+ 98D5 21 25 A1     	ld	hl,TEXT_FAT32	;test typu oddilu, bud FAT16/32/other
1133+ 98D8              ;	ld	bc,#0c12
1134+ 98D8 FE 0B        	cp	#B		;pro typ oddilu FAT32
1135+ 98DA CA 9E 99     	jp	z,part_text
1136+ 98DD FE 0C        	cp	#C
1137+ 98DF CA 9E 99     	jp	z,part_text
1138+ 98E2
1139+ 98E2 21 5B A9     	ld	hl,fat_type
1140+ 98E5 CB 86        	res	0,(hl)
1141+ 98E7              ;	res	0,(ix-1)	;nastav priznak FAT16
1142+ 98E7 21 20 A1     	ld	hl,TEXT_FAT16
1143+ 98EA 06 01        	ld	b,1		;bit 1=1, bit 3=0= FAT16
1144+ 98EC FE 06        	cp	6		;pro typ oddilu FAT16
1145+ 98EE CA 9E 99     	jp	z,part_text
1146+ 98F1 FE 04        	cp	4
1147+ 98F3 CA 9E 99     	jp	z,part_text
1148+ 98F6 FE 0E        	cp	#E
1149+ 98F8 CA 9E 99     	jp	z,part_text
1150+ 98FB
1151+ 98FB              ; Nepodporovane filesystemy se pokusime pojmenovat.
1152+ 98FB              ; VDT info zustava 0, takze jsou stale pro EasySD nepouzitelne.
1153+ 98FB FE 49        	cp	#49			; MDOS3 raw partition, obvykle bootovaci
1154+ 98FD CA 27 99     	jp	z,part_mdos3
1155+ 9900 FE 05        	cp	#05			; Extended partition (CHS)
1156+ 9902 CA 2E 99     	jp	z,part_extended
1157+ 9905 FE 0F        	cp	#0F			; Extended partition (LBA)
1158+ 9907 CA 2E 99     	jp	z,part_extended
1159+ 990A FE 07        	cp	#07			; HPFS/NTFS/exFAT - rozlisime z boot sektoru
1160+ 990C CA 3C 99     	jp	z,part_type_07
1161+ 990F FE 83        	cp	#83			; Linux native (ext2/ext3/ext4...)
1162+ 9911 CA 20 99     	jp	z,part_linux
1163+ 9914 FE EE        	cp	#EE			; GPT protective MBR
1164+ 9916 CA 35 99     	jp	z,part_gpt
1165+ 9919
1166+ 9919              part_other
1167+ 9919 21 54 A1     	ld	hl,TEXT_OTHER
1168+ 991C 06 00        	ld	b,0
1169+ 991E 18 7E        	jr	part_text
1170+ 9920
1171+ 9920              part_linux
1172+ 9920 21 37 A1     	ld	hl,TEXT_LINUX
1173+ 9923 06 00        	ld	b,0
1174+ 9925 18 77        	jr	part_text
1175+ 9927
1176+ 9927              part_mdos3
1177+ 9927 21 3E A1     	ld	hl,TEXT_MDOS3
1178+ 992A 06 00        	ld	b,0			; rozpoznana, ale pro EasyCF nepouzitelna
1179+ 992C 18 70        	jr	part_text
1180+ 992E
1181+ 992E              part_extended
1182+ 992E 21 4A A1     	ld	hl,TEXT_EXTENDED
1183+ 9931 06 00        	ld	b,0
1184+ 9933 18 69        	jr	part_text
1185+ 9935
1186+ 9935              part_gpt
1187+ 9935 21 45 A1     	ld	hl,TEXT_GPT
1188+ 9938 06 00        	ld	b,0
1189+ 993A 18 62        	jr	part_text
1190+ 993C
1191+ 993C              ; MBR type #07 je spolecny pro NTFS i exFAT.
1192+ 993C              ; Nacteme pouze boot sektor teto partition do BUFFER2, abychom neprepsali MBR v BUFFERu.
1193+ 993C              ; OEM ID je od offsetu +3: "NTFS    " nebo "EXFAT   ".
1194+ 993C              part_type_07
1195+ 993C DD E5        	push	ix
1196+ 993E              	; ATA_READ expects HL=upper 16 bits LBA, DE=lower 16 bits LBA
1197+ 993E DD 5E 08     	ld	e,(ix+8)
1198+ 9941 DD 56 09     	ld	d,(ix+9)
1199+ 9944 DD 6E 0A     	ld	l,(ix+10)
1200+ 9947 DD 66 0B     	ld	h,(ix+11)
1201+ 994A DD 21 5C AB  	ld	ix,BUFFER2
1202+ 994E CD 77 A8     	call	ATA_READ
1203+ 9951 DD E1        	pop	ix
1204+ 9953
1205+ 9953 3A 5F AB     	ld	a,(BUFFER2+3)
1206+ 9956 FE 4E        	cp	'N'
1207+ 9958 20 1C        	jr	nz,part_check_exfat
1208+ 995A 3A 60 AB     	ld	a,(BUFFER2+4)
1209+ 995D FE 54        	cp	'T'
1210+ 995F 20 15        	jr	nz,part_check_exfat
1211+ 9961 3A 61 AB     	ld	a,(BUFFER2+5)
1212+ 9964 FE 46        	cp	'F'
1213+ 9966 20 0E        	jr	nz,part_check_exfat
1214+ 9968 3A 62 AB     	ld	a,(BUFFER2+6)
1215+ 996B FE 53        	cp	'S'
1216+ 996D 20 07        	jr	nz,part_check_exfat
1217+ 996F 21 2A A1     	ld	hl,TEXT_NTFS
1218+ 9972 06 00        	ld	b,0
1219+ 9974 18 28        	jr	part_text
1220+ 9976
1221+ 9976              part_check_exfat
1222+ 9976 3A 5F AB     	ld	a,(BUFFER2+3)
1223+ 9979 FE 45        	cp	'E'
1224+ 997B 20 9C        	jr	nz,part_other
1225+ 997D 3A 60 AB     	ld	a,(BUFFER2+4)
1226+ 9980 FE 58        	cp	'X'
1227+ 9982 20 95        	jr	nz,part_other
1228+ 9984 3A 61 AB     	ld	a,(BUFFER2+5)
1229+ 9987 FE 46        	cp	'F'
1230+ 9989 20 8E        	jr	nz,part_other
1231+ 998B 3A 62 AB     	ld	a,(BUFFER2+6)
1232+ 998E FE 41        	cp	'A'
1233+ 9990 20 87        	jr	nz,part_other
1234+ 9992 3A 63 AB     	ld	a,(BUFFER2+7)
1235+ 9995 FE 54        	cp	'T'
1236+ 9997 20 80        	jr	nz,part_other
1237+ 9999 21 30 A1     	ld	hl,TEXT_EXFAT
1238+ 999C 06 00        	ld	b,0
1239+ 999E
1240+ 999E              part_text
1241+ 999E E5           	push	hl
1242+ 999F 78           	ld	a,b
1243+ 99A0 2A 04 9D     	ld	hl,(VDT_pointer+1)
1244+ 99A3 77           	ld	(hl),a
1245+ 99A4 E1           	pop	hl
1246+ 99A5 C1           	pop	bc
1247+ 99A6 CD 2C A3     	call	T42_TEXT
1248+ 99A9
1249+ 99A9              ; Pokud je typ partition OTHER, zde zpracovani konci.
1250+ 99A9              ; Info bajt VDT je 0, tedy partition je pro EasySD nepouzitelna.
1251+ 99A9              ; Nesmime pokracovat do load_boot, jinak bychom cizí filesystem
1252+ 99A9              ; (NTFS/exFAT/...) interpretovali jako FAT a poskodili i zarovnani VDT.
1253+ 99A9 C5           	push	bc			;tiskova pozice pro ep2
1254+ 99AA 2A 04 9D     	ld	hl,(VDT_pointer+1)
1255+ 99AD 7E           	ld	a,(hl)
1256+ 99AE B7           	or	a
1257+ 99AF 20 06        	jr	nz,partition_is_fat
1258+ 99B1 01 20 00     	ld	bc,32			;preskoc cely VDT zaznam OTHER
1259+ 99B4 C3 11 9D     	jp	ep3
1260+ 99B7
1261+ 99B7              partition_is_fat
1262+ 99B7 C1           	pop	bc			;FAT cesta ma BC dale mimo stack jako dosud
1263+ 99B8
1264+ 99B8              					;ted hledame boot sektor pro dany oddil
1265+ 99B8 2A 5A AB     		ld	hl,(BUFFER2-2)
1266+ 99BB 11 55 AA     		ld	de,#AA55		;znacka platneho zaznamu MBR
1267+ 99BE B7           		or	a
1268+ 99BF ED 52        		sbc	hl,de
1269+ 99C1 28 13        		jr	z,load_boot	;Z=tabulka MBR je platna
1270+ 99C3
1271+ 99C3              ;Neni FAT boot sektor ani platna MBR signatura.
1272+ 99C3 18 00        		jr	not_boot
1273+ 99C5
1274+ 99C5 C1           not_boot	pop	bc		;nejde ani o boot sektor, medium nema smysluplna data, konec
1275+ 99C6 DD E1        		pop	ix
1276+ 99C8 F1           		pop	af
1277+ 99C9
1278+ 99C9 2A 04 9D     		ld	hl,(VDT_pointer+1)
1279+ 99CC 36 00        		ld	(hl),0		;info bajt=0
1280+ 99CE
1281+ 99CE 21 6D A1     		ld	hl,TEXT_NODATA
1282+ 99D1 CD 2C A3     		call	T42_TEXT
1283+ 99D4 F3           		di
1284+ 99D5 76           		halt			;zatim
1285+ 99D6              ;vytisknout, ze medium nema smylsuplna data a konec
1286+ 99D6
1287+ 99D6              ; pravděpodobně FAT Boot Sector
1288+ 99D6 ~            /*stary test davame pryc
1289+ 99D6 ~            		ld	hl,0		;jeste puvodni test MBR (puvodni EasyHdd)
1290+ 99D6 ~            		ld	d,h
1291+ 99D6 ~            		ld	e,h
1292+ 99D6 ~            		ld	a,(ix+0)	;je oddil bootovaci? Pokud ano, vycti boot sektor,pokud ne, bude boot v sektoru 0
1293+ 99D6 ~            		and	127
1294+ 99D6 ~            		jr	nz,MBRno
1295+ 99D6 ~            		ld	a,(ix+2)	;ale toto moc nechapu, pro se testuje CHS?
1296+ 99D6 ~            		and	a
1297+ 99D6 ~            		jr	z,MBRno
1298+ 99D6 ~            */
1299+ 99D6
1300+ 99D6
1301+ 99D6
1302+ 99D6 DD 6E 08     load_boot	ld	l,(ix+8)
1303+ 99D9 DD 66 09     		ld	h,(ix+9)	;nizsi
1304+ 99DC DD 5E 0A     		ld	e,(ix+10)
1305+ 99DF DD 56 0B     		ld	d,(ix+11)	;vyssi
1306+ 99E2
1307+ 99E2
1308+ 99E2 ED 53 5A 9A  MBRno		ld	(bootsec1+1),de	;pro MBRno, vyplnujeme vse 0
1309+ 99E6 22 57 9A     		ld	(bootsec+1),hl	;schovame cislo bootsektoru pro budouci vypocet
1310+ 99E9
1311+ 99E9
1312+ 99E9              ;mame boot sektor, jdeme ho nahrat a taky vypsat na obrazovku
1313+ 99E9 22 03 98     		ld	(zzbin),hl
1314+ 99EC ED 53 05 98  		ld	(zzbin+2),de
1315+ 99F0 E5           		push	hl
1316+ 99F1 D5           		push	de
1317+ 99F2              ;		push	bc		;BC=tiskova pozice
1318+ 99F2 CD B9 97     		call	HL2ASCII32
1319+ 99F5              ;		pop	bc
1320+ 99F5 0C           		inc	c		;posunuli jsme tiskovou pozici
1321+ 99F6
1322+ 99F6 21 10 98     		ld	hl,zzdec+9
1323+ 99F9 CB FE        		set	7,(hl)
1324+ 99FB 21 07 98     		ld	hl,zzdec
1325+ 99FE              ;		ld	bc,#0B10
1326+ 99FE
1327+ 99FE 7E           mbs1		ld	a,(hl)
1328+ 99FF B7           		or	a
1329+ 9A00 20 04        		jr	nz,mbs2
1330+ 9A02 23           		inc	hl
1331+ 9A03 0C           		inc	c
1332+ 9A04 18 F8        		jr	mbs1
1333+ 9A06
1334+ 9A06 CD 2C A3     mbs2		call	T42_TEXT	;vypis jeho cislo
1335+ 9A09
1336+ 9A09 E1           		pop	hl
1337+ 9A0A D1           		pop	de		;HLDE=boot sektor
1338+ 9A0B
1339+ 9A0B 0C           		inc	c
1340+ 9A0C C5           		push	bc		;posun tiskovou pozici
1341+ 9A0D
1342+ 9A0D DD 21 5C A9  		ld	ix,BUFFER
1343+ 9A11 CD 77 A8     		call	ATA_READ		;nacti boot na adresu v IX (BUFFER)
1344+ 9A14
1345+ 9A14 ~            /*toto bylo na zacatku, kdyz jsem si to potreboval vizualizovat
1346+ 9A14 ~            		ld	hl,BUFFER+11	;prenes hodnoty z boot sektoru potrebne pro vypocet
1347+ 9A14 ~            		ld	de,BPB_BytesPerSec
1348+ 9A14 ~            		ld	bc,8
1349+ 9A14 ~            		ldir
1350+ 9A14 ~            		ld	hl,BUFFER+22
1351+ 9A14 ~            		ld	(BPB_FATSz16),hl
1352+ 9A14 ~            		ld	hl,BUFFER+36
1353+ 9A14 ~            		ld	bc,4
1354+ 9A14 ~            		push	bc
1355+ 9A14 ~            		ldir
1356+ 9A14 ~            		ld	hl,BUFFER+44
1357+ 9A14 ~            		pop	bc
1358+ 9A14 ~            		ldir
1359+ 9A14 ~
1360+ 9A14 ~            ;hodnoty z bootu
1361+ 9A14 ~            BPB_BytesPerSec		dw	#5555	;offset	11	delka 2
1362+ 9A14 ~            BPB_SecPerClus		db	#55	;offset	13	delka 1
1363+ 9A14 ~            BPB_RsvdSecCnt		dw	#5555	;offset	14	delka 2
1364+ 9A14 ~            BPB_NumFATs		db	#55	;offset 16	delka 1
1365+ 9A14 ~
1366+ 9A14 ~            FAT16:
1367+ 9A14 ~            BPB_RootEntCnt		dw	#5555	;offset	17	delka 2
1368+ 9A14 ~            BPB_FATSz16		dw	#5555	;offset	22	delka 2
1369+ 9A14 ~
1370+ 9A14 ~            FAT32:
1371+ 9A14 ~            BPB_FATSz32		dw	#5555,#5555	;offset	36	delka 4
1372+ 9A14 ~            BPB_RootClus		dw	#5555,#5555	;offset	44	delka 4
1373+ 9A14 ~            */
1374+ 9A14
1375+ 9A14
1376+ 9A14              ;3. Výpočet prvního datového sektoru
1377+ 9A14              ;pocet FAT x velikost FAT
1378+ 9A14 DD 6E 11     		ld	l,(ix+17)	;pouze pro FAT16. pocet polozek v Root diru, rovnou vypocitame pocet polozek
1379+ 9A17 DD 66 12     		ld	h,(ix+18)	;(pocet polozek*32)/512=pocet sektoru
1380+ 9A1A
1381+ 9A1A 06 04        		ld	b,4		;vpocet si zjednodusime
1382+ 9A1C CB 3C        lb2_f16		srl	h
1383+ 9A1E CB 1D        		rr	l
1384+ 9A20 10 FA        		djnz	lb2_f16
1385+ 9A22 22 CD 9C     		ld	(RootEntCnt+1),hl	;
1386+ 9A25
1387+ 9A25 DD 7E 0D     		ld	a,(ix+13)	;pocet sektoru na cluster
1388+ 9A28 32 AC 9C     		ld	(l1F+1),a
1389+ 9A2B
1390+ 9A2B DD CB FF 46  		bit	0,(ix-1)	;jdeme pocitat, nejprve počet FATx delka FAT
1391+ 9A2F DD 6E 16     		ld	l,(ix+22)	;FAT16-pocet sektoru FAT
1392+ 9A32 DD 66 17     		ld	h,(ix+23)
1393+ 9A35 11 00 00     		ld	de,0
1394+ 9A38 28 0C        		jr	z,lb1_f16
1395+ 9A3A DD 6E 24     		ld	l,(ix+36)	;FAT32- pocet sektoru FAT
1396+ 9A3D DD 66 25     		ld	h,(ix+37)
1397+ 9A40 DD 5E 26     		ld	e,(ix+38)
1398+ 9A43 DD 56 27     		ld	d,(ix+39)
1399+ 9A46 DD 7E 10     lb1_f16		ld	a,(ix+16)	;pocet FAT tabulek
1400+ 9A49 CD 7B AD     		call	MUL32x8		;nasobeni 32x8, vysledek je HL'DE'
1401+ 9A4C
1402+ 9A4C              ;pricteme k tomu pocet rezervovanych sektoru
1403+ 9A4C DD 4E 0E     		ld	c,(ix+14)	;pocet rezervovanych sektoru
1404+ 9A4F DD 46 0F     		ld	b,(ix+15)
1405+ 9A52 CD B6 AD     		call	ADD32_16	;scitani 32+16, out HLDE
1406+ 9A55 D9           		exx			;vysledek je v HLDE
1407+ 9A56              ;mame FirstDataSectorRel
1408+ 9A56              					;jeste pricist sektory od bootu
1409+ 9A56              ;pricteme k tomu PartitionStartLBA (boot sektor)
1410+ 9A56 21 55 55     bootsec		ld	hl,#5555	;nizsi
1411+ 9A59 11 55 55     bootsec1	ld	de,#5555	;vyssi
1412+ 9A5C CD CB AD     		call	ADD32_32	;vysledek je v HLDE
1413+ 9A5F
1414+ 9A5F              ;uschovej absolutni zacatek datove oblasti. U FAT32 se RootDir muze nachazet
1415+ 9A5F              ;v jinem clusteru nez 2, proto se pozdeji MBD musi pocitat od FirstDataLBA,
1416+ 9A5F              ;nikoli od RootDirLBA.
1417+ 9A5F 22 24 A9     		ld	(FirstDataLBA),hl
1418+ 9A62 ED 53 26 A9  		ld	(FirstDataLBA+2),de
1419+ 9A66
1420+ 9A66              ; FAT16: HLDE uz obsahuje spravny RootDir LBA.
1421+ 9A66              ; FAT32 pomocne vypocty nize by HLDE znicily.
1422+ 9A66 DD CB FF 46  		bit     0,(ix-1)
1423+ 9A6A 28 51        		jr      z,load_root_dir
1424+ 9A6C
1425+ 9A6C              ;udaje potrebne pro robustni prohledani FAT32 root directory
1426+ 9A6C DD 7E 0D     		ld	a,(ix+13)
1427+ 9A6F 32 38 A9     		ld	(FAT32_SecPerClus),a
1428+ 9A72 DD 6E 2C     		ld	l,(ix+44)
1429+ 9A75 DD 66 2D     		ld	h,(ix+45)
1430+ 9A78 22 2C A9     		ld	(FAT32_CurCluster),hl
1431+ 9A7B DD 6E 2E     		ld	l,(ix+46)
1432+ 9A7E DD 66 2F     		ld	h,(ix+47)
1433+ 9A81 22 2E A9     		ld	(FAT32_CurCluster+2),hl
1434+ 9A84
1435+ 9A84              ;FirstFATLBA = PartitionStartLBA + ReservedSectors
1436+ 9A84 2A 57 9A     		ld	hl,(bootsec+1)
1437+ 9A87 ED 5B 5A 9A  		ld	de,(bootsec1+1)
1438+ 9A8B DD 4E 0E     		ld	c,(ix+14)
1439+ 9A8E DD 46 0F     		ld	b,(ix+15)
1440+ 9A91 09           		add	hl,bc
1441+ 9A92 30 01        		jr	nc,.fatlba_no_carry
1442+ 9A94 13           		inc	de
1443+ 9A95              .fatlba_no_carry
1444+ 9A95 22 28 A9     		ld	(FAT32_FirstFATLBA),hl
1445+ 9A98 ED 53 2A A9  		ld	(FAT32_FirstFATLBA+2),de
1446+ 9A9C
1447+ 9A9C              ;hotovo pro FAT16. HLDE= root dir pro FAT16
1448+ 9A9C
1449+ 9A9C
1450+ 9A9C DD CB FF 46  		bit	0,(ix-1)
1451+ 9AA0 28 1B        		jr	z,load_root_dir
1452+ 9AA2
1453+ 9AA2 D9           		exx
1454+ 9AA3              					;pro FAT32 musime pokracovat
1455+ 9AA3 DD 6E 2C     		ld	l,(ix+44)	;first cluster number of the root directory
1456+ 9AA6 DD 66 2D     		ld	h,(ix+45)
1457+ 9AA9 DD 5E 2E     		ld	e,(ix+46)
1458+ 9AAC DD 56 2F     		ld	d,(ix+47)
1459+ 9AAF              ;odecteme 2, protoze pokud je cluster ve FAT32=2, pak zacatek root dir je hned za FAT2, jako u FAT16
1460+ 9AAF 3E 02        		ld	a,2
1461+ 9AB1 CD BA AD     		call	SUB32_8
1462+ 9AB4 DD 7E 0D     		ld	a,(ix+13)
1463+ 9AB7 CD 7B AD     		call	MUL32x8
1464+ 9ABA CD CB AD     		call	ADD32_32
1465+ 9ABD              					;HLDE=root dir pro FAT32
1466+ 9ABD
1467+ 9ABD              load_root_dir
1468+ 9ABD ~            /*toto je spatne, tohle cislo nechceme tisknout, budeme tisknout soubor do tretiho sloupce
1469+ 9ABD ~            		pop	bc		;tiskova pozice, nechame ji venku, nic ji neposkozuje
1470+ 9ABD ~            		push	hl
1471+ 9ABD ~            		push	de		;dame to bokem
1472+ 9ABD ~
1473+ 9ABD ~            		ld	(zzbin),hl	;nejprve tisk
1474+ 9ABD ~            		ld	(zzbin+2),de
1475+ 9ABD ~
1476+ 9ABD ~            		call	HL2ASCII32
1477+ 9ABD ~            		ld	hl,zzdec+9
1478+ 9ABD ~            		set	7,(hl)
1479+ 9ABD ~            		ld	hl,zzdec
1480+ 9ABD ~            ;		ld	bc,#0B1B
1481+ 9ABD ~            ;		pop	bc
1482+ 9ABD ~            lrd1		ld	a,(hl)
1483+ 9ABD ~            		or	a
1484+ 9ABD ~            		jr	nz,lrd2
1485+ 9ABD ~            		inc	hl
1486+ 9ABD ~            		inc	c
1487+ 9ABD ~            		jr	lrd1
1488+ 9ABD ~
1489+ 9ABD ~            lrd2		call	T42_TEXT	;vypis jeho cislo
1490+ 9ABD ~            					;... a load a vyhledani souboru .MBD/.MBH
1491+ 9ABD ~            		inc	c
1492+ 9ABD ~
1493+ 9ABD ~            		pop	hl
1494+ 9ABD ~            		pop	de		;HLDE=Root Dir FAT32/FAT16
1495+ 9ABD ~            ;uschovame ho, bude ještě potřeba, je to start DIRs sektoru pro FAT16, nebo start datovch sektoru pro FAT32
1496+ 9ABD ~
1497+ 9ABD ~            		push	hl
1498+ 9ABD ~            		push	de
1499+ 9ABD ~
1500+ 9ABD ~            		push	bc		;tiskova pozice
1501+ 9ABD ~
1502+ 9ABD ~            */
1503+ 9ABD C1           		pop	bc
1504+ 9ABE EB           		ex	de,hl
1505+ 9ABF E5           		push	hl
1506+ 9AC0 D5           		push	de
1507+ 9AC1 C5           		push	bc		;BC=tiskova pozice
1508+ 9AC2
1509+ 9AC2              ;	ld	ix,BUFFER
1510+ 9AC2              ;;;	ld	a,%00000000	;master
1511+ 9AC2
1512+ 9AC2              ;FAT32: neber prvni MBD podle poradi directory entries.
1513+ 9AC2              ;Projdi cely root cluster chain a vyber MBD/MBH s NEJNIZSIM start clusterem,
1514+ 9AC2              ;tj. fyzicky prvni image na karte.
1515+ 9AC2 3A 5B A9     	ld	a,(fat_type)
1516+ 9AC5 CB 47        	bit	0,a
1517+ 9AC7 28 0C        	jr	z,.scan_fat16_old
1518+ 9AC9
1519+ 9AC9 CD 29 9B     	call	FAT32_FIND_LOWEST_MBD
1520+ 9ACC 2A 04 9D     	ld	hl,(VDT_pointer+1)
1521+ 9ACF B7           	or	a
1522+ 9AD0 C2 8C 9C     	jp	nz,platne
1523+ 9AD3 18 2A        	jr	mbd_not_found
1524+ 9AD5
1525+ 9AD5              .scan_fat16_old
1526+ 9AD5 CD 77 A8     	call	ATA_READ
1527+ 9AD8
1528+ 9AD8 06 08        	ld	b,8		;; FAT16 zustava beze zmeny: prvnich 8 polozek
1529+ 9ADA 11 20 00     	ld	de,32		;; kazda polozka ma 32 bytes
1530+ 9ADD 2A 04 9D     	ld	hl,(VDT_pointer+1)
1531+ 9AE0              nextfile
1532+ 9AE0 DD 7E 08     	ld	a,(ix+08h)
1533+ 9AE3 FE 4D        	cp	"M"
1534+ 9AE5 20 14        	jr	nz, neplatne
1535+ 9AE7 DD 7E 09     	ld	a,(ix+09h)
1536+ 9AEA FE 42        	cp	"B"
1537+ 9AEC 20 0D        	jr	nz, neplatne
1538+ 9AEE DD 7E 0A     	ld	a,(ix+0ah)
1539+ 9AF1 FE 48        	cp	"H"
1540+ 9AF3 CA 8C 9C     	jp	z, platne
1541+ 9AF6 FE 44        	cp	"D"
1542+ 9AF8 CA 8C 9C     	jp	z, platne
1543+ 9AFB              neplatne
1544+ 9AFB DD 19        	add	ix,de
1545+ 9AFD 10 E1        	djnz	nextfile
1546+ 9AFF
1547+ 9AFF              mbd_not_found
1548+ 9AFF CB 8E        	res	1,(hl)		;nastav priznak, ze jde o nepouzitelny oddil, nema MBD soubor
1549+ 9B01
1550+ 9B01 21 6D A1     	ld	hl,TEXT_NODATA
1551+ 9B04 C1           	pop	bc		;tiskova pozice
1552+ 9B05 CD 2C A3     	call	T42_TEXT	;tisk "No Data"= soubor MBD/MBH neni pritomen
1553+ 9B08
1554+ 9B08              	; Cely radek teto partition obarvime cervene.
1555+ 9B08              	; B obsahuje cislo aktualniho textoveho radku.
1556+ 9B08              	; Atributova oblast ZX zacina na #5800, polozky menu od sloupce 1.
1557+ 9B08 C5           	push	bc
1558+ 9B09 78           	ld	a,b
1559+ 9B0A 21 01 58     	ld	hl,#5801
1560+ 9B0D 11 20 00     	ld	de,32
1561+ 9B10 47           	ld	b,a
1562+ 9B11              no_data_red_seek
1563+ 9B11 19           	add	hl,de
1564+ 9B12 10 FD        	djnz	no_data_red_seek
1565+ 9B14 06 1D        	ld	b,cursor_len	; stejne dlouhy radek jako kurzor (29 atributu)
1566+ 9B16 3E 42        	ld	a,66		; bright red ink, black paper
1567+ 9B18              no_data_red_fill
1568+ 9B18 77           	ld	(hl),a
1569+ 9B19 23           	inc	hl
1570+ 9B1A 10 FC        	djnz	no_data_red_fill
1571+ 9B1C C1           	pop	bc
1572+ 9B1D
1573+ 9B1D              	; MBD/MBH se nenasel. Na zasobniku jsou jeste dve 16bitove
1574+ 9B1D              	; poloviny ulozeneho RootDir LBA. Pres l1F uz nesmime pokracovat,
1575+ 9B1D              	; protoze l1F ocekava na vrcholu zasobniku znovu BC a pocita LBA
1576+ 9B1D              	; neexistujiciho souboru. Uklidime RootDir a vratime BC tak, jak ho
1577+ 9B1D              	; ocekava end_partition/ep2.
1578+ 9B1D D1           	pop	de		;zahod ulozene DE RootDir LBA
1579+ 9B1E E1           	pop	hl		;zahod ulozene HL RootDir LBA
1580+ 9B1F C5           	push	bc		;ep2 bude znovu delat POP BC
1581+ 9B20
1582+ 9B20              	; No Data je stale jeden kompletni 32B VDT zaznam.
1583+ 9B20              	; Musime posunout VDT_pointer na nasledujici partition, jinak
1584+ 9B20              	; se dalsi platna partition zapise do stejneho VDT zaznamu.
1585+ 9B20 2A 04 9D     	ld	hl,(VDT_pointer+1)
1586+ 9B23 01 20 00     	ld	bc,32
1587+ 9B26 C3 11 9D     	jp	ep3
1588+ 9B29
1589+ 9B29
1590+ 9B29              ;------------------------------------------------------------------------------
1591+ 9B29              ; FAT32_FIND_LOWEST_MBD
1592+ 9B29              ; Projde CELÝ ALOKOVANY FAT32 root directory cluster chain a z nalezenych MBD/MBH
1593+ 9B29              ; vybere soubor s nejmensim start clusterem = fyzicky prvni MBD.
1594+ 9B29              ;
1595+ 9B29              ; OUT:
1596+ 9B29              ;   A=0  ... MBD/MBH nenalezen
1597+ 9B29              ;   A=1  ... nalezen, IX -> FAT32_BestEntry (32B kopie directory entry)
1598+ 9B29              ;
1599+ 9B29              ; Pouziva BUFFER pro directory sektor, BUFFER2 pro sektor FAT.
1600+ 9B29              ;------------------------------------------------------------------------------
1601+ 9B29              FAT32_FIND_LOWEST_MBD
1602+ 9B29 AF           	xor	a
1603+ 9B2A 32 3A A9     	ld	(FAT32_Found),a
1604+ 9B2D 21 FF FF     	ld	hl,#FFFF
1605+ 9B30 22 34 A9     	ld	(FAT32_BestCluster),hl
1606+ 9B33 22 36 A9     	ld	(FAT32_BestCluster+2),hl
1607+ 9B36
1608+ 9B36              .f32_cluster_loop
1609+ 9B36              	; DirLBA = FirstDataLBA + (CurCluster-2) * SecPerClus
1610+ 9B36              	; Pouzij existujici 32bit math rutiny; pouze platne Z80 instrukce.
1611+ 9B36 2A 2C A9     	ld	hl,(FAT32_CurCluster)
1612+ 9B39 ED 5B 2E A9  	ld	de,(FAT32_CurCluster+2)
1613+ 9B3D 3E 02        	ld	a,2
1614+ 9B3F CD BA AD     	call	SUB32_8
1615+ 9B42 3A 38 A9     	ld	a,(FAT32_SecPerClus)
1616+ 9B45 CD 7B AD     	call	MUL32x8
1617+ 9B48 D9           	exx
1618+ 9B49 2A 24 A9     	ld	hl,(FirstDataLBA)
1619+ 9B4C ED 5B 26 A9  	ld	de,(FirstDataLBA+2)
1620+ 9B50 CD CB AD     	call	ADD32_32
1621+ 9B53
1622+ 9B53 22 30 A9     	ld	(FAT32_DirLBA),hl
1623+ 9B56 ED 53 32 A9  	ld	(FAT32_DirLBA+2),de
1624+ 9B5A
1625+ 9B5A 3A 38 A9     	ld	a,(FAT32_SecPerClus)
1626+ 9B5D 32 39 A9     	ld	(FAT32_SectorsLeft),a
1627+ 9B60
1628+ 9B60              .f32_sector_loop
1629+ 9B60 ED 5B 30 A9  	ld	de,(FAT32_DirLBA)
1630+ 9B64 2A 32 A9     	ld	hl,(FAT32_DirLBA+2)
1631+ 9B67 DD 21 5C A9  	ld	ix,BUFFER
1632+ 9B6B CD 77 A8     	call	ATA_READ
1633+ 9B6E
1634+ 9B6E 06 10        	ld	b,16			; cely 512B sektor = 16 x 32B entries
1635+ 9B70 DD 21 5C A9  	ld	ix,BUFFER
1636+ 9B74
1637+ 9B74              .f32_entry_loop
1638+ 9B74 DD 7E 00     	ld	a,(ix+0)
1639+ 9B77 B7           	or	a
1640+ 9B78 CA EE 9B     	jp	z,.f32_next_entry	; 00 = volna/nepouzita polozka; projdeme cely alokovany root chain
1641+ 9B7B FE E5        	cp	#E5
1642+ 9B7D CA EE 9B     	jp	z,.f32_next_entry	; deleted
1643+ 9B80
1644+ 9B80 DD 7E 0B     	ld	a,(ix+11)
1645+ 9B83 FE 0F        	cp	#0F
1646+ 9B85 28 67        	jr	z,.f32_next_entry	; LFN
1647+ 9B87 CB 5F        	bit	3,a
1648+ 9B89 20 63        	jr	nz,.f32_next_entry	; volume label
1649+ 9B8B CB 67        	bit	4,a
1650+ 9B8D 20 5F        	jr	nz,.f32_next_entry	; directory
1651+ 9B8F
1652+ 9B8F DD 7E 08     	ld	a,(ix+8)
1653+ 9B92 FE 4D        	cp	"M"
1654+ 9B94 20 58        	jr	nz,.f32_next_entry
1655+ 9B96 DD 7E 09     	ld	a,(ix+9)
1656+ 9B99 FE 42        	cp	"B"
1657+ 9B9B 20 51        	jr	nz,.f32_next_entry
1658+ 9B9D DD 7E 0A     	ld	a,(ix+10)
1659+ 9BA0 FE 44        	cp	"D"
1660+ 9BA2 28 04        	jr	z,.f32_candidate
1661+ 9BA4 FE 48        	cp	"H"
1662+ 9BA6 20 46        	jr	nz,.f32_next_entry
1663+ 9BA8
1664+ 9BA8              .f32_candidate
1665+ 9BA8              	; FAT32 start cluster: HI word @20, LO word @26
1666+ 9BA8 DD 6E 1A     	ld	l,(ix+26)
1667+ 9BAB DD 66 1B     	ld	h,(ix+27)
1668+ 9BAE DD 5E 14     	ld	e,(ix+20)
1669+ 9BB1 DD 7E 15     	ld	a,(ix+21)
1670+ 9BB4 E6 0F        	and	#0F
1671+ 9BB6 57           	ld	d,a
1672+ 9BB7
1673+ 9BB7              	; cluster 0/1 neni platny datovy cluster
1674+ 9BB7 7A           	ld	a,d
1675+ 9BB8 B3           	or	e
1676+ 9BB9 B4           	or	h
1677+ 9BBA 20 05        	jr	nz,.f32_compare
1678+ 9BBC 7D           	ld	a,l
1679+ 9BBD FE 02        	cp	2
1680+ 9BBF 38 2D        	jr	c,.f32_next_entry
1681+ 9BC1
1682+ 9BC1              .f32_compare
1683+ 9BC1              	; unsigned 32bit: DEHL < BestCluster ?
1684+ 9BC1              	; candidate-Best, carry z horniho slova znamena candidate < Best.
1685+ 9BC1 D5           	push	de
1686+ 9BC2 E5           	push	hl
1687+ 9BC3 ED 4B 34 A9  	ld	bc,(FAT32_BestCluster)
1688+ 9BC7 B7           	or	a
1689+ 9BC8 ED 42        	sbc	hl,bc
1690+ 9BCA EB           	ex	de,hl
1691+ 9BCB ED 4B 36 A9  	ld	bc,(FAT32_BestCluster+2)
1692+ 9BCF ED 42        	sbc	hl,bc
1693+ 9BD1 E1           	pop	hl
1694+ 9BD2 D1           	pop	de
1695+ 9BD3 30 19        	jr	nc,.f32_next_entry
1696+ 9BD5
1697+ 9BD5              .f32_new_best
1698+ 9BD5 22 34 A9     	ld	(FAT32_BestCluster),hl
1699+ 9BD8 ED 53 36 A9  	ld	(FAT32_BestCluster+2),de
1700+ 9BDC
1701+ 9BDC C5           	push	bc			; zachovej B = pocitadlo directory entries
1702+ 9BDD DD E5        	push	ix
1703+ 9BDF E1           	pop	hl
1704+ 9BE0 11 3B A9     	ld	de,FAT32_BestEntry
1705+ 9BE3 01 20 00     	ld	bc,32
1706+ 9BE6 ED B0        	ldir
1707+ 9BE8 C1           	pop	bc
1708+ 9BE9 3E 01        	ld	a,1
1709+ 9BEB 32 3A A9     	ld	(FAT32_Found),a
1710+ 9BEE
1711+ 9BEE              .f32_next_entry
1712+ 9BEE 11 20 00     	ld	de,32
1713+ 9BF1 DD 19        	add	ix,de
1714+ 9BF3 05           	dec	b
1715+ 9BF4 C2 74 9B     	jp	nz,.f32_entry_loop
1716+ 9BF7
1717+ 9BF7              	; dalsi sektor stejneho root clusteru
1718+ 9BF7 21 30 A9     	ld	hl,FAT32_DirLBA
1719+ 9BFA 34           	inc	(hl)
1720+ 9BFB 20 0A        	jr	nz,.f32_lba_inc_done
1721+ 9BFD 23           	inc	hl
1722+ 9BFE 34           	inc	(hl)
1723+ 9BFF 20 06        	jr	nz,.f32_lba_inc_done
1724+ 9C01 23           	inc	hl
1725+ 9C02 34           	inc	(hl)
1726+ 9C03 20 02        	jr	nz,.f32_lba_inc_done
1727+ 9C05 23           	inc	hl
1728+ 9C06 34           	inc	(hl)
1729+ 9C07              .f32_lba_inc_done
1730+ 9C07
1731+ 9C07 3A 39 A9     	ld	a,(FAT32_SectorsLeft)
1732+ 9C0A 3D           	dec	a
1733+ 9C0B 32 39 A9     	ld	(FAT32_SectorsLeft),a
1734+ 9C0E C2 60 9B     	jp	nz,.f32_sector_loop
1735+ 9C11
1736+ 9C11              	; Nacti FAT entry pro aktualni root cluster.
1737+ 9C11              	; FAT32 ma 128 zaznamu/sektor => FAT sector = cluster >> 7.
1738+ 9C11              	; CurCluster je little-endian 32bit; FAT32 pouziva jen 28 bitu.
1739+ 9C11 3A 2C A9     	ld	a,(FAT32_CurCluster)
1740+ 9C14 67           	ld	h,a
1741+ 9C15 3A 2D A9     	ld	a,(FAT32_CurCluster+1)
1742+ 9C18 6F           	ld	l,a
1743+ 9C19 3A 2E A9     	ld	a,(FAT32_CurCluster+2)
1744+ 9C1C 5F           	ld	e,a
1745+ 9C1D 16 00        	ld	d,0
1746+ 9C1F 29           	add	hl,hl
1747+ 9C20 CB 13        	rl	e
1748+ 9C22 CB 12        	rl	d
1749+ 9C24 65           	ld	h,l
1750+ 9C25 6B           	ld	l,e
1751+ 9C26 5A           	ld	e,d
1752+ 9C27 16 00        	ld	d,0
1753+ 9C29
1754+ 9C29              	; DEHL = cluster>>7; pricteme absolutni LBA prvni FAT.
1755+ 9C29 ED 4B 28 A9  	ld	bc,(FAT32_FirstFATLBA)
1756+ 9C2D 09           	add	hl,bc
1757+ 9C2E EB           	ex	de,hl
1758+ 9C2F ED 4B 2A A9  	ld	bc,(FAT32_FirstFATLBA+2)
1759+ 9C33 ED 4A        	adc	hl,bc
1760+ 9C35 EB           	ex	de,hl
1761+ 9C36
1762+ 9C36 EB           	ex	de,hl			; ATA_READ: HL=upper, DE=lower
1763+ 9C37 DD 21 5C AB  	ld	ix,BUFFER2
1764+ 9C3B CD 77 A8     	call	ATA_READ
1765+ 9C3E
1766+ 9C3E              	; offset v FAT sektoru = (cluster & 127)*4
1767+ 9C3E 3A 2C A9     	ld	a,(FAT32_CurCluster)
1768+ 9C41 E6 7F        	and	#7F
1769+ 9C43 87           	add	a,a
1770+ 9C44 87           	add	a,a
1771+ 9C45 6F           	ld	l,a
1772+ 9C46 26 00        	ld	h,0
1773+ 9C48 11 5C AB     	ld	de,BUFFER2
1774+ 9C4B 19           	add	hl,de
1775+ 9C4C
1776+ 9C4C 5E           	ld	e,(hl)
1777+ 9C4D 23           	inc	hl
1778+ 9C4E 56           	ld	d,(hl)
1779+ 9C4F 23           	inc	hl
1780+ 9C50 4E           	ld	c,(hl)
1781+ 9C51 23           	inc	hl
1782+ 9C52 7E           	ld	a,(hl)
1783+ 9C53 E6 0F        	and	#0F
1784+ 9C55 47           	ld	b,a			; BCDE = next cluster (B highest)
1785+ 9C56
1786+ 9C56              	; EOC >= 0FFFFFF8, bad cluster 0FFFFFF7 take also as end.
1787+ 9C56 78           	ld	a,b
1788+ 9C57 FE 0F        	cp	#0F
1789+ 9C59 20 0F        	jr	nz,.f32_store_next
1790+ 9C5B 79           	ld	a,c
1791+ 9C5C FE FF        	cp	#FF
1792+ 9C5E 20 0A        	jr	nz,.f32_store_next
1793+ 9C60 7A           	ld	a,d
1794+ 9C61 FE FF        	cp	#FF
1795+ 9C63 20 05        	jr	nz,.f32_store_next
1796+ 9C65 7B           	ld	a,e
1797+ 9C66 FE F7        	cp	#F7
1798+ 9C68 30 16        	jr	nc,.f32_directory_end
1799+ 9C6A
1800+ 9C6A              .f32_store_next
1801+ 9C6A              	; 0/1 = invalid chain => konec
1802+ 9C6A 78           	ld	a,b
1803+ 9C6B B1           	or	c
1804+ 9C6C B2           	or	d
1805+ 9C6D 20 05        	jr	nz,.f32_next_valid
1806+ 9C6F 7B           	ld	a,e
1807+ 9C70 FE 02        	cp	2
1808+ 9C72 38 0C        	jr	c,.f32_directory_end
1809+ 9C74              .f32_next_valid
1810+ 9C74
1811+ 9C74 ED 53 2C A9  	ld	(FAT32_CurCluster),de
1812+ 9C78 60           	ld	h,b
1813+ 9C79 69           	ld	l,c
1814+ 9C7A 22 2E A9     	ld	(FAT32_CurCluster+2),hl
1815+ 9C7D C3 36 9B     	jp	.f32_cluster_loop
1816+ 9C80
1817+ 9C80              .f32_directory_end
1818+ 9C80 3A 3A A9     	ld	a,(FAT32_Found)
1819+ 9C83 B7           	or	a
1820+ 9C84 C8           	ret	z
1821+ 9C85 DD 21 3B A9  	ld	ix,FAT32_BestEntry
1822+ 9C89 3E 01        	ld	a,1
1823+ 9C8B C9           	ret
1824+ 9C8C
1825+ 9C8C              ;Skutečná fyzická pozice souboru na disku se spočítá tak, že se od čísla clusteru odečte 2, to se vynásobí počtem sektorů na cluster a přičte se začátek datové oblasti. Stejne pro FAT16 i FAT32.
1826+ 9C8C
1827+ 9C8C CB CE        platne	set	1,(hl)
1828+ 9C8E C1           	pop	bc		;tiskova pozice
1829+ 9C8F DD E5        	push	ix
1830+ 9C91 E1           	pop	hl
1831+ 9C92 DD CB 0A FE  	set	7,(ix+10)
1832+ 9C96 CD 2C A3     	call	T42_TEXT	;vypis jeho nazev
1833+ 9C99 C5           	push	bc		;tiskova pozice
1834+ 9C9A DD 6E 1A     	ld	l,(ix+26)	;;cluster na kterem zacina soubor
1835+ 9C9D DD 66 1B     	ld	h,(ix+27)
1836+ 9CA0 DD 5E 14     	ld	e,(ix+20)
1837+ 9CA3 DD 56 15     	ld	d,(ix+21)	;hlde=cluster of a file
1838+ 9CA6 3E 02        	ld	a,2		;nutno odecist 2
1839+ 9CA8 CD BA AD     	call	SUB32_8
1840+ 9CAB
1841+ 9CAB 3E 55        l1F	ld	a,#55		;pocet sektoru na cluster
1842+ 9CAD CD 7B AD     	call	MUL32x8		;vysledek v HLDE
1843+ 9CB0 D9           	exx				;offset souboru presun do alternativnich registru
1844+ 9CB1 C1           	pop	bc		;tiskova pozice
1845+ 9CB2 E1           	pop	hl
1846+ 9CB3 D1           	pop	de		;HLDE=Root Dir FAT32/FAT16
1847+ 9CB4 C5           	push	bc		;tiskova pozice
1848+ 9CB5
1849+ 9CB5              	; V tomto miste uz IX ukazuje na adresarovou polozku MBD, proto nelze
1850+ 9CB5              	; testovat FAT typ pres (ix+0). Pouzij globalni priznak fat_type.
1851+ 9CB5 3A 5B A9     	ld	a,(fat_type)
1852+ 9CB8 CB 47        	bit	0,a
1853+ 9CBA 28 0C        	jr	z,l1F_fat16
1854+ 9CBC
1855+ 9CBC              	; FAT32: zakladem pro prevod clusteru souboru je FirstDataLBA,
1856+ 9CBC              	; nikoli RootDirLBA (RootClus nemusi byt 2).
1857+ 9CBC 2A 24 A9     	ld	hl,(FirstDataLBA)
1858+ 9CBF ED 5B 26 A9  	ld	de,(FirstDataLBA+2)
1859+ 9CC3 CD CB AD     	call	ADD32_32
1860+ 9CC6 18 0A        	jr	end_partition
1861+ 9CC8
1862+ 9CC8              				;FAT16: k RootDirLBA nejprve pricteme offset souboru
1863+ 9CC8 CD CB AD     l1F_fat16	call	ADD32_32
1864+ 9CCB
1865+ 9CCB              				;pak jeste velikost pevneho Root Directory
1866+ 9CCB D9           	exx
1867+ 9CCC
1868+ 9CCC 21 55 55     RootEntCnt	ld	hl,#5555
1869+ 9CCF CD CB AD     		call	ADD32_32
1870+ 9CD2
1871+ 9CD2              				;v HLDE je prvni sektor image MBD/MBH, i pro FAT32:)
1872+ 9CD2
1873+ 9CD2 ~            /*
1874+ 9CD2 ~            osetrit:
1875+ 9CD2 ~            - DONE neni MBR- pak bude svitit jen jeden radek ve vyisu, a bude snaha datekovat FAT16/FAT32/other
1876+ 9CD2 ~            - DONE partisna neni FAT16/FAT32- nech sviti napis "oth" a skoci se na detekci dalsi partisny
1877+ 9CD2 ~            - DONE partisna je FAT16/FAT32, ale soubor se nenasel- pak necht sviti cervene No File.
1878+ 9CD2 ~            - nyni se automaticky vezme prvni partisna, do VDT, ale chceme tam dat user defined, tzn, pridat kurzor!!!
1879+ 9CD2 ~
1880+ 9CD2 ~            Nasledne tyto 3 stavy se musi vepsat do VDT tabulky
1881+ 9CD2 ~
1882+ 9CD2 ~
1883+ 9CD2 ~            nova specifikace VDT:
1884+ 9CD2 ~            - disk muze mit max 4 primarni partisny. Udaje o nich jsou v MBR v nultem sektoru disku.
1885+ 9CD2 ~            - budou dve VDT tabulky pro master a slave= 5x32= 256 bajtu= celkova delka VDT tabulky
1886+ 9CD2 ~
1887+ 9CD2 ~            - struktura 1 zaznamu (z osmi) ve VDT tabulce:
1888+ 9CD2 ~            ;offset	pocet	popis
1889+ 9CD2 ~            **********************
1890+ 9CD2 ~            ;0	1	info bajt
1891+ 9CD2 ~            ;1	4	first LBA sector of first MBD/MBH file on disk
1892+ 9CD2 ~            ;2	1	reserved
1893+ 9CD2 ~            ;3	26	user defined text
1894+ 9CD2 ~
1895+ 9CD2 ~
1896+ 9CD2 ~            info bajt o oddilu rika:
1897+ 9CD2 ~            ;bit 0		0= oddil FAT16/32 jakozto MBR neexistuje
1898+ 9CD2 ~            		1= oddil FAT16/32 jakozto MBR existuje
1899+ 9CD2 ~            ;bit 1		1= pouzitelny oddil pro speccy (tj. obsahuje jako prvni MBD soubor, lze ho pouzit)
1900+ 9CD2 ~            		0= nepouzitelny oddil pro speccy (tj. neobsahuje MBD soubor)
1901+ 9CD2 ~            ;bit 2		0= pokud je bit 1 nulovy, pak 0=zadna smysluplna data nejsou na disku pritomna, 1=jde o disk FAT16/FAT32 bez MBR (bit 3 je pak platny). Pokud je bit 1 nenulovy, pak 0= oddil se nepouziva, 1= oddil se pouziva*
1902+ 9CD2 ~            ;bit 3		0= FAT16, 1=FAT32 (volitelne)
1903+ 9CD2 ~            ;bity 4-7	rezervovane
1904+ 9CD2 ~            ;*v BSDOSu muze soucasne fungovat jen jeden oddil
1905+ 9CD2 ~
1906+ 9CD2 ~            */
1907+ 9CD2
1908+ 9CD2              end_partition
1909+ 9CD2              ;		cp	4
1910+ 9CD2              ;		jr	nz,ep2			;NZ= nejdo o prvni partisnu
1911+ 9CD2
1912+ 9CD2 ~            /*
1913+ 9CD2 ~            ;zatim budou data ve vsech partisnach
1914+ 9CD2 ~            ;pokud je General setting nastavena autoconfigurace, tak ulozi vypocteny prvni datovy sector
1915+ 9CD2 ~            ;		ld	c,a
1916+ 9CD2 ~            		ld	a,(@autoconfig)
1917+ 9CD2 ~            		or	a
1918+ 9CD2 ~            ;		ld	a,c
1919+ 9CD2 ~            ;		jr	z,nemenfirstdatasectorm1
1920+ 9CD2 ~            		jr	z,ep2
1921+ 9CD2 ~            ;davame to pryc, koncepce autoconfigu bude jina, bude auto, nebo manualne
1922+ 9CD2 ~            */
1923+ 9CD2
1924+ 9CD2 44           		ld	b,h
1925+ 9CD3 4D           		ld	c,l		;dame HL do BC, abychomm mohli vyplnovat VDT tabulku
1926+ 9CD4
1927+ 9CD4 2A 04 9D     		ld	hl,(VDT_pointer+1)	;zjistime, zda se nasel MBD soubor
1928+ 9CD7 CB 4E        		bit	1,(hl)
1929+ 9CD9 28 3A        		jr	z,ep2			;Z=neobashuje MBD soubor
1930+ 9CDB
1931+ 9CDB 60           		ld	h,b
1932+ 9CDC 69           		ld	l,c
1933+ 9CDD
1934+ 9CDD C1           		pop	bc		;BC=tiskova pozice
1935+ 9CDE              						;obsahuje, tak vypiseme na obrazovku jeho cislo
1936+ 9CDE E5           		push	hl
1937+ 9CDF D5           		push	de			;BCDE= prvni sektor MBD souboru
1938+ 9CE0
1939+ 9CE0 22 03 98     		ld	(zzbin),hl	;nejprve tisk
1940+ 9CE3 ED 53 05 98  		ld	(zzbin+2),de
1941+ 9CE7
1942+ 9CE7 CD B9 97     		call	HL2ASCII32
1943+ 9CEA 21 10 98     		ld	hl,zzdec+9
1944+ 9CED CB FE        		set	7,(hl)
1945+ 9CEF 21 07 98     		ld	hl,zzdec
1946+ 9CF2              ;		ld	bc,#0B1B
1947+ 9CF2              ;		pop	bc
1948+ 9CF2 7E           lrd1		ld	a,(hl)
1949+ 9CF3 B7           		or	a
1950+ 9CF4 20 04        		jr	nz,lrd2
1951+ 9CF6 23           		inc	hl
1952+ 9CF7 0C           		inc	c
1953+ 9CF8 18 F8        		jr	lrd1
1954+ 9CFA
1955+ 9CFA
1956+ 9CFA 0C           lrd2		inc	c		;jeste posun, aby cislo nebylo nalepeno na predchozi text, pokud bude cislo 10 mist
1957+ 9CFB CD 2C A3     		call	T42_TEXT	;vypis jeho cislo
1958+ 9CFE
1959+ 9CFE D1           		pop	de
1960+ 9CFF E1           		pop	hl			;HLDE=prvni sektor MBD souboru
1961+ 9D00
1962+ 9D00 C5           		push	bc		;schovej tiskovou pozici
1963+ 9D01 4D           		ld	c,l
1964+ 9D02 44           		ld	b,h
1965+ 9D03
1966+ 9D03 21 55 55     VDT_pointer	ld	hl,#5555
1967+ 9D06 23           		inc	hl
1968+ 9D07 71           		ld	(hl),c
1969+ 9D08 23           		inc	hl
1970+ 9D09 70           		ld	(hl),b
1971+ 9D0A 23           		inc	hl
1972+ 9D0B 73           		ld	(hl),e
1973+ 9D0C 23           		inc	hl
1974+ 9D0D 72           		ld	(hl),d
1975+ 9D0E 01 1C 00     		ld	bc,28
1976+ 9D11 09           ep3		add	hl,bc
1977+ 9D12 22 04 9D     		ld	(VDT_pointer+1),hl	;datove sektory jsou vepsany do tabulky, tabulka je pripravena na dalsi zapis
1978+ 9D15
1979+ 9D15              ;		ld	de,VDT+5
1980+ 9D15              ;		ex	de,hl
1981+ 9D15              ;		ld	(hl),e
1982+ 9D15              ;		inc	hl
1983+ 9D15              ;		ld	(hl),d
1984+ 9D15
1985+ 9D15 C1           ep2		pop	bc			;BC=tiskova pozice
1986+ 9D16 DD E1        		pop	ix
1987+ 9D18 F1           		pop	af
1988+ 9D19
1989+ 9D19 04           		inc	b			;zvys poradovy radek
1990+ 9D1A 11 10 00     		ld	de,16
1991+ 9D1D DD 19        		add	ix,de			;move pointer to another partition
1992+ 9D1F 3D           		dec	a
1993+ 9D20 C2 29 98     ep1		jp	nz,test_partitions		;moc daleko, musim vymyslet jinak
1994+ 9D23
1995+ 9D23 18 12        		jr	nemenfirstdatasectorm1
1996+ 9D25
1997+ 9D25              no_partition	;ld	b,#C			;nulovy zaznam v MBR
1998+ 9D25              		;ld	c,1
1999+ 9D25 C1           		pop	bc			;tiskova pozice
2000+ 9D26 C5           		push	bc			;tiskova pozice- znovu ji ulozime
2001+ 9D27 21 76 A1     		ld	hl,TEXT_PART_EMPTY
2002+ 9D2A CD 2C A3     		call	T42_TEXT
2003+ 9D2D AF           		xor	a
2004+ 9D2E 2A 04 9D     		ld	hl,(VDT_pointer+1)
2005+ 9D31 77           		ld	(hl),a		;nastav bity ve VDT k teto partisne na 0
2006+ 9D32 01 20 00     		ld	bc,32			; VDT zaznam ma 32 bajtu; HL je zde na offsetu 0
2007+ 9D35 18 DA        		jr	ep3
2008+ 9D37
2009+ 9D37              ;stary kod-testuje jen prvni partisnu
2010+ 9D37              nemenfirstdatasectorm1
2011+ 9D37 ~            /*
2012+ 9D37 ~            ;nacteni MBR
2013+ 9D37 ~            	ld	ix,BUFFER
2014+ 9D37 ~            ;;;	ld	a,%00000000	;master
2015+ 9D37 ~            	ld	hl,0
2016+ 9D37 ~            	ld	de,0		;HLDE = LBA 0
2017+ 9D37 ~            	call	ATA_READ
2018+ 9D37 ~            ; dodelat osetreni erroru
2019+ 9D37 ~            	inc	hx
2020+ 9D37 ~            	inc	hx		;+512
2021+ 9D37 ~
2022+ 9D37 ~            	ld	a,(ix-64+2)	;text typu 1. oddilu (FAT16/FAT32/jiny)
2023+ 9D37 ~            	ld	hl,TEXT_FAT32
2024+ 9D37 ~            	ld	bc,#0c12
2025+ 9D37 ~            	ld	e,0
2026+ 9D37 ~            	cp	#B		;pro typ oddilu FAT32
2027+ 9D37 ~            	jr	z,part_text
2028+ 9D37 ~            	cp	#C
2029+ 9D37 ~            	jr	z,part_text
2030+ 9D37 ~
2031+ 9D37 ~            	inc	e
2032+ 9D37 ~            	ld	hl,TEXT_FAT16
2033+ 9D37 ~            	cp	6		;pro typ oddilu FAT16
2034+ 9D37 ~            	jr	z,part_text
2035+ 9D37 ~            	cp	4
2036+ 9D37 ~            	jr	z,part_text
2037+ 9D37 ~            	cp	#E
2038+ 9D37 ~            	jr	z,part_text
2039+ 9D37 ~
2040+ 9D37 ~            	ld	hl,TEXT_OTHER
2041+ 9D37 ~
2042+ 9D37 ~            part_text
2043+ 9D37 ~            	ld	a,e
2044+ 9D37 ~            	ld	(part_type+1),a
2045+ 9D37 ~            	call	T42_TEXT
2046+ 9D37 ~
2047+ 9D37 ~            ;; novy kod je-li vubec MBR pritomen
2048+ 9D37 ~            	ld	de,0		;;FAT boot sector zacina na LBA0, pokud neni MBR
2049+ 9D37 ~            	ld	a,(ix-66)	;;1BE
2050+ 9D37 ~            	and	127		;;80h or 00h MRB first partion table does exist
2051+ 9D37 ~            	jr	nz, MBRno
2052+ 9D37 ~            	ld	a,(ix-64)	;;1C0
2053+ 9D37 ~            	and	a		;;pokud existuje patition, tak sector je nenulova
2054+ 9D37 ~            	jr	z, MBRno
2055+ 9D37 ~            MBRyes
2056+ 9D37 ~            ;; end of novy kod je-li vubec MBR pritomen
2057+ 9D37 ~            	ld	e,(ix-58)	;info o prvni partition zacina na #1BE
2058+ 9D37 ~            	ld	d,(ix-57)
2059+ 9D37 ~            MBRno	ex	de,hl		;v hl je cislo sectoru kde zacina boot prvni par.
2060+ 9D37 ~            	ld	(bootsec+1),hl	;schovame cislo bootsectoru pro vypocet
2061+ 9D37 ~            	ld	bc,#0B10
2062+ 9D37 ~            	push	hl
2063+ 9D37 ~            	call	NUMBER3
2064+ 9D37 ~            ;nacteni BOOT sectoru prvni partition
2065+ 9D37 ~            	pop	hl
2066+ 9D37 ~            	ld	de,0		;HLDE = 32bit LBA, zde hornich 16 bitu = 0
2067+ 9D37 ~            	ld	ix,BUFFER
2068+ 9D37 ~            	call	ATA_READ
2069+ 9D37 ~            ; dodelat osetreni erroru
2070+ 9D37 ~            ; vypocet datove oblasti prvniho souboru
2071+ 9D37 ~
2072+ 9D37 ~            	ld	hl,TEXTDATASEC
2073+ 9D37 ~            	ld	bc,#0B15
2074+ 9D37 ~            	call	T42_TEXT
2075+ 9D37 ~
2076+ 9D37 ~            bootsec	ld	hl,0
2077+ 9D37 ~            	ld	e,(ix+14)	;pricteme sectory pred FAT
2078+ 9D37 ~            	ld	d,(ix+15)
2079+ 9D37 ~            	add	hl,de
2080+ 9D37 ~            	push	hl
2081+ 9D37 ~            	push	ix
2082+ 9D37 ~            	ld	e,(ix+16)	;pocet FAT
2083+ 9D37 ~            	ld	d,0
2084+ 9D37 ~            part_type
2085+ 9D37 ~            	ld	a,#55		;either 0 (FAT32) or 1 (FAT16)
2086+ 9D37 ~            	or	a
2087+ 9D37 ~            	jr	z,part_32
2088+ 9D37 ~            	ld	l,(ix+22)	;pocet sektoru FATky ve FAT 16
2089+ 9D37 ~            	ld	h,(ix+23)
2090+ 9D37 ~            	jr	part_c
2091+ 9D37 ~            part_32	ld	l,(ix+36)	;pocet sekotru FATky ve FAT 32
2092+ 9D37 ~            	ld	h,(ix+37)
2093+ 9D37 ~            part_c	call	nasobeniHLDE.nasob	;vysledek v IXHL
2094+ 9D37 ~            	pop	ix
2095+ 9D37 ~            	pop	de
2096+ 9D37 ~            	add	hl,de		;pricteme jen spodnich 16 bitu
2097+ 9D37 ~            	;; v HL je LBA Root Directory sectoru
2098+ 9D37 ~            	ld	e,(ix+17)	;pocet polozek v ROOTu
2099+ 9D37 ~            	ld	d,(ix+18)
2100+ 9D37 ~            ;; novy kod pro vypocet prvniho datoveho sektoru s ohleden na souboru v rootu
2101+ 9D37 ~            	ld	c,(ix+0dh)	;;pocet sectoru v clusteru, obvykle 64 (32KB cluster)
2102+ 9D37 ~            	ld	b,0
2103+ 9D37 ~            	push	de
2104+ 9D37 ~            	push	hl
2105+ 9D37 ~            	push	bc
2106+ 9D37 ~            	;;nacteni Root Directory sectoru
2107+ 9D37 ~            	ld	de,0		;HLDE = 32bit LBA, zde hornich 16 bitu = 0
2108+ 9D37 ~            	ld	ix,BUFFER
2109+ 9D37 ~            	call	ATA_READ
2110+ 9D37 ~
2111+ 9D37 ~            	ld	b,8		;;prohledam prvnich 8 polozek, jestli zde neni mbd nebo mbh soubor, hledam jen priponu
2112+ 9D37 ~            	ld	de,32		;; kazda polozka ma 32 bytes
2113+ 9D37 ~            nextfile
2114+ 9D37 ~            	ld	a,(ix+08h)
2115+ 9D37 ~            	cp	"M"
2116+ 9D37 ~            	jr	nz, neplatne
2117+ 9D37 ~            	ld	a,(ix+09h)
2118+ 9D37 ~            	cp	"B"
2119+ 9D37 ~            	jr	nz, neplatne
2120+ 9D37 ~            	ld	a,(ix+0ah)
2121+ 9D37 ~            	cp	"H"
2122+ 9D37 ~            	jp	z, platne
2123+ 9D37 ~            	cp	"D"
2124+ 9D37 ~            	jp	z, platne
2125+ 9D37 ~            neplatne
2126+ 9D37 ~            	add	ix,de
2127+ 9D37 ~            	djnz	nextfile
2128+ 9D37 ~            	ld	e,2		;;pokud nenajdu pouziji cluster 0
2129+ 9D37 ~            	jr	l1F
2130+ 9D37 ~
2131+ 9D37 ~
2132+ 9D37 ~            platne	ld	e,(ix+1ah)	;;cluster na kterem zacina soubor
2133+ 9D37 ~            l1F	ld	d,0
2134+ 9D37 ~            	dec	de		;;The clusters are numbered starting at 2, not 0! So the above calculation has to have 2 added to it to get the cluster number of a given allocation unit...and a cluster number is converted to an allocation unit number by subtracting 2...!
2135+ 9D37 ~            	dec	de
2136+ 9D37 ~            	pop	hl		;;pocet sectoru v clusteru, obvykle 64 (32KB cluster)
2137+ 9D37 ~            	call	nasobeniHLDE.nasob	;; vysledek v IXHL
2138+ 9D37 ~            	ex	de,hl
2139+ 9D37 ~            	pop	hl		;; v HL je LBA Root Directory sectoru
2140+ 9D37 ~            	add	hl,de
2141+ 9D37 ~            	pop	de
2142+ 9D37 ~            ;; konec kodu pro vypocet prvniho datoveho sektoru s ohleden na souboru v rootu
2143+ 9D37 ~            	; vydelime 16; predpokladame velikost sec. 512 a 32bytu v root polozce
2144+ 9D37 ~            	ld	b,4
2145+ 9D37 ~            ctyrikrat1
2146+ 9D37 ~            	srl	d
2147+ 9D37 ~            	rr	e
2148+ 9D37 ~            	djnz	ctyrikrat1
2149+ 9D37 ~            	add	hl,de
2150+ 9D37 ~            	push	hl
2151+ 9D37 ~            	ld	bc,#0B23
2152+ 9D37 ~            	call	NUMBER4
2153+ 9D37 ~            	pop	hl
2154+ 9D37 ~            ;pokud je General setting nastavena autoconfigurace, tak ulozi vypocteny prvni datovy sector
2155+ 9D37 ~
2156+ 9D37 ~            	ld	a,(@autoconfig)
2157+ 9D37 ~            	or	a
2158+ 9D37 ~            	jr	z,nemenfirstdatasectorm1
2159+ 9D37 ~            	ld	de,VDT+5
2160+ 9D37 ~            	ex	de,hl
2161+ 9D37 ~            	ld	(hl),e
2162+ 9D37 ~            	inc	hl
2163+ 9D37 ~            	ld	(hl),d
2164+ 9D37 ~
2165+ 9D37 ~            nemenfirstdatasectorm1
2166+ 9D37 ~            ;/*
2167+ 9D37 ~            ;LBA Total sectors
2168+ 9D37 ~            ;
2169+ 9D37 ~            ;	ld	hl,(BUFFER+200)
2170+ 9D37 ~            ;	ld	(D1LBA),hl
2171+ 9D37 ~            ;	ld	bc,#0A24
2172+ 9D37 ~            ;	call	NUMBER4
2173+ 9D37 ~            ;
2174+ 9D37 ~            ;	ld	hl,(BUFFER+202)
2175+ 9D37 ~            ;	ld	(D1LBA+2),hl
2176+ 9D37 ~            ;	ld	bc,#0A1E
2177+ 9D37 ~            ;	call	NUMBER4
2178+ 9D37 ~            ;
2179+ 9D37 ~            ;	ld	hl,(BUFFER+204)
2180+ 9D37 ~            ;	ld	(D1LBA+4),hl
2181+ 9D37 ~            ;	ld	bc,#0A18
2182+ 9D37 ~            ;	call	NUMBER4
2183+ 9D37 ~            ;
2184+ 9D37 ~            ;
2185+ 9D37 ~            ;	ld	hl,TEXT16
2186+ 9D37 ~            ;LER1
2187+ 9D37 ~            ;	ld	bc,#050F
2188+ 9D37 ~            ;	call	T42_TEXT
2189+ 9D37 ~            ;
2190+ 9D37 ~            ;	pop	af
2191+ 9D37 ~            ;	ld	h,0
2192+ 9D37 ~            ;	ld	l,a
2193+ 9D37 ~            ;	ld	bc,#0524
2194+ 9D37 ~            ;	call	NUMBER4
2195+ 9D37 ~            ;*/
2196+ 9D37 ~            ;
2197+ 9D37 ~            ;SLAVE IDENTIFY
2198+ 9D37 ~            Slaveinentify
2199+ 9D37 ~            ;/* ;vyruseni SLAVE
2200+ 9D37 ~            ;
2201+ 9D37 ~            ;	ld	hl,TEXT8
2202+ 9D37 ~            ;	ld	bc,#0D02
2203+ 9D37 ~            ;	call	T42_TEXT
2204+ 9D37 ~            ;
2205+ 9D37 ~            ;	ld	ix,BUFFER
2206+ 9D37 ~            ;	ld	a,%00010000
2207+ 9D37 ~            ;	call	IDENTIFY
2208+ 9D37 ~            ;
2209+ 9D37 ~            ;	ld	hl,TEXT16
2210+ 9D37 ~            ;	push	af
2211+ 9D37 ~            ;	jr	z,TISKSTATUS2
2212+ 9D37 ~            ;	ld	hl,TEXT11
2213+ 9D37 ~            ;	cp	255
2214+ 9D37 ~            ;	jp	z,TISKSTATUS2
2215+ 9D37 ~            ;	ld	hl,TEXT14
2216+ 9D37 ~            ;	cp	6
2217+ 9D37 ~            ;	jp	z,TISKSTATUS2
2218+ 9D37 ~            ;	ld	hl,TEXT13
2219+ 9D37 ~            ;	cp	3
2220+ 9D37 ~            ;	jp	z,TISKSTATUS2
2221+ 9D37 ~            ;	ld	hl,TEXT12
2222+ 9D37 ~            ;	dec	a
2223+ 9D37 ~            ;	jp	z,TISKSTATUS2
2224+ 9D37 ~            ;	ld	hl,TEXT15
2225+ 9D37 ~            ;
2226+ 9D37 ~            ;TISKSTATUS2
2227+ 9D37 ~            ;	ld	bc,#0D0F
2228+ 9D37 ~            ;	call	T42_TEXT
2229+ 9D37 ~            ;
2230+ 9D37 ~            ;	pop	af
2231+ 9D37 ~            ;	jr	z,SLAVEINFO
2232+ 9D37 ~            ;
2233+ 9D37 ~            ;	ld	h,0
2234+ 9D37 ~            ;	ld	l,a
2235+ 9D37 ~            ;	ld	bc,#0D26
2236+ 9D37 ~            ;	call	NUMBER2
2237+ 9D37 ~            ;
2238+ 9D37 ~            ;;pokud je General setting nastavena autoconfigurace, tak pri neuspesnem detekovani zarizeni se do CHS ulozi nuly a HDD pak nasledne nebude nainstalovan
2239+ 9D37 ~            ;	ld	a,(@autoconfig)
2240+ 9D37 ~            ;	or	a
2241+ 9D37 ~            ;	jr	z,nemenCHSs1
2242+ 9D37 ~            ;	xor	a
2243+ 9D37 ~            ;	ld	b,4
2244+ 9D37 ~            ;	ld	hl,VDT+(VDTLEN/2)
2245+ 9D37 ~            ;nulydoCHSs
2246+ 9D37 ~            ;	ld	(hl),a
2247+ 9D37 ~            ;	inc	hl
2248+ 9D37 ~            ;	djnz	nulydoCHSs
2249+ 9D37 ~            ;nemenCHSs1
2250+ 9D37 ~            ;	jp	Endinentify
2251+ 9D37 ~            ;
2252+ 9D37 ~            ;SLAVEINFO
2253+ 9D37 ~            ;	ld	hl,TEXT4
2254+ 9D37 ~            ;	ld	bc,#0E02
2255+ 9D37 ~            ;	call	T42_TEXT
2256+ 9D37 ~            ;	ld	hl,TEXT5
2257+ 9D37 ~            ;	ld	bc,#0F02
2258+ 9D37 ~            ;	call	T42_TEXT
2259+ 9D37 ~            ;	ld	hl,TEXT6
2260+ 9D37 ~            ;	ld	bc,#1002
2261+ 9D37 ~            ;	call	T42_TEXT
2262+ 9D37 ~            ;	ld	hl,TEXT7
2263+ 9D37 ~            ;	ld	bc,#1102
2264+ 9D37 ~            ;	call	T42_TEXT
2265+ 9D37 ~            ;	ld	hl,TEXT101
2266+ 9D37 ~            ;	ld	bc,#1202
2267+ 9D37 ~            ;	call	T42_TEXT
2268+ 9D37 ~            ;	ld	hl,TEXT102
2269+ 9D37 ~            ;	ld	bc,#1215
2270+ 9D37 ~            ;	call	T42_TEXT
2271+ 9D37 ~            ;
2272+ 9D37 ~            ;model
2273+ 9D37 ~            ;	ld	hl,BUFFER+54
2274+ 9D37 ~            ;	ld	b,40
2275+ 9D37 ~            ;	call	PROHOD
2276+ 9D37 ~            ;	set	7,(ix+85)
2277+ 9D37 ~            ;
2278+ 9D37 ~            ;	ld	bc,#0E09
2279+ 9D37 ~            ;	call	T42_TEXT
2280+ 9D37 ~            ;
2281+ 9D37 ~            ;firmware
2282+ 9D37 ~            ;	ld	hl,BUFFER+46
2283+ 9D37 ~            ;	ld	b,8
2284+ 9D37 ~            ;	call	PROHOD
2285+ 9D37 ~            ;	set	7,(ix+53)
2286+ 9D37 ~            ;
2287+ 9D37 ~            ;	ld	bc,#0F0C
2288+ 9D37 ~            ;	call	T42_TEXT
2289+ 9D37 ~            ;
2290+ 9D37 ~            ;serial number
2291+ 9D37 ~            ;
2292+ 9D37 ~            ;	ld	hl,BUFFER+20
2293+ 9D37 ~            ;	ld	b,20
2294+ 9D37 ~            ;	call	PROHOD
2295+ 9D37 ~            ;	set	7,(ix+39)
2296+ 9D37 ~            ;
2297+ 9D37 ~            ;	ld	bc,#1011
2298+ 9D37 ~            ;	call	T42_TEXT
2299+ 9D37 ~            ;LBA
2300+ 9D37 ~            ;	ld	hl,TEXT_NO
2301+ 9D37 ~            ;	bit	1,(ix+99)
2302+ 9D37 ~            ;	jr	z,L11
2303+ 9D37 ~            ;
2304+ 9D37 ~            ;	ld	hl,TEXT_YES
2305+ 9D37 ~            ;L11	ld	bc,#110D
2306+ 9D37 ~            ;	call	T42_TEXT
2307+ 9D37 ~            ;
2308+ 9D37 ~            ;DMA
2309+ 9D37 ~            ;	ld	hl,TEXT_NO
2310+ 9D37 ~            ;	bit	0,(ix+99)
2311+ 9D37 ~            ;	jr	z,L12
2312+ 9D37 ~            ;
2313+ 9D37 ~            ;	ld	hl,TEXT_YES
2314+ 9D37 ~            ;L12	ld	bc,#1125
2315+ 9D37 ~            ;	call	T42_TEXT
2316+ 9D37 ~            ;
2317+ 9D37 ~            ;;CHS
2318+ 9D37 ~            ;	ld	l,(ix+2)
2319+ 9D37 ~            ;	ld	h,(ix+3)
2320+ 9D37 ~            ;	ld	bc,#1209
2321+ 9D37 ~            ;	call	NUMBER4
2322+ 9D37 ~            ;
2323+ 9D37 ~            ;	ld	l,(ix+6)
2324+ 9D37 ~            ;	ld	h,(ix+7)
2325+ 9D37 ~            ;	ld	bc,#120f
2326+ 9D37 ~            ;	call	NUMBER1
2327+ 9D37 ~            ;
2328+ 9D37 ~            ;	ld	l,(ix+12)
2329+ 9D37 ~            ;	ld	h,(ix+13)
2330+ 9D37 ~            ;	ld	bc,#1212
2331+ 9D37 ~            ;	call	NUMBER1
2332+ 9D37 ~            ;;pokud je General setting nastavena autoconfigurace, tak pri uspesnem detekovani zarizeni se do CHS ulozi zjistene udaje
2333+ 9D37 ~            ;
2334+ 9D37 ~            ;	ld	a,(@autoconfig)
2335+ 9D37 ~            ;	or	a
2336+ 9D37 ~            ;	jr	z,nemenCHSs2
2337+ 9D37 ~            ;	ld	hl,VDT+(VDTLEN/2)
2338+ 9D37 ~            ;	ld	a,(ix+12)
2339+ 9D37 ~            ;	ld	(hl),a
2340+ 9D37 ~            ;	ld	a,(ix+6)
2341+ 9D37 ~            ;	inc	hl
2342+ 9D37 ~            ;	ld	(hl),a
2343+ 9D37 ~            ;	ld	a,(ix+2)
2344+ 9D37 ~            ;	inc	hl
2345+ 9D37 ~            ;	ld	(hl),a
2346+ 9D37 ~            ;	ld	a,(ix+3)
2347+ 9D37 ~            ;	inc	hl
2348+ 9D37 ~            ;	ld	(hl),a
2349+ 9D37 ~            ;
2350+ 9D37 ~            ;nemenCHSs2
2351+ 9D37 ~            ;
2352+ 9D37 ~            ;capacity
2353+ 9D37 ~            ;	ld	l,(ix+12)
2354+ 9D37 ~            ;	ld	h,(ix+13)
2355+ 9D37 ~            ;	ld	e,(ix+6)
2356+ 9D37 ~            ;	ld	d,(ix+7)
2357+ 9D37 ~            ;
2358+ 9D37 ~            ;	push	ix		;rutina nasob pouziva IX
2359+ 9D37 ~            ;	call	nasobeniHLDE.nasob
2360+ 9D37 ~            ;	pop	ix
2361+ 9D37 ~            ;	ld	e,(ix+2)
2362+ 9D37 ~            ;	ld	d,(ix+3)
2363+ 9D37 ~            ;	push	ix
2364+ 9D37 ~            ;	call	nasobeniHLDE.nasob
2365+ 9D37 ~            ;vysledek je v IXHL
2366+ 9D37 ~            ;
2367+ 9D37 ~            ;	ld	l,h
2368+ 9D37 ~            ;	ld	a,lx
2369+ 9D37 ~            ;	ld	h,a
2370+ 9D37 ~            ;	ld	e,hx
2371+ 9D37 ~            ;
2372+ 9D37 ~            ;delime 256 vysledek EHL
2373+ 9D37 ~            ;	ld	b,3
2374+ 9D37 ~            ;trikrat2
2375+ 9D37 ~            ;	srl	e
2376+ 9D37 ~            ;	rr	h
2377+ 9D37 ~            ;	rr	l
2378+ 9D37 ~            ;	djnz	trikrat2
2379+ 9D37 ~            ;delime tremi
2380+ 9D37 ~            ;	ld	bc,#121F
2381+ 9D37 ~            ;	call	NUMBER3
2382+ 9D37 ~            ;
2383+ 9D37 ~            ;	pop	ix
2384+ 9D37 ~            ;
2385+ 9D37 ~            ;
2386+ 9D37 ~            ;LBA 48Bits
2387+ 9D37 ~            ;
2388+ 9D37 ~            ;	inc	hx
2389+ 9D37 ~            ;
2390+ 9D37 ~            ;	ld	hl,TEXT_NO
2391+ 9D37 ~            ;	bit	2,(ix-83)
2392+ 9D37 ~            ;	jr	z,L13
2393+ 9D37 ~            ;
2394+ 9D37 ~            ;	ld	hl,TEXT_YES
2395+ 9D37 ~            ;L13	ld	bc,#111C
2396+ 9D37 ~            ;	call	T42_TEXT
2397+ 9D37 ~            ;
2398+ 9D37 ~            ;
2399+ 9D37 ~            ;hledani prvni sectoru pro data
2400+ 9D37 ~            ;prohledava se MBR, prvni partion, a hleda se v root dir. prvni datovy sector prvniho souboru
2401+ 9D37 ~            ;prvni sektor disku je MBR:
2402+ 9D37 ~            ;
2403+ 9D37 ~            ;na 1BEh zacinaji parametry prvni partition (10h ka d )
2404+ 9D37 ~            ;na 08h a  0Bh je cislo relativniho sektoru zacatku partition (nebo na 01h a  03h ve formatu hlava/sektor/cylindr)
2405+ 9D37 ~            ;
2406+ 9D37 ~            ;prvn  sektor partition je BOOT a tam jsou tyto zaj mav   daje:
2407+ 9D37 ~            ;0Bh, 0Ch   pocet bytu na sektor
2408+ 9D37 ~            ;0Eh, 0Fh   pocet sektoru pred prvni FAT
2409+ 9D37 ~            ;10h   pocet FAT
2410+ 9D37 ~            ;11h, 12h   pocet polozek v ROOTu
2411+ 9D37 ~            ;16h, 17h   pocet sektoru ve FAT
2412+ 9D37 ~            ;prvn  datov  sektor je: zacatek_partition + sektoru_pred_FAT + sektoru_ve_FAT * pocet_FAT + polozek_v_ROOT * 20h / bytu_na_sektor
2413+ 9D37 ~            ;
2414+ 9D37 ~            ;	ld	hl,TEXTPARSEC
2415+ 9D37 ~            ;	ld	bc,#1302
2416+ 9D37 ~            ;	call	T42_TEXT
2417+ 9D37 ~            ;
2418+ 9D37 ~            ;;nacteni MBR
2419+ 9D37 ~            ;	ld	ix,BUFFER
2420+ 9D37 ~            ;	ld	a,%00010000	;slave
2421+ 9D37 ~            ;	ld	bc,0
2422+ 9D37 ~            ;	ld	de,0		;LBA=0 MBR
2423+ 9D37 ~            ;	call	LBAREAD
2424+ 9D37 ~            ;; dodelat osetreni erroru
2425+ 9D37 ~            ;	inc	hx
2426+ 9D37 ~            ;	inc	hx 		;+512
2427+ 9D37 ~            ;	ld	e,(ix-58)	;info o prvni partition zacina na #1BE
2428+ 9D37 ~            ;	ld	d,(ix-57)
2429+ 9D37 ~            ;	ex	de,hl		;v hl je cislo sectoru kde zacina boot prvni par.
2430+ 9D37 ~            ;	ld	(bootsec2+1),hl	;schovame cislo bootsectoru pro vypocet
2431+ 9D37 ~            ;	ld	bc,#1310
2432+ 9D37 ~            ;	push	hl
2433+ 9D37 ~            ;	call	NUMBER3
2434+ 9D37 ~            ;nacteni BOOT sectoru prvni partition
2435+ 9D37 ~            ;	pop	hl
2436+ 9D37 ~            ;	ld	c,l
2437+ 9D37 ~            ;	ld	e,h
2438+ 9D37 ~            ;	ld	d,0
2439+ 9D37 ~            ;	ld	b,d
2440+ 9D37 ~            ;	ld	ix,BUFFER
2441+ 9D37 ~            ;	ld	a,%00010000	;slave
2442+ 9D37 ~            ;	call	LBAREAD
2443+ 9D37 ~            ; dodelat osetreni erroru
2444+ 9D37 ~            ; vypocet datove oblasti prvniho souboru
2445+ 9D37 ~            ;
2446+ 9D37 ~            ;	ld	hl,TEXTDATASEC
2447+ 9D37 ~            ;	ld	bc,#1315
2448+ 9D37 ~            ;	call	T42_TEXT
2449+ 9D37 ~            ;
2450+ 9D37 ~            ;bootsec2
2451+ 9D37 ~            ;	ld	hl,0
2452+ 9D37 ~            ;	ld	e,(ix+14)	;pricteme sectory pred FAT
2453+ 9D37 ~            ;	ld	d,(ix+15)
2454+ 9D37 ~            ;	add	hl,de
2455+ 9D37 ~            ;	push	hl
2456+ 9D37 ~            ;	push	ix
2457+ 9D37 ~            ;	ld	e,(ix+16)	;pocet FAT
2458+ 9D37 ~            ;	ld	d,0
2459+ 9D37 ~            ;	ld	l,(ix+22)	;pocet sektoru ve FAT
2460+ 9D37 ~            ;	ld	h,(ix+23)
2461+ 9D37 ~            ;	call	nasobeniHLDE.nasob	;vysledek v IXHL
2462+ 9D37 ~            ;	pop	ix
2463+ 9D37 ~            ;	pop	de
2464+ 9D37 ~            ;	add	hl,de		;pricteme jen spodnich 16 bitu
2465+ 9D37 ~            ;	ld	e,(ix+17)	;pocet polozek v ROOTu
2466+ 9D37 ~            ;	ld	d,(ix+18)
2467+ 9D37 ~            ;	; vydelime 16; predpokladame velikost sec. 512 a 32bytu v root polozce
2468+ 9D37 ~            ;	ld	b,4
2469+ 9D37 ~            ;ctyrikrat2
2470+ 9D37 ~            ;	srl	d
2471+ 9D37 ~            ;	rr	e
2472+ 9D37 ~            ;	djnz	ctyrikrat2
2473+ 9D37 ~            ;	add	hl,de
2474+ 9D37 ~            ;	push	hl
2475+ 9D37 ~            ;	ld	bc,#1323
2476+ 9D37 ~            ;	call	NUMBER4
2477+ 9D37 ~            ;	pop	hl
2478+ 9D37 ~            ;;pokud je General setting nastavena autoconfigurace, tak ulozi vypocteny prvni datovy sector
2479+ 9D37 ~            ;
2480+ 9D37 ~            ;	ld	a,(@autoconfig)
2481+ 9D37 ~            ;	or	a
2482+ 9D37 ~            ;	jr	z,nemenfirstdatasectorm2
2483+ 9D37 ~            ;	ld	de,VDT+(VDTLEN/2)+5
2484+ 9D37 ~            ;	ex	de,hl
2485+ 9D37 ~            ;	ld	(hl),e
2486+ 9D37 ~            ;	inc	hl
2487+ 9D37 ~            ;	ld	(hl),d
2488+ 9D37 ~            ;
2489+ 9D37 ~            ;nemenfirstdatasectorm2
2490+ 9D37 ~            ;
2491+ 9D37 ~            ;/*
2492+ 9D37 ~            ;LBA Total sectors
2493+ 9D37 ~            ;
2494+ 9D37 ~            ;	ld	hl,(BUFFER+200)
2495+ 9D37 ~            ;	ld	(D2LBA),hl
2496+ 9D37 ~            ;	ld	bc,#1124
2497+ 9D37 ~            ;	call	NUMBER4
2498+ 9D37 ~            ;
2499+ 9D37 ~            ;	ld	hl,(BUFFER+202)
2500+ 9D37 ~            ;	ld	(D2LBA+2),hl
2501+ 9D37 ~            ;	ld	bc,#111E
2502+ 9D37 ~            ;	call	NUMBER4
2503+ 9D37 ~            ;
2504+ 9D37 ~            ;	ld	hl,(BUFFER+204)
2505+ 9D37 ~            ;	ld	(D2LBA+4),hl
2506+ 9D37 ~            ;	ld	bc,#1118
2507+ 9D37 ~            ;	call	NUMBER4
2508+ 9D37 ~            ;*/
2509+ 9D37 ~            ;
2510+ 9D37 ~            ;vyruseni SLAVE
2511+ 9D37 ~            ;*/
2512+ 9D37 ~            */
2513+ 9D37 21 BA 9F     	ld	hl,TEXT17		;DMA info
2514+ 9D3A 01 02 14     	ld	bc,#1402
2515+ 9D3D CD 2C A3     	call	T42_TEXT
2516+ 9D40 0C           	inc	c
2517+ 9D41 0C           	inc	c
2518+ 9D42 21 C6 9F     	ld	hl,TEXT18
2519+ 9D45              ;	ld	bc,#1203
2520+ 9D45 CD 2C A3     	call	T42_TEXT
2521+ 9D48 0C           	inc	c
2522+ 9D49 21 D2 9F     	ld	hl,TEXT19
2523+ 9D4C              ;	ld	bc,#1303
2524+ 9D4C CD 2C A3     	call	T42_TEXT
2525+ 9D4F
2526+ 9D4F              Endinentify
2527+ 9D4F              ;projed partisny, zda jsou vsechny platne
2528+ 9D4F              ;	call	check_for_valid
2529+ 9D4F              ;	jp	z,end_easy		;vyhodit, pri ani jedne platne partisne to slo primo do exitu
2530+ 9D4F
2531+ 9D4F              ;old
2532+ 9D4F              ;	ld	a,(@autoconfig)
2533+ 9D4F              ;	or	a
2534+ 9D4F              ;	jp	nz,manual_partition_selection
2535+ 9D4F
2536+ 9D4F              ; @autoconfig: 0=AUTO, 1=MANUAL
2537+ 9D4F              ; drzeny SPACE vynuti MANUAL pro tento beh
2538+ 9D4F 3E 7F        	ld      a,#7f
2539+ 9D51 DB FE        	in      a,(#fe)                ; #7FFE, bit 0 = SPACE
2540+ 9D53 2F           	cpl
2541+ 9D54 E6 01        	and     1                      ; A=1 SPACE, A=0 bez SPACE
2542+ 9D56
2543+ 9D56 21 47 80     	ld      hl,@autoconfig
2544+ 9D59 B6           	or      (hl)                   ; spoj SPACE s konfiguracnim bajtem
2545+ 9D5A 77           	ld      (hl),a                 ; pri SPACE skutecne zmeni 0 -> 1
2546+ 9D5B C2 2A 9E     	jp      nz,manual_partition_selection
2547+ 9D5E
2548+ 9D5E              ;automatic_partition_selection
2549+ 9D5E 3A 48 80     	ld	a,(@partition)
2550+ 9D61 CD D0 9D     	call	test_partition		;test just selected partition
2551+ 9D64 20 16        	jr	nz, fp1
2552+ 9D66
2553+ 9D66              ;Z=invalid, seek for valid one
2554+ 9D66              ;neni platna, hledej prvni platnou a nainstluj  ji
2555+ 9D66 CD DD 9D     	call	check_for_valid
2556+ 9D69 20 0E        	jr	nz,found_partition
2557+ 9D6B
2558+ 9D6B              ;žádná platná partition. Co s tim? Vynulujeme VDT tabulku a partisn nechame, protoze pak se do VDT tabulky vepise 0
2559+ 9D6B 21 00 AE     	ld	hl,VDT
2560+ 9D6E 11 01 AE     	ld	de,VDT+1
2561+ 9D71 01 FF 00     	ld	bc,255
2562+ 9D74 75           	ld	(hl),l
2563+ 9D75 ED B0        	ldir
2564+ 9D77 18 76        	jr	end_easy		;nenasli jsme platnou partisnu
2565+ 9D79 ~            /*
2566+ 9D79 ~            vp1	ld	hl,TEXT_NO_VALID
2567+ 9D79 ~            	ld	bc,#1602
2568+ 9D79 ~            	call	T42_TEXT
2569+ 9D79 ~            	xor	a
2570+ 9D79 ~            	jr	ayn
2571+ 9D79 ~            */
2572+ 9D79
2573+ 9D79              found_partition
2574+ 9D79 32 48 80     	ld	(@partition),a		;dame ji do configu, odtud si ji pak vezme hlavni prog v konfig casti bsdosu
2575+ 9D7C
2576+ 9D7C 21 E9 9F     fp1	ld	hl,TEXT_CLR
2577+ 9D7F 01 02 16     	ld	bc,#1602
2578+ 9D82 CD 2C A3     	call	T42_TEXT
2579+ 9D85 21 10 A0     	ld	hl,TEXT100
2580+ 9D88 01 02 16     	ld	bc,#1602
2581+ 9D8B CD 2C A3     	call	T42_TEXT
2582+ 9D8E
2583+ 9D8E              valid_partition
2584+ 9D8E 3A 48 80     	ld	a,(@partition)
2585+ 9D91 26 00        	ld	h,0
2586+ 9D93 6F           	ld	l,a
2587+ 9D94 CD 0F A3     	call	NUMBER0
2588+ 9D97 21 29 A0     	ld	hl,TEXT_PRESS_KEY
2589+ 9D9A 01 1A 16     	ld	bc,#161A
2590+ 9D9D CD 2C A3     	call	T42_TEXT
2591+ 9DA0
2592+ 9DA0              autoinstall_yes_no
2593+ 9DA0 3A 46 80     	ld	a,(@autoinstall)
2594+ 9DA3 B7           	or	a
2595+ 9DA4 C4 25 A7     ayn	call	nz,ANYKEY
2596+ 9DA7              	IFDEF ELEMENT
2597+ 9DA7 21 E9 9F     		ld	hl,TEXT_CLR
2598+ 9DAA 01 02 16     		ld	bc,#1602
2599+ 9DAD CD 2C A3     		call	T42_TEXT
2600+ 9DB0 21 38 A0     		ld	hl,TEXT_AUTOSYS
2601+ 9DB3 01 0C 16     		ld	bc,#160C
2602+ 9DB6 CD 2C A3     		call	T42_TEXT
2603+ 9DB9              	ENDIF
2604+ 9DB9 C9           	ret
2605+ 9DBA              ; navrat
2606+ 9DBA
2607+ 9DBA              ;------------------------------------------------------------
2608+ 9DBA              ; eLeMeNt only: service #30 returned, so AUTOSYS was not started.
2609+ 9DBA              ; Replace the status line, wait for acknowledgement and return
2610+ 9DBA              ; to MAIN, which will continue with the BSROM reset fallback.
2611+ 9DBA              AUTOSYS_NOT_FOUND
2612+ 9DBA 21 E9 9F     	ld	hl,TEXT_CLR
2613+ 9DBD 01 02 16     	ld	bc,#1602
2614+ 9DC0 CD 2C A3     	call	T42_TEXT
2615+ 9DC3 21 4C A0     	ld	hl,TEXT_AUTOSYS_NOT_FOUND
2616+ 9DC6 01 06 16     	ld	bc,#1606
2617+ 9DC9 CD 2C A3     	call	T42_TEXT
2618+ 9DCC CD 25 A7     	call	ANYKEY
2619+ 9DCF C9           	ret
2620+ 9DD0
2621+ 9DD0              test_partition				;IN=A=partition number 1-4, OUT=Z=invalid partition, NZ=valid
2622+ 9DD0 11 20 00     	ld	de,32			;testuj zvolenou partisnu (v @partition), zda je platna
2623+ 9DD3              ;	ld	a,(@partition)
2624+ 9DD3 47           	ld	b,a
2625+ 9DD4 21 E0 AD     	ld	hl,VDT-32
2626+ 9DD7 19           loop1	add	hl,de
2627+ 9DD8 10 FD        	djnz	loop1
2628+ 9DDA CB 4E        	bit	1,(hl)
2629+ 9DDC C9           	ret
2630+ 9DDD              ;	jr	nz,fp1			;NZ=set partition (from autoconfig or manual) is valid
2631+ 9DDD
2632+ 9DDD              ;IN=noothing, OUT=NZ=valid, Z=invalid
2633+ 9DDD              check_for_valid
2634+ 9DDD 11 20 00     	ld	de,32			; kazdy VDT zaznam ma presne 32 bajtu
2635+ 9DE0 21 00 AE     	ld	hl,VDT
2636+ 9DE3 3E 01        	ld	a,1
2637+ 9DE5 06 04        	ld	b,4
2638+ 9DE7              find_valid:
2639+ 9DE7 CB 4E                bit	1,(hl)
2640+ 9DE9 C0           	ret	nz
2641+ 9DEA              ;       jr      nz,found_partition
2642+ 9DEA 19           	add	hl,de
2643+ 9DEB 3C           	inc	a
2644+ 9DEC 10 F9                djnz    find_valid
2645+ 9DEE C9           	ret
2646+ 9DEF
2647+ 9DEF              end_easy
2648+ 9DEF 21 88 A1     	ld	hl,TEXT_NO_VALID
2649+ 9DF2 01 02 16     	ld	bc,#1602
2650+ 9DF5 CD 2C A3     	call	T42_TEXT
2651+ 9DF8
2652+ 9DF8              	IFDEF ELEMENT		;stisk EDIT=konec, v pripade EL, ktery neni jeste inicializovany, musime udelat 128K reset
2653+ 9DF8 AF           	xor	a
2654+ 9DF9 C3 78 39     	jp	#3978
2655+ 9DFC              	ELSE
2656+ 9DFC ~
2657+ 9DFC ~            	call    #3C98
2658+ 9DFC ~                    di
2659+ 9DFC ~                    xor     a
2660+ 9DFC ~                    ld      bc,#5C00
2661+ 9DFC ~
2662+ 9DFC ~            clear_sysvars
2663+ 9DFC ~                    ld      (bc),a
2664+ 9DFC ~                    inc     c
2665+ 9DFC ~                    jr      nz,clear_sysvars
2666+ 9DFC ~
2667+ 9DFC ~                    ld      hl,START-1
2668+ 9DFC ~                    jp      #1200		;novy konec, neporusuje RAM a obnovuje BASIC
2669+ 9DFC ~
2670+ 9DFC ~            /*
2671+ 9DFC ~            	exx
2672+ 9DFC ~            	ld	hl,#2758
2673+ 9DFC ~            	exx
2674+ 9DFC ~            	ld	iy,#5c3a
2675+ 9DFC ~
2676+ 9DFC ~            	pop	hl		;navratova adresa
2677+ 9DFC ~            	ei
2678+ 9DFC ~            	ret			;navrat do BASICu
2679+ 9DFC ~            */
2680+ 9DFC              	ENDIF
2681+ 9DFC              ;user menu
2682+ 9DFC              ;priprava k menu, rutina IINKEY vraci v A kod klavesy, #B=nahoru, #A=dolu
2683+ 9DFC              ;definice
2684+ 9DFC              cursor		equ %00001000		;item with cursor (dark blue cursor)
2685+ 9DFC              no_curs		equ %11110111		;item without cursor
2686+ 9DFC
2687+ 9DFC              page		equ 3		;we will move around 4 items
2688+ 9DFC A1 59        cursor_w_stadr	dw #59A1	;start address of cursor (radek 13, sloupec 1)
2689+ 9DFE A1 59        cursor_w_curad	dw #59A1	;current address of cursor
2690+ 9E00              cursor_len	equ 29
2691+ 9E00 55           wind_curs_item	db #55		;current start cursor position of the window (0-page)
2692+ 9E01              ;item_pg_start	dw #5555	;;;;;start address of first dir item on displayed page
2693+ 9E01
2694+ 9E01 3A 00 9E     key_enter	ld	a,(wind_curs_item)
2695+ 9E04 3C           		inc	a
2696+ 9E05 CD D0 9D     		call	test_partition
2697+ 9E08 C2 79 9D     		jp	nz,found_partition	;NZ=we found the valid one
2698+ 9E0B
2699+ 9E0B 21 E9 9F     		ld	hl,TEXT_CLR
2700+ 9E0E 01 02 16     		ld	bc,#1602
2701+ 9E11 C5           		push	bc
2702+ 9E12 CD 2C A3     		call	T42_TEXT
2703+ 9E15
2704+ 9E15 21 AF A1     		ld	hl,TEXT_PART_NOUSE
2705+ 9E18 01 05 16     		ld	bc,#1605
2706+ 9E1B CD 2C A3     		call	T42_TEXT
2707+ 9E1E
2708+ 9E1E CD 25 A7     		call	ANYKEY
2709+ 9E21
2710+ 9E21 21 E9 9F     		ld	hl,TEXT_CLR
2711+ 9E24 C1           		pop	bc
2712+ 9E25 CD 2C A3     		call	T42_TEXT
2713+ 9E28
2714+ 9E28 18 0D        		jr	 mps1		;zachovej kurzor, kde je
2715+ 9E2A
2716+ 9E2A              ;		call	undraw_cursor
2717+ 9E2A
2718+ 9E2A              manual_partition_selection
2719+ 9E2A AF           		xor	a	;inicializace
2720+ 9E2B 32 00 9E     		ld	(wind_curs_item),a
2721+ 9E2E 2A FC 9D     		ld	hl,(cursor_w_stadr)
2722+ 9E31 22 FE 9D     		ld	(cursor_w_curad),hl
2723+ 9E34
2724+ 9E34 CD 8F 9E     		call	draw_cursor
2725+ 9E37
2726+ 9E37 21 D0 A1     mps1		ld	hl,TEXT_MAKE_SELEC
2727+ 9E3A 01 03 16     		ld	bc,#1603
2728+ 9E3D CD 2C A3     		call	T42_TEXT
2729+ 9E40              ;key detection loop
2730+ 9E40 CD 2F A7     iik		call	KEYSCAN
2731+ 9E43 11 20 00     		ld	de,32
2732+ 9E46 FE 0B        		cp	#B
2733+ 9E48 CC 5A 9E     		call	z,key_up
2734+ 9E4B FE 0A        		cp	#A
2735+ 9E4D CC 71 9E     		call	z,key_down
2736+ 9E50 FE 0D        		cp	13
2737+ 9E52 28 AD        		jr	z,key_enter
2738+ 9E54 FE 07        		cp	7
2739+ 9E56 28 97        		jr	z,end_easy		;EDIT pressed, end EasySD
2740+ 9E58 18 E6        		jr	iik
2741+ 9E5A
2742+ 9E5A 21 00 9E     key_up		ld	hl,wind_curs_item
2743+ 9E5D 7E           		ld	a,(hl)
2744+ 9E5E B7           		or	a
2745+ 9E5F C8           		ret	z		;Z=already first line
2746+ 9E60 35           		dec	(hl)
2747+ 9E61 CD 87 9E     		call	undraw_cursor
2748+ 9E64 2A FE 9D     		ld	hl,(cursor_w_curad)
2749+ 9E67 B7           		or	a
2750+ 9E68 ED 52        		sbc	hl,de
2751+ 9E6A 22 FE 9D     		ld	(cursor_w_curad),hl
2752+ 9E6D CD 8F 9E     		call	draw_cursor
2753+ 9E70 C9           		ret
2754+ 9E71
2755+ 9E71 21 00 9E     key_down	ld	hl,wind_curs_item
2756+ 9E74 7E           		ld	a,(hl)
2757+ 9E75 FE 03        		cp	page
2758+ 9E77 C8           		ret	z
2759+ 9E78 34           		inc	(hl)
2760+ 9E79 CD 87 9E     		call	undraw_cursor
2761+ 9E7C 2A FE 9D     		ld	hl,(cursor_w_curad)
2762+ 9E7F 19           		add	hl,de
2763+ 9E80 22 FE 9D     		ld	(cursor_w_curad),hl
2764+ 9E83 CD 8F 9E     		call	draw_cursor
2765+ 9E86 C9           		ret
2766+ 9E87
2767+ 9E87 2A FE 9D     undraw_cursor	ld	hl,(cursor_w_curad)
2768+ 9E8A 7E           		ld	a,(hl)
2769+ 9E8B E6 F7        		and	no_curs
2770+ 9E8D              ;		and	%11110111
2771+ 9E8D 18 06        		jr	dc_1
2772+ 9E8F 2A FE 9D     draw_cursor	ld	hl,(cursor_w_curad)
2773+ 9E92 7E           		ld	a,(hl)
2774+ 9E93              ;		or	%00001000
2775+ 9E93 F6 08        		or	cursor
2776+ 9E95
2777+ 9E95 06 1D        dc_1		ld	b,cursor_len
2778+ 9E97 77           dc_2		ld	(hl),a
2779+ 9E98 23           		inc	hl
2780+ 9E99 10 FC        		djnz	dc_2
2781+ 9E9B AF           		xor	a			;A=0 to avoid artifical key press
2782+ 9E9C C9           		ret
2783+ 9E9D ~            /*
2784+ 9E9D ~            undraw_cursor	ld	a,unmark_no_curs
2785+ 9E9D ~            		jr	dc_1
2786+ 9E9D ~            draw_cursor	ld	a,unmark_cursor
2787+ 9E9D ~            dc_1		ld	hl,(cursor_w_curad)
2788+ 9E9D ~            		ld	b,cursor_len
2789+ 9E9D ~            dc_2		ld	(hl),a
2790+ 9E9D ~            		inc	hl
2791+ 9E9D ~            		djnz	dc_2
2792+ 9E9D ~            		xor	a			;A=0 to avoid artifical key press
2793+ 9E9D ~            		ret
2794+ 9E9D ~            */
2795+ 9E9D              ;------------------------------
2796+ 9E9D              	IFDEF	ELEMENT
2797+ 9E9D 10 46 45 61  TEXT1	dc	16,70,"EasyCF 1.0-eLeMeNtZX"
2797+ 9EA1 73 79 43 46
2797+ 9EA5 20 31 2E 30
2797+ 9EA9 2D 65 4C 65
2797+ 9EAD 4D 65 4E 74
2797+ 9EB1 5A D8
2798+ 9EB3              	ELSE
2799+ 9EB3 ~            TEXT1	dc	16,70,"EasyCF 1.0 - MB03+"
2800+ 9EB3              	ENDIF
2801+ 9EB3 10 03 7F 20  TEXT2	dc	16,3,127," MB03+ team 2026"
2801+ 9EB7 4D 42 30 33
2801+ 9EBB 2B 20 74 65
2801+ 9EBF 61 6D 20 32
2801+ 9EC3 30 32 B6
2802+ 9EC6 10 46 4D 41  TEXT3	dc	16,70,"MASTER CF:"
2802+ 9ECA 53 54 45 52
2802+ 9ECE 20 43 46 BA
2803+ 9ED2 10 46 4D 6F  TEXT4	dc	16,70,"Model:"
2803+ 9ED6 64 65 6C BA
2804+ 9EDA 10 46 46 69  TEXT5	dc	16,70,"Firmware:"
2804+ 9EDE 72 6D 77 61
2804+ 9EE2 72 65 BA
2805+ 9EE5 10 46 53 65  TEXT6	dc	16,70,"Serial number:"
2805+ 9EE9 72 69 61 6C
2805+ 9EED 20 6E 75 6D
2805+ 9EF1 62 65 72 BA
2806+ 9EF5 10 46 4C 42  TEXT7	dc	16,70,"LBA28-bit:     LBA48-bit:     DMA:"
2806+ 9EF9 41 32 38 2D
2806+ 9EFD 62 69 74 3A
2806+ 9F01 20 20 20 20
2806+ 9F05 20 4C 42 41
2806+ 9F09 34 38 2D 62
2806+ 9F0D 69 74 3A 20
2806+ 9F11 20 20 20 20
2806+ 9F15 44 4D 41 BA
2807+ 9F19              ;TEXT8	dc	16,70,"SLAVE DISK:"
2808+ 9F19 10 42 63 68  TEXT8	dc	16,66,"checking..."
2808+ 9F1D 65 63 6B 69
2808+ 9F21 6E 67 2E 2E
2808+ 9F25 AE
2809+ 9F26 54 6F 74 61  TEXT9	db	"Total LBA 48 bi"
2809+ 9F2A 6C 20 4C 42
2809+ 9F2E 41 20 34 38
2809+ 9F32 20 62 69
2810+ 9F35 74 20 73 65  	dc	"t sec.:"
2810+ 9F39 63 2E BA
2811+ 9F3C 53 74 61 72  TEXT10	db	"Start cloning ("
2811+ 9F40 74 20 63 6C
2811+ 9F44 6F 6E 69 6E
2811+ 9F48 67 20 28
2812+ 9F4B 31 2F 32 2F  	dc	"1/2/n)"
2812+ 9F4F 6E A9
2813+ 9F51 10 42 44 69  TEXT11	dc	16,66,"Disk time out"
2813+ 9F55 73 6B 20 74
2813+ 9F59 69 6D 65 20
2813+ 9F5D 6F 75 F4
2814+ 9F60 10 42 53 74  TEXT12	dc	16,66,"Status b0 error"
2814+ 9F64 61 74 75 73
2814+ 9F68 20 62 30 20
2814+ 9F6C 65 72 72 6F
2814+ 9F70 F2
2815+ 9F71 10 42 44 52  TEXT13	dc	16,66,"DRQ error      "
2815+ 9F75 51 20 65 72
2815+ 9F79 72 6F 72 20
2815+ 9F7D 20 20 20 20
2815+ 9F81 A0
2816+ 9F82 10 42 44 72  TEXT14	dc	16,66,"Drive not ready"
2816+ 9F86 69 76 65 20
2816+ 9F8A 6E 6F 74 20
2816+ 9F8E 72 65 61 64
2816+ 9F92 F9
2817+ 9F93 10 42 4F 74  TEXT15	dc	16,66,"Other error    "
2817+ 9F97 68 65 72 20
2817+ 9F9B 65 72 72 6F
2817+ 9F9F 72 20 20 20
2817+ 9FA3 A0
2818+ 9FA4 10 45 4F 4B  TEXT16	db	16,69,"OK             "
2818+ 9FA8 20 20 20 20
2818+ 9FAC 20 20 20 20
2818+ 9FB0 20 20 20 20
2818+ 9FB4 20
2819+ 9FB5 20 20 20 20  	dc	"     "
2819+ 9FB9 A0
2820+ 9FBA 10 46 44 4D  TEXT17	dc	16,70,"DMA Speed:"
2820+ 9FBE 41 20 53 70
2820+ 9FC2 65 65 64 BA
2821+ 9FC6 10 46 50 6F  TEXT18	db	16,70,"Port: "
2821+ 9FCA 72 74 3A 20
2822+ 9FCE 10 45        	db	16,69
2823+ 9FD0 33 D4        	dc	"3T"
2824+ 9FD2 10 46 4D 65  TEXT19	db	16,70,"Memory: "
2824+ 9FD6 6D 6F 72 79
2824+ 9FDA 3A 20
2825+ 9FDC 10 45        	db	16,69
2826+ 9FDE 33 D4        	dc	"3T"
2827+ 9FE0              ;/*
2828+ 9FE0              ;TEXT17	db	"Read errors:   "
2829+ 9FE0              ;	dc	"    "
2830+ 9FE0              ;TEXT18	db	"Write errors:  "
2831+ 9FE0              ;	dc	"   "
2832+ 9FE0              ;TEXT19	db	"Sector counter:"
2833+ 9FE0              ;	dc	"     "
2834+ 9FE0              ;TEXT20	db	"---------------"
2835+ 9FE0              ;	db	"---------------"
2836+ 9FE0              ;	dc	"----------"
2837+ 9FE0              ;TEXT21	db	"WARNING! "
2838+ 9FE0              ;	db	"Drives aren't i"
2839+ 9FE0              ;	dc	"dentical!!!"
2840+ 9FE0              ;TEXT22	db	"Drives are "
2841+ 9FE0              ;	dc	"idencial"
2842+ 9FE0              ;TEXT23	db	"Cloning complet"
2843+ 9FE0              ;	dc	"ed"
2844+ 9FE0              ;TEXT24	dc	"1. COUNTDOWN"
2845+ 9FE0              ;TEXT25	dc	"2. COUNTUP"
2846+ 9FE0              ;*/
2847+ 9FE0              TEXT_YES
2848+ 9FE0 10 45 59 65  	dc	16,69,"Yes"
2848+ 9FE4 F3
2849+ 9FE5 10 45 4E EF  TEXT_NO	dc	16,69,"No"
2850+ 9FE9              TEXT_CLR
2851+ 9FE9 20 20 20 20  	db	"               "
2851+ 9FED 20 20 20 20
2851+ 9FF1 20 20 20 20
2851+ 9FF5 20 20 20
2852+ 9FF8 20 20 20 20  	db	"               "
2852+ 9FFC 20 20 20 20
2852+ A000 20 20 20 20
2852+ A004 20 20 20
2853+ A007 20 20 20 20  	dc	"         "
2853+ A00B 20 20 20 20
2853+ A00F A0
2854+ A010
2855+ A010              ;TEXT100	dc	16,67,"Press a key to install to partition "
2856+ A010 10 43 49 6E  TEXT100		dc	16,67,"Installed to partition "
2856+ A014 73 74 61 6C
2856+ A018 6C 65 64 20
2856+ A01C 74 6F 20 70
2856+ A020 61 72 74 69
2856+ A024 74 69 6F 6E
2856+ A028 A0
2857+ A029 10 43 2C 20  TEXT_PRESS_KEY	dc	16,67,", press a key"
2857+ A02D 70 72 65 73
2857+ A031 73 20 61 20
2857+ A035 6B 65 F9
2858+ A038 10 43 52 75  TEXT_AUTOSYS	dc	16,67,"Running AUTOSYS..."
2858+ A03C 6E 6E 69 6E
2858+ A040 67 20 41 55
2858+ A044 54 4F 53 59
2858+ A048 53 2E 2E AE
2859+ A04C 10 43 41 55  TEXT_AUTOSYS_NOT_FOUND	dc	16,67,"AUTOSYS not found, press a key"
2859+ A050 54 4F 53 59
2859+ A054 53 20 6E 6F
2859+ A058 74 20 66 6F
2859+ A05C 75 6E 64 2C
2859+ A060 20 70 72 65
2859+ A064 73 73 20 61
2859+ A068 20 6B 65 F9
2860+ A06C              ;TEXT101	dc	16,70,"C/H/S:"
2861+ A06C              ;TEXT101	dc	"Permanent WP:      Temporal WP:"
2862+ A06C 10 46 43 61  TEXT102	db	16,70,"Capacity: "
2862+ A070 70 61 63 69
2862+ A074 74 79 3A 20
2863+ A078 10 45 20 20  	dc	16,69,"     MB"
2863+ A07C 20 20 20 4D
2863+ A080 C2
2864+ A081              TEXTPARSEC
2865+ A081              ;	db	16,70,"Par  1stParSec  1stDatSec 1stFile"
2866+ A081 10 46 50 61  	db	16,70,"Par  1stParSec 1st_MBDFile  1stDatSec"
2866+ A085 72 20 20 31
2866+ A089 73 74 50 61
2866+ A08D 72 53 65 63
2866+ A091 20 31 73 74
2866+ A095 5F 4D 42 44
2866+ A099 46 69 6C 65
2866+ A09D 20 20 31 73
2866+ A0A1 74 44 61 74
2866+ A0A5 53 65 63
2867+ A0A8 10 45 A0     	dc	16,69," "
2868+ A0AB
2869+ A0AB              ;TEXTDATASEC
2870+ A0AB              ;	db	16,70,"1st Data Sec.:"
2871+ A0AB              ;	dc	16,69," "
2872+ A0AB
2873+ A0AB 50 61 6E 61  Manufacturer1	dc	"Panasonic"
2873+ A0AF 73 6F 6E 69
2873+ A0B3 E3
2874+ A0B4 54 6F 73 68  Manufacturer2	dc	"Toshiba / Kioxia"
2874+ A0B8 69 62 61 20
2874+ A0BC 2F 20 4B 69
2874+ A0C0 6F 78 69 E1
2875+ A0C4 53 61 6E 44  Manufacturer3	dc	"SanDisk"
2875+ A0C8 69 73 EB
2876+ A0CB 53 61 6D 73  Manufacturer1b	dc	"Samsung"
2876+ A0CF 75 6E E7
2877+ A0D2 41 44 61 74  Manufacturer1d	dc	"AData"
2877+ A0D6 E1
2878+ A0D7 50 68 69 73  Manufacturer27	dc	"Phison"
2878+ A0DB 6F EE
2879+ A0DD 53 69 6C 69  Manufacturer31	dc	"Silicon Power"
2879+ A0E1 63 6F 6E 20
2879+ A0E5 50 6F 77 65
2879+ A0E9 F2
2880+ A0EA 54 72 61 6E  Manufacturer74	dc	"Transcend"
2880+ A0EE 73 63 65 6E
2880+ A0F2 E4
2881+ A0F3 4B 69 6E 67  Manufacturer9f	dc	"Kingston"
2881+ A0F7 73 74 6F EE
2882+ A0FB 4F 74 68 65  ManufacturerOther	dc	"Other"
2882+ A0FF F2
2883+ A100 AC           carka		dc	","
2884+ A101 AF           lomeno		dc	"/"
2885+ A102 20 C7        TEXT_GB		dc	" G"
2886+ A104 30 2E B0     REV_TEXT	db	"0.","0"+#80	; CID Product Revision, napr. #61 -> 6.1
2887+ A107 43 53 44 BA  TEXT_CSD	dc	"CSD:"
2888+ A10B 31 2E B0     TEXT_10		dc	"1.0"
2889+ A10E 32 2E B0     TEXT_20		dc	"2.0"
2890+ A111 50 61 72 74  TEXT_PART_TYPE	dc	"Partition type:"
2890+ A115 69 74 69 6F
2890+ A119 6E 20 74 79
2890+ A11D 70 65 BA
2891+ A120 10 45 46 31  TEXT_FAT16	dc	16,69,"F16"		; platna FAT partition vzdy cyan
2891+ A124 B6
2892+ A125 10 45 46 33  TEXT_FAT32	dc	16,69,"F32"		; platna FAT partition vzdy cyan
2892+ A129 B2
2893+ A12A 10 42 4E 54  TEXT_NTFS	dc	16,66,"NTFS"
2893+ A12E 46 D3
2894+ A130 10 42 65 78  TEXT_EXFAT	dc	16,66,"exFAT"
2894+ A134 46 41 D4
2895+ A137 10 42 4C 69  TEXT_LINUX	dc	16,66,"Linux"
2895+ A13B 6E 75 F8
2896+ A13E 10 42 4D 44  TEXT_MDOS3	dc	16,66,"MDOS3"
2896+ A142 4F 53 B3
2897+ A145 10 42 47 50  TEXT_GPT	dc	16,66,"GPT"
2897+ A149 D4
2898+ A14A 10 42 45 78  TEXT_EXTENDED	dc	16,66,"Extended"
2898+ A14E 74 65 6E 64
2898+ A152 65 E4
2899+ A154 10 42 4F 74  TEXT_OTHER	dc	16,66,"Other"		;muzeme si dovolit delsi text, bude na radku sam
2899+ A158 68 65 F2
2900+ A15B 10 45 53 46  TEXT_SFL16	dc	16,69,"SFl_F16"	; superfloppy FAT16 cyan
2900+ A15F 6C 5F 46 31
2900+ A163 B6
2901+ A164 10 45 53 46  TEXT_SFL32	dc	16,69,"SFl_F32"	; superfloppy FAT32 cyan
2901+ A168 6C 5F 46 33
2901+ A16C B2
2902+ A16D 10 42 4E 6F  TEXT_NODATA	dc	16,66,"No Data"
2902+ A171 20 44 61 74
2902+ A175 E1
2903+ A176 10 42 50 61  TEXT_PART_EMPTY	dc	16,66,"Partittion empty"
2903+ A17A 72 74 69 74
2903+ A17E 74 69 6F 6E
2903+ A182 20 65 6D 70
2903+ A186 74 F9
2904+ A188 10 42 4E 6F  TEXT_NO_VALID	dc	16,66,"No valid partition found, press a key"
2904+ A18C 20 76 61 6C
2904+ A190 69 64 20 70
2904+ A194 61 72 74 69
2904+ A198 74 69 6F 6E
2904+ A19C 20 66 6F 75
2904+ A1A0 6E 64 2C 20
2904+ A1A4 70 72 65 73
2904+ A1A8 73 20 61 20
2904+ A1AC 6B 65 F9
2905+ A1AF 10 42 50 61  TEXT_PART_NOUSE	dc	16,66,"Partition not usable, try again"
2905+ A1B3 72 74 69 74
2905+ A1B7 69 6F 6E 20
2905+ A1BB 6E 6F 74 20
2905+ A1BF 75 73 61 62
2905+ A1C3 6C 65 2C 20
2905+ A1C7 74 72 79 20
2905+ A1CB 61 67 61 69
2905+ A1CF EE
2906+ A1D0              ;TEXT_MAKE_SELEC	dc	16,67,"Make selection. Press <EDIT> to exit"
2907+ A1D0 10 43 50 72  TEXT_MAKE_SELEC	dc	16,67,"Press ENTER to select, EDIT to exit"
2907+ A1D4 65 73 73 20
2907+ A1D8 45 4E 54 45
2907+ A1DC 52 20 74 6F
2907+ A1E0 20 73 65 6C
2907+ A1E4 65 63 74 2C
2907+ A1E8 20 45 44 49
2907+ A1EC 54 20 74 6F
2907+ A1F0 20 65 78 69
2907+ A1F4 F4
2908+ A1F5              ;------------------------------
2909+ A1F5              ;------------------------------
2910+ A1F5              T_X	equ	0
2911+ A1F5              T_Y	equ	0
2912+ A1F5              T_XLEN	equ	31
2913+ A1F5              T_YLEN	equ	24
2914+ A1F5              T_ATTR1	equ	%01010110
2915+ A1F5              T_ATTR2	equ	%01000110
2916+ A1F5              T_ATTR3	equ	70
2917+ A1F5              ;------------------------------
2918+ A1F5              T_START
2919+ A1F5 06 01        T_ATTR	ld	b,T_Y+1
2920+ A1F7 11 20 00     	ld	de,32
2921+ A1FA 21 E0 57     	ld	hl,22528+T_X-32
2922+ A1FD 19           T_COL1	add	hl,de
2923+ A1FE 10 FD        	djnz	T_COL1
2924+ A200 01 1F 00     	ld	bc,T_XLEN
2925+ A203 54           	ld	d,h
2926+ A204 5D           	ld	e,l
2927+ A205 13           	inc	de
2928+ A206 36 56        	ld	(hl),T_ATTR1
2929+ A208 E5           	push	hl
2930+ A209 C5           	push	bc
2931+ A20A ED B0        	ldir
2932+ A20C C1           	pop	bc
2933+ A20D E1           	pop	hl
2934+ A20E 0B           	dec	bc
2935+ A20F 3E 18        	ld	a,T_YLEN
2936+ A211 3D           	dec	a
2937+ A212 11 20 00     	ld	de,32
2938+ A215 19           	add	hl,de
2939+ A216 E5           T_COL2	push	hl
2940+ A217 C5           	push	bc
2941+ A218 D5           	push	de
2942+ A219 36 46        	ld	(hl),T_ATTR2
2943+ A21B 54           	ld	d,h
2944+ A21C 5D           	ld	e,l
2945+ A21D 13           	inc	de
2946+ A21E ED B0        	ldir
2947+ A220 EB           	ex	de,hl
2948+ A221 36 56        	ld	(hl),T_ATTR1
2949+ A223 D1           	pop	de
2950+ A224 C1           	pop	bc
2951+ A225 E1           	pop	hl
2952+ A226 19           	add	hl,de
2953+ A227 3D           	dec	a
2954+ A228 20 EC        	jr	nz,T_COL2
2955+ A22A
2956+ A22A              T_CARY
2957+ A22A 06 00        	ld	b,T_Y
2958+ A22C 0E 00        	ld	c,T_X
2959+ A22E 21 93 A2     	ld	hl,T_HELP1
2960+ A231 C5           	push	bc
2961+ A232 CD 55 A2     	call	T_ONE
2962+ A235 C1           	pop	bc
2963+ A236 04           	inc	b
2964+ A237 21 96 A2     	ld	hl,T_HELP2
2965+ A23A C5           	push	bc
2966+ A23B CD 55 A2     	call	T_ONE
2967+ A23E C1           	pop	bc
2968+ A23F 04           	inc	b
2969+ A240 3E 18        	ld	a,T_YLEN
2970+ A242 D6 03        	sub	3
2971+ A244 21 99 A2     T_CAR1	ld	hl,T_HELP3
2972+ A247 C5           	push	bc
2973+ A248 F5           	push	af
2974+ A249 CD 55 A2     	call	T_ONE
2975+ A24C F1           	pop	af
2976+ A24D C1           	pop	bc
2977+ A24E 04           	inc	b
2978+ A24F 3D           	dec	a
2979+ A250 20 F2        	jr	nz,T_CAR1
2980+ A252 21 9C A2     	ld	hl,T_HELP4
2981+ A255
2982+ A255 7E           T_ONE	ld	a,(hl)
2983+ A256 E5           	push	hl
2984+ A257 C5           	push	bc
2985+ A258 CD 72 A2     	call	T_ZNAK
2986+ A25B C1           	pop	bc
2987+ A25C E1           	pop	hl
2988+ A25D 0C           	inc	c
2989+ A25E 23           	inc	hl
2990+ A25F 16 1E        	ld	d,T_XLEN-1
2991+ A261 5E           	ld	e,(hl)
2992+ A262 E5           	push	hl
2993+ A263 C5           T_CYKL	push	bc
2994+ A264 D5           	push	de
2995+ A265 7B           	ld	a,e
2996+ A266 CD 72 A2     	call	T_ZNAK
2997+ A269 D1           	pop	de
2998+ A26A C1           	pop	bc
2999+ A26B 0C           	inc	c
3000+ A26C 15           	dec	d
3001+ A26D 20 F4        	jr	nz,T_CYKL
3002+ A26F E1           	pop	hl
3003+ A270 23           	inc	hl
3004+ A271 7E           	ld	a,(hl)
3005+ A272
3006+ A272 26 00        T_ZNAK	ld	h,0
3007+ A274 6F           	ld	l,a
3008+ A275 11 9F A2     	ld	de,T_0
3009+ A278 29           	add	hl,hl
3010+ A279 29           	add	hl,hl
3011+ A27A 29           	add	hl,hl
3012+ A27B 19           	add	hl,de
3013+ A27C 78           	ld	a,b
3014+ A27D 0F           	rrca
3015+ A27E 0F           	rrca
3016+ A27F 0F           	rrca
3017+ A280 E6 E0        	and	#E0
3018+ A282 81           	add	a,c
3019+ A283 5F           	ld	e,a
3020+ A284 78           	ld	a,b
3021+ A285 E6 18        	and	#18
3022+ A287 F6 40        	or	#40
3023+ A289 57           	ld	d,a
3024+ A28A 06 08        	ld	b,8
3025+ A28C 7E           T_ZNA1	ld	a,(hl)
3026+ A28D 12           	ld	(de),a
3027+ A28E 23           	inc	hl
3028+ A28F 14           	inc	d
3029+ A290 10 FA        	djnz	T_ZNA1
3030+ A292 C9           	ret
3031+ A293
3032+ A293 00 01 02     T_HELP1	defb	0,1,2
3033+ A296 03 0A 06     T_HELP2	defb	3,10,6
3034+ A299 03 0A 04     T_HELP3	defb	3,10,4
3035+ A29C 05 09 07     T_HELP4	defb	5,9,7
3036+ A29F
3037+ A29F FF           T_0	defb	255
3038+ A2A0 81           	defb	129
3039+ A2A1 81           	defb	129
3040+ A2A2 BD           	defb	189
3041+ A2A3 BD           	defb	189
3042+ A2A4 81           	defb	129
3043+ A2A5 81           	defb	129
3044+ A2A6 FF           	defb	255
3045+ A2A7 FF           T_1	defb	255
3046+ A2A8 00           	defb	0
3047+ A2A9 00           	defb	0
3048+ A2AA 00           	defb	0
3049+ A2AB 00           	defb	0
3050+ A2AC 00           	defb	0
3051+ A2AD 00           	defb	0
3052+ A2AE FF           	defb	255
3053+ A2AF FF           T_2	defb	255
3054+ A2B0 81           	defb	129
3055+ A2B1 B9           	defb	%10111001
3056+ A2B2 B9           	defb	%10111001
3057+ A2B3 9D           	defb	%10011101
3058+ A2B4 9D           	defb	%10011101
3059+ A2B5 81           	defb	129
3060+ A2B6 FF           	defb	255
3061+ A2B7 80           T_3	defb	128
3062+ A2B8 80           	defb	128
3063+ A2B9 80           	defb	128
3064+ A2BA 80           	defb	128
3065+ A2BB 80           	defb	128
3066+ A2BC 80           	defb	128
3067+ A2BD 80           	defb	128
3068+ A2BE 80           	defb	128
3069+ A2BF 81           T_4	defb	129
3070+ A2C0 81           	defb	129
3071+ A2C1 81           	defb	129
3072+ A2C2 81           	defb	129
3073+ A2C3 81           	defb	129
3074+ A2C4 81           	defb	129
3075+ A2C5 81           	defb	129
3076+ A2C6 81           	defb	129
3077+ A2C7 80           T_5	defb	128
3078+ A2C8 80           	defb	128
3079+ A2C9 80           	defb	128
3080+ A2CA 80           	defb	128
3081+ A2CB 80           	defb	128
3082+ A2CC 80           	defb	128
3083+ A2CD 80           	defb	128
3084+ A2CE FF           	defb	255
3085+ A2CF FF           T_6	defb	255
3086+ A2D0 81           	defb	129
3087+ A2D1 99           	defb	153
3088+ A2D2 BD           	defb	189
3089+ A2D3 99           	defb	153
3090+ A2D4 99           	defb	153
3091+ A2D5 81           	defb	129
3092+ A2D6 FF           	defb	255
3093+ A2D7 FF           T_7	defb	255
3094+ A2D8 81           	defb	129
3095+ A2D9 99           	defb	153
3096+ A2DA 99           	defb	153
3097+ A2DB BD           	defb	189
3098+ A2DC 99           	defb	153
3099+ A2DD 81           	defb	129
3100+ A2DE FF           	defb	255
3101+ A2DF FF           T_8	defb	255
3102+ A2E0 81           	defb	129
3103+ A2E1 81           	defb	129
3104+ A2E2 99           	defb	153
3105+ A2E3 99           	defb	153
3106+ A2E4 81           	defb	129
3107+ A2E5 81           	defb	129
3108+ A2E6 FF           	defb	255
3109+ A2E7 00           T_9	defb	0
3110+ A2E8 00           	defb	0
3111+ A2E9 00           	defb	0
3112+ A2EA 00           	defb	0
3113+ A2EB 00           	defb	0
3114+ A2EC 00           	defb	0
3115+ A2ED 00           	defb	0
3116+ A2EE FF           	defb	255
3117+ A2EF 00           T_10	defb	0
3118+ A2F0 00           	defb	0
3119+ A2F1 00           	defb	0
3120+ A2F2 00           	defb	0
3121+ A2F3 00           	defb	0
3122+ A2F4 00           	defb	0
3123+ A2F5 00           	defb	0
3124+ A2F6 00           	defb	0
3125+ A2F7              ;------------------------------
3126+ A2F7              ;TISK CISLA BC-POZICE HL-HODNOT
3127+ A2F7              ;TISKNE CISLO TYPU INTEGER
3128+ A2F7              ;STAR-RUTINA TISKU 1 ZNAKU NA
3129+ A2F7              ;POZICI BC (0,0)
3130+ A2F7 11 F0 D8     NUMBER4	ld	de,-10000
3131+ A2FA CD 18 A3     	call	NUM_JED
3132+ A2FD 11 18 FC     NUMBER3	ld	de,-1000
3133+ A300 CD 18 A3     	call	NUM_JED
3134+ A303 11 9C FF     NUMBER2	ld	de,-100
3135+ A306 CD 18 A3     	call	NUM_JED
3136+ A309 11 F6 FF     NUMBER1	ld	de,-10
3137+ A30C CD 18 A3     	call	NUM_JED
3138+ A30F 7D           NUMBER0	ld	a,l
3139+ A310 C6 30        	add	a,48
3140+ A312 C5           	push	bc		;new
3141+ A313 CD 64 A3     	call	T42
3142+ A316 C1           	pop	bc
3143+ A317 C9           	ret
3144+ A318
3145+ A318 AF           NUM_JED	xor	a
3146+ A319              NUM_JED1
3147+ A319 19           	add	hl,de
3148+ A31A 30 03        	jr	nc,NUM_PRIC
3149+ A31C 3C           	inc	a
3150+ A31D 18 FA        	jr	NUM_JED1
3151+ A31F              NUM_PRIC
3152+ A31F ED 52        	sbc	hl,de
3153+ A321 C6 30        	add	a,48
3154+ A323 C5           	push	bc
3155+ A324 E5           	push	hl
3156+ A325 CD 64 A3     	call	T42
3157+ A328 E1           	pop	hl
3158+ A329 C1           	pop	bc
3159+ A32A 0C           	inc	c
3160+ A32B C9           	ret
3161+ A32C              ;/*
3162+ A32C              ;T42_TEXT ld	a,(hl)
3163+ A32C              ;	and	127
3164+ A32C              ;	push	hl
3165+ A32C              ;	push	bc
3166+ A32C              ;	call	T42
3167+ A32C              ;	pop	bc
3168+ A32C              ;	pop	hl
3169+ A32C              ;	inc	c
3170+ A32C              ;	ld	a,(hl)
3171+ A32C              ;	rla
3172+ A32C              ;	inc	hl
3173+ A32C              ;	jr	nc,T42_TEXT
3174+ A32C              ;	ret
3175+ A32C              ;*/
3176+ A32C              ;Tisk textu 42 znaku na radek
3177+ A32C              ;-umi tisknou v danych mezich urcenych promenymi t42_borb a t42_bore
3178+ A32C              ;-posledni znak ma nastaveny bit7
3179+ A32C              ;-podporuje enter 13
3180+ A32C              ;-umi tiskout i barvy dle promene t42_att; pokud je nula neobarvuje
3181+ A32C              ;-podporuje znemu barvy pres kod 16 nasledovany hodnotou attributu
3182+ A32C              T42_TEXT
3183+ A32C 7E           	ld	a,(hl)
3184+ A32D E6 7F        	and	127
3185+ A32F FE 0D        	cp	13
3186+ A331 28 19        	jr	z,T42_ZMEN
3187+ A333 FE 10        	cp	16
3188+ A335 28 23        	jr	z,T42_ZMENCOLOR
3189+ A337 E5           	push	hl
3190+ A338 C5           	push	bc
3191+ A339 CD 64 A3     	call	T42
3192+ A33C C1           	pop	bc
3193+ A33D E1           	pop	hl
3194+ A33E 3A 62 A3     	ld	a,(T42_BORE)
3195+ A341 3D           	dec	a
3196+ A342 B9           	cp	c
3197+ A343 38 07        	jr	c,T42_ZMEN
3198+ A345 0C           	inc	c
3199+ A346              T42_BACK
3200+ A346 7E           	ld	a,(hl)
3201+ A347 17           	rla
3202+ A348 D8           	ret	c
3203+ A349 23           	inc	hl
3204+ A34A 18 E0        	jr	T42_TEXT
3205+ A34C
3206+ A34C              T42_ZMEN
3207+ A34C 3A 61 A3     	ld	a,(T42_BORB)
3208+ A34F 4F           	ld	c,a
3209+ A350 04           	inc	b
3210+ A351 78           	ld	a,b
3211+ A352 FE 18        	cp	24
3212+ A354 38 F0        	jr	c,T42_BACK
3213+ A356 06 00        	ld	b,0
3214+ A358 18 EC        	jr	T42_BACK
3215+ A35A              T42_ZMENCOLOR
3216+ A35A 23           	inc	hl
3217+ A35B 7E           	ld	a,(hl)
3218+ A35C 32 63 A3     	ld	(T42_ATT),a
3219+ A35F 18 E5        	jr	T42_BACK
3220+ A361
3221+ A361              T42_BORB
3222+ A361 01           	defb	1
3223+ A362              T42_BORE
3224+ A362 29           	defb	41
3225+ A363 00           T42_ATT	defb	0
3226+ A364
3227+ A364              ;Tisk 42 znaku na radek
3228+ A364              ;pocatek vlevo nahore (0,0)
3229+ A364
3230+ A364 11 25 A3     T42	ld	de,T42_SADA-256
3231+ A367 26 00        	ld	h,0
3232+ A369 6F           	ld	l,a
3233+ A36A 29           	add	hl,hl
3234+ A36B 29           	add	hl,hl
3235+ A36C 29           	add	hl,hl
3236+ A36D 19           	add	hl,de
3237+ A36E 78           	ld	a,b
3238+ A36F 0F           	rrca
3239+ A370 0F           	rrca
3240+ A371 0F           	rrca
3241+ A372 E6 E0        	and	%11100000
3242+ A374 5F           	ld	e,a
3243+ A375 78           	ld	a,b
3244+ A376 E6 18        	and	%00011000
3245+ A378 F6 40        	or	%01000000
3246+ A37A 57           	ld	d,a
3247+ A37B 79           	ld	a,c
3248+ A37C E6 3C        	and	%00111100
3249+ A37E 0F           	rrca
3250+ A37F 0F           	rrca
3251+ A380 47           	ld	b,a
3252+ A381 79           	ld	a,c
3253+ A382 E6 3C        	and	%00111100
3254+ A384 90           	sub	b
3255+ A385 83           	add	a,e
3256+ A386 5F           	ld	e,a
3257+ A387 79           	ld	a,c
3258+ A388 E6 03        	and	%00000011
3259+ A38A 06 08        	ld	b,8
3260+ A38C 20 0B        	jr	nz,T42_T123
3261+ A38E 1A           T42_T0	ld	a,(de)
3262+ A38F E6 03        	and	%00000011
3263+ A391 B6           	or	(hl)
3264+ A392 12           	ld	(de),a
3265+ A393 14           	inc	d
3266+ A394 23           	inc	hl
3267+ A395 10 F7        	djnz	T42_T0
3268+ A397 18 68        	jr	T42_COLOR
3269+ A399              ;	ret
3270+ A399
3271+ A399              T42_T123
3272+ A399 FE 02        	cp	2
3273+ A39B 38 13        	jr	c,T42_T1
3274+ A39D 28 29        	jr	z,T42_T2
3275+ A39F 1C           T42_T3	inc	e
3276+ A3A0 1C           	inc	e
3277+ A3A1 1A           T42_T31	ld	a,(de)
3278+ A3A2 E6 C0        	and	%11000000
3279+ A3A4 4F           	ld	c,a
3280+ A3A5 7E           	ld	a,(hl)
3281+ A3A6 0F           	rrca
3282+ A3A7 0F           	rrca
3283+ A3A8 B1           	or	c
3284+ A3A9 12           	ld	(de),a
3285+ A3AA 14           	inc	d
3286+ A3AB 23           	inc	hl
3287+ A3AC 10 F3        	djnz	T42_T31
3288+ A3AE 18 51        	jr	T42_COLOR
3289+ A3B0
3290+ A3B0              ;	ret
3291+ A3B0
3292+ A3B0 AF           T42_T1	xor	a
3293+ A3B1 32 EE A3     	ld	(T42_P3),a
3294+ A3B4 32 EF A3     	ld	(T42_P4),a
3295+ A3B7 3E FC        	ld	a,%11111100
3296+ A3B9 32 E9 A3     	ld	(T42_P1+1),a
3297+ A3BC 2F           	cpl
3298+ A3BD CD E2 A3     	call	T42_P_A
3299+ A3C0 3E 0F        	ld	a,%00001111
3300+ A3C2 32 E9 A3     	ld	(T42_P1+1),a
3301+ A3C5 2F           	cpl
3302+ A3C6 18 18        	jr	T42_P_B
3303+ A3C8
3304+ A3C8 1C           T42_T2	inc	e
3305+ A3C9 3E 07        	ld	a,7
3306+ A3CB 32 EE A3     	ld	(T42_P3),a
3307+ A3CE 32 EF A3     	ld	(T42_P4),a
3308+ A3D1 3E F0        	ld	a,%11110000
3309+ A3D3 32 E9 A3     	ld	(T42_P1+1),a
3310+ A3D6 2F           	cpl
3311+ A3D7 CD E2 A3     	call	T42_P_A
3312+ A3DA 3E 3F        	ld	a,%00111111
3313+ A3DC 32 E9 A3     	ld	(T42_P1+1),a
3314+ A3DF 2F           	cpl
3315+ A3E0
3316+ A3E0 06 08        T42_P_B	ld	b,8
3317+ A3E2 32 F1 A3     T42_P_A	ld	(T42_P2+1),a
3318+ A3E5 E5           	push	hl
3319+ A3E6 D5           	push	de
3320+ A3E7 1A           T42_P0	ld	a,(de)
3321+ A3E8 E6 00        T42_P1	and	0
3322+ A3EA 4F           	ld	c,a
3323+ A3EB 7E           	ld	a,(hl)
3324+ A3EC 07           	rlca
3325+ A3ED 07           	rlca
3326+ A3EE 00           T42_P3	nop
3327+ A3EF 00           T42_P4	nop
3328+ A3F0 E6 00        T42_P2	and	0
3329+ A3F2 B1           	or	c
3330+ A3F3 12           	ld	(de),a
3331+ A3F4 14           	inc	d
3332+ A3F5 23           	inc	hl
3333+ A3F6 10 EF        	djnz	T42_P0
3334+ A3F8
3335+ A3F8 D5           	push	de
3336+ A3F9 CD 01 A4     	call	T42_COLOR
3337+ A3FC D1           	pop	de
3338+ A3FD              ; podpora barev
3339+ A3FD D1           	pop	de
3340+ A3FE E1           	pop	hl
3341+ A3FF 1C           	inc	e
3342+ A400
3343+ A400 C9           	ret
3344+ A401
3345+ A401              T42_COLOR
3346+ A401 3A 63 A3     	ld	a,(T42_ATT)
3347+ A404 B7           	or	a
3348+ A405 C8           	ret	z
3349+ A406              ; pokud je nula, tak se neobarvuje
3350+ A406 15           	dec	d
3351+ A407 7A           	ld	a,d
3352+ A408 0F           	rrca
3353+ A409 0F           	rrca
3354+ A40A 0F           	rrca
3355+ A40B E6 03        	and	3
3356+ A40D F6 58        	or	88
3357+ A40F 57           	ld	d,a
3358+ A410 3A 63 A3     	ld	a,(T42_ATT)
3359+ A413 12           	ld	(de),a
3360+ A414 C9           	ret
3361+ A415
3362+ A415 FC           	defb	%11111100
3363+ A416 84           	defb	%10000100
3364+ A417 84           	defb	%10000100
3365+ A418 84           	defb	%10000100
3366+ A419 84           	defb	%10000100
3367+ A41A 84           	defb	%10000100
3368+ A41B 84           	defb	%10000100
3369+ A41C FC           	defb	%11111100
3370+ A41D
3371+ A41D 00           	defb	%00000000
3372+ A41E 78           	defb	%01111000
3373+ A41F 78           	defb	%01111000
3374+ A420 78           	defb	%01111000
3375+ A421 78           	defb	%01111000
3376+ A422 78           	defb	%01111000
3377+ A423 78           	defb	%01111000
3378+ A424 00           	defb	%00000000
3379+ A425
3380+ A425              T42_SADA
3381+ A425 00 00 00 00  	defw	0,0,0,0
3381+ A429 00 00 00 00
3382+ A42D F8 88 50 50  	defw	35064,20560
3383+ A431 20 00 20 00  	defw	32,32,53456,0,0,0
3383+ A435 D0 D0 00 00
3383+ A439 00 00 00 00
3384+ A43D 50 F8 50 50  	defw	63568,20560,63568
3384+ A441 50 F8
3385+ A443 50 00 20 F8  	defw	80,63520,63648
3385+ A447 A0 F8
3386+ A449 28 F8 20 00  	defw	63528,32,51200
3386+ A44D 00 C8
3387+ A44F D8 30 60 D8  	defw	12504,55392,152
3387+ A453 98 00
3388+ A455 00 20 50 20  	defw	8192,8272,34896
3388+ A459 50 88
3389+ A45B 70 00 30 60  	defw	112,24624,0,0,0
3389+ A45F 00 00 00 00
3389+ A463 00 00
3390+ A465 30 60        	defw	24624
3391+ A467 60 60        	defw	24672
3392+ A469 60 60        	defw	24672
3393+ A46B 30 00        	defw	48
3394+ A46D 60 30        	defw	12384
3395+ A46F 30 30        	defw	12336
3396+ A471 30 30        	defw	12336
3397+ A473 60 00        	defw	96
3398+ A475 00 50        	defw	20480
3399+ A477 20 F8        	defw	63520
3400+ A479 20 50        	defw	20512
3401+ A47B 00 00        	defw	0
3402+ A47D 00 20        	defw	8192
3403+ A47F 20 F8        	defw	63520
3404+ A481 20 20        	defw	8224
3405+ A483 00 00        	defw	0
3406+ A485 00 00        	defw	0
3407+ A487 00 00        	defw	0
3408+ A489 00 30        	defw	12288
3409+ A48B 60 00        	defw	96
3410+ A48D 00 00        	defw	0
3411+ A48F 00 78        	defw	30720
3412+ A491 00 00        	defw	0
3413+ A493 00 00        	defw	0
3414+ A495 00 00        	defw	0
3415+ A497 00 00        	defw	0
3416+ A499 00 60        	defw	24576
3417+ A49B 60 00        	defw	96
3418+ A49D 00 08        	defw	2048
3419+ A49F 18 30        	defw	12312
3420+ A4A1 60 C0        	defw	49248
3421+ A4A3 80 00        	defw	128
3422+ A4A5 70 D8        	defw	55408
3423+ A4A7 E8 C8        	defw	51432
3424+ A4A9 C8 C8        	defw	51400
3425+ A4AB 70 00        	defw	112
3426+ A4AD 20 60        	defw	24608
3427+ A4AF E0 60        	defw	24800
3428+ A4B1 60 60        	defw	24672
3429+ A4B3 F0 00        	defw	240
3430+ A4B5 70 88        	defw	34928
3431+ A4B7 08 70        	defw	28680
3432+ A4B9 C0 C0        	defw	49344
3433+ A4BB F8 00        	defw	248
3434+ A4BD 70 C8        	defw	51312
3435+ A4BF 08 30        	defw	12296
3436+ A4C1 08 C8        	defw	51208
3437+ A4C3 70 00        	defw	112
3438+ A4C5 10 20        	defw	8208
3439+ A4C7 40 D0        	defw	53312
3440+ A4C9 F8 10        	defw	4344
3441+ A4CB 10 00        	defw	16
3442+ A4CD F8 C0        	defw	49400
3443+ A4CF C0 F0        	defw	61632
3444+ A4D1 08 C8        	defw	51208
3445+ A4D3 70 00        	defw	112
3446+ A4D5 70 C8        	defw	51312
3447+ A4D7 C0 F0        	defw	61632
3448+ A4D9 C8 C8        	defw	51400
3449+ A4DB 70 00        	defw	112
3450+ A4DD F8 18        	defw	6392
3451+ A4DF 18 30        	defw	12312
3452+ A4E1 60 C0        	defw	49248
3453+ A4E3 80 00        	defw	128
3454+ A4E5 70 C8        	defw	51312
3455+ A4E7 C8 70        	defw	28872
3456+ A4E9 C8 C8        	defw	51400
3457+ A4EB 70 00        	defw	112
3458+ A4ED 70 C8        	defw	51312
3459+ A4EF C8 78        	defw	30920
3460+ A4F1 08 C8        	defw	51208
3461+ A4F3 70 00        	defw	112
3462+ A4F5 00 00        	defw	0
3463+ A4F7 60 00        	defw	96
3464+ A4F9 00 60        	defw	24576
3465+ A4FB 00 00        	defw	0
3466+ A4FD 00 00        	defw	0
3467+ A4FF 30 00        	defw	48
3468+ A501 00 30        	defw	12288
3469+ A503 60 00        	defw	96
3470+ A505 00 18        	defw	6144
3471+ A507 30 60        	defw	24624
3472+ A509 30 18        	defw	6192
3473+ A50B 00 00        	defw	0
3474+ A50D 00 00        	defw	0
3475+ A50F 78 00        	defw	120
3476+ A511 78 00        	defw	120
3477+ A513 00 00        	defw	0
3478+ A515 00 60        	defw	24576
3479+ A517 30 18        	defw	6192
3480+ A519 30 60        	defw	24624
3481+ A51B 00 00        	defw	0
3482+ A51D 70 D8        	defw	55408
3483+ A51F 18 30        	defw	12312
3484+ A521 20 00        	defw	32
3485+ A523 20 00        	defw	32
3486+ A525 70 88        	defw	34928
3487+ A527 A8 D8        	defw	55464
3488+ A529 B0 80        	defw	32944
3489+ A52B 70 00        	defw	112
3490+ A52D 70 C8        	defw	51312
3491+ A52F C8 F8        	defw	63688
3492+ A531 C8 C8        	defw	51400
3493+ A533 C8 00        	defw	200
3494+ A535 F0 C8        	defw	51440
3495+ A537 C8 F0        	defw	61640
3496+ A539 C8 C8        	defw	51400
3497+ A53B F0 00        	defw	240
3498+ A53D 70 C8        	defw	51312
3499+ A53F C0 C0        	defw	49344
3500+ A541 C0 C8        	defw	51392
3501+ A543 70 00        	defw	112
3502+ A545 F0 C8        	defw	51440
3503+ A547 C8 C8        	defw	51400
3504+ A549 C8 C8        	defw	51400
3505+ A54B F0 00        	defw	240
3506+ A54D F8 C0        	defw	49400
3507+ A54F C0 F0        	defw	61632
3508+ A551 C0 C0        	defw	49344
3509+ A553 F8 00        	defw	248
3510+ A555 F8 C0        	defw	49400
3511+ A557 C0 F0        	defw	61632
3512+ A559 C0 C0        	defw	49344
3513+ A55B C0 00        	defw	192
3514+ A55D 70 C8        	defw	51312
3515+ A55F C0 D8        	defw	55488
3516+ A561 C8 C8        	defw	51400
3517+ A563 70 00        	defw	112
3518+ A565 C8 C8        	defw	51400
3519+ A567 C8 F8        	defw	63688
3520+ A569 C8 C8        	defw	51400
3521+ A56B C8 00        	defw	200
3522+ A56D F8 60        	defw	24824
3523+ A56F 60 60        	defw	24672
3524+ A571 60 60        	defw	24672
3525+ A573 F8 00        	defw	248
3526+ A575 08 08        	defw	2056
3527+ A577 08 08        	defw	2056
3528+ A579 C8 C8        	defw	51400
3529+ A57B 70 00        	defw	112
3530+ A57D C8 C8        	defw	51400
3531+ A57F D0 E0        	defw	57552
3532+ A581 D0 C8        	defw	51408
3533+ A583 C8 00        	defw	200
3534+ A585 C0 C0        	defw	49344
3535+ A587 C0 C0        	defw	49344
3536+ A589 C0 C0        	defw	49344
3537+ A58B F8 00        	defw	248
3538+ A58D 88 D8        	defw	55432
3539+ A58F E8 C8        	defw	51432
3540+ A591 C8 C8        	defw	51400
3541+ A593 C8 00        	defw	200
3542+ A595 C8 C8        	defw	51400
3543+ A597 C8 E8        	defw	59592
3544+ A599 D8 C8        	defw	51416
3545+ A59B C8 00        	defw	200
3546+ A59D 70 C8        	defw	51312
3547+ A59F C8 C8        	defw	51400
3548+ A5A1 C8 C8        	defw	51400
3549+ A5A3 70 00        	defw	112
3550+ A5A5 F0 C8        	defw	51440
3551+ A5A7 C8 F0        	defw	61640
3552+ A5A9 C0 C0        	defw	49344
3553+ A5AB C0 00        	defw	192
3554+ A5AD 70 C8        	defw	51312
3555+ A5AF C8 C8        	defw	51400
3556+ A5B1 E8 D8        	defw	55528
3557+ A5B3 78 00        	defw	120
3558+ A5B5 F0 C8        	defw	51440
3559+ A5B7 C8 F0        	defw	61640
3560+ A5B9 D0 C8        	defw	51408
3561+ A5BB C8 00        	defw	200
3562+ A5BD 70 C8        	defw	51312
3563+ A5BF C0 70        	defw	28864
3564+ A5C1 08 C8        	defw	51208
3565+ A5C3 70 00        	defw	112
3566+ A5C5 F8 60        	defw	24824
3567+ A5C7 60 60        	defw	24672
3568+ A5C9 60 60        	defw	24672
3569+ A5CB 60 00        	defw	96
3570+ A5CD C8 C8        	defw	51400
3571+ A5CF C8 C8        	defw	51400
3572+ A5D1 C8 C8        	defw	51400
3573+ A5D3 70 00        	defw	112
3574+ A5D5 C8 C8        	defw	51400
3575+ A5D7 C8 C8        	defw	51400
3576+ A5D9 C8 50        	defw	20680
3577+ A5DB 20 00        	defw	32
3578+ A5DD C8 C8        	defw	51400
3579+ A5DF C8 C8        	defw	51400
3580+ A5E1 C8 E8        	defw	59592
3581+ A5E3 50 00        	defw	80
3582+ A5E5 88 D8        	defw	55432
3583+ A5E7 70 60        	defw	24688
3584+ A5E9 70 D8        	defw	55408
3585+ A5EB 88 00        	defw	136
3586+ A5ED 88 D0        	defw	53384
3587+ A5EF 60 60        	defw	24672
3588+ A5F1 60 60        	defw	24672
3589+ A5F3 60 00        	defw	96
3590+ A5F5 F8 18        	defw	6392
3591+ A5F7 30 60        	defw	24624
3592+ A5F9 C0 C0        	defw	49344
3593+ A5FB F8 00        	defw	248
3594+ A5FD 78 60        	defw	24696
3595+ A5FF 60 60        	defw	24672
3596+ A601 60 60        	defw	24672
3597+ A603 78 00        	defw	120
3598+ A605 00 80        	defw	32768
3599+ A607 C0 60        	defw	24768
3600+ A609 30 18        	defw	6192
3601+ A60B 08 00        	defw	8
3602+ A60D 78 18        	defw	6264
3603+ A60F 18 18        	defw	6168
3604+ A611 18 18        	defw	6168
3605+ A613 78 00        	defw	120
3606+ A615 20 70        	defw	28704
3607+ A617 A8 20        	defw	8360
3608+ A619 20 20        	defw	8224
3609+ A61B 20 00        	defw	32
3610+ A61D 00 00        	defw	0
3611+ A61F 00 00        	defw	0
3612+ A621 00 00        	defw	0
3613+ A623 FC 00        	defw	252
3614+ A625 30 48        	defw	18480
3615+ A627 48 E0        	defw	57416
3616+ A629 40 40        	defw	16448
3617+ A62B F8 00        	defw	248
3618+ A62D 00 00        	defw	0
3619+ A62F 70 08        	defw	2160
3620+ A631 78 C8        	defw	51320
3621+ A633 78 00        	defw	120
3622+ A635 00 C0        	defw	49152
3623+ A637 C0 F0        	defw	61632
3624+ A639 C8 C8        	defw	51400
3625+ A63B F0 00        	defw	240
3626+ A63D 00 00        	defw	0
3627+ A63F 70 C0        	defw	49264
3628+ A641 C0 C0        	defw	49344
3629+ A643 70 00        	defw	112
3630+ A645 00 08        	defw	2048
3631+ A647 08 78        	defw	30728
3632+ A649 C8 C8        	defw	51400
3633+ A64B 78 00        	defw	120
3634+ A64D 00 00        	defw	0
3635+ A64F 70 C8        	defw	51312
3636+ A651 F0 C0        	defw	49392
3637+ A653 78 00        	defw	120
3638+ A655 00 38        	defw	14336
3639+ A657 60 70        	defw	28768
3640+ A659 60 60        	defw	24672
3641+ A65B 60 00        	defw	96
3642+ A65D 00 00        	defw	0
3643+ A65F 78 C8        	defw	51320
3644+ A661 C8 78        	defw	30920
3645+ A663 08 70        	defw	28680
3646+ A665 00 C0        	defw	49152
3647+ A667 C0 F0        	defw	61632
3648+ A669 C8 C8        	defw	51400
3649+ A66B C8 00        	defw	200
3650+ A66D 00 60        	defw	24576
3651+ A66F 00 E0        	defw	57344
3652+ A671 60 60        	defw	24672
3653+ A673 F0 00        	defw	240
3654+ A675 00 30        	defw	12288
3655+ A677 00 30        	defw	12288
3656+ A679 30 30        	defw	12336
3657+ A67B B0 60        	defw	24752
3658+ A67D 00 C0        	defw	49152
3659+ A67F D0 E0        	defw	57552
3660+ A681 E0 D0        	defw	53472
3661+ A683 C8 00        	defw	200
3662+ A685 00 60        	defw	24576
3663+ A687 60 60        	defw	24672
3664+ A689 60 60        	defw	24672
3665+ A68B 38 00        	defw	56
3666+ A68D 00 00        	defw	0
3667+ A68F D0 E8        	defw	59600
3668+ A691 E8 E8        	defw	59624
3669+ A693 E8 00        	defw	232
3670+ A695 00 00        	defw	0
3671+ A697 F0 C8        	defw	51440
3672+ A699 C8 C8        	defw	51400
3673+ A69B C8 00        	defw	200
3674+ A69D 00 00        	defw	0
3675+ A69F 70 C8        	defw	51312
3676+ A6A1 C8 C8        	defw	51400
3677+ A6A3 70 00        	defw	112
3678+ A6A5 00 00        	defw	0
3679+ A6A7 F0 C8        	defw	51440
3680+ A6A9 C8 F0        	defw	61640
3681+ A6AB C0 C0        	defw	49344
3682+ A6AD 00 00        	defw	0
3683+ A6AF 78 C8        	defw	51320
3684+ A6B1 C8 78        	defw	30920
3685+ A6B3 18 18        	defw	6168
3686+ A6B5 00 00        	defw	0
3687+ A6B7 78 C0        	defw	49272
3688+ A6B9 C0 C0        	defw	49344
3689+ A6BB C0 00        	defw	192
3690+ A6BD 00 00        	defw	0
3691+ A6BF 70 C0        	defw	49264
3692+ A6C1 70 08        	defw	2160
3693+ A6C3 F0 00        	defw	240
3694+ A6C5 00 60        	defw	24576
3695+ A6C7 70 60        	defw	24688
3696+ A6C9 60 60        	defw	24672
3697+ A6CB 38 00        	defw	56
3698+ A6CD 00 00        	defw	0
3699+ A6CF C8 C8        	defw	51400
3700+ A6D1 C8 C8        	defw	51400
3701+ A6D3 70 00        	defw	112
3702+ A6D5 00 00        	defw	0
3703+ A6D7 C8 C8        	defw	51400
3704+ A6D9 70 70        	defw	28784
3705+ A6DB 20 00        	defw	32
3706+ A6DD 00 00        	defw	0
3707+ A6DF C8 E8        	defw	59592
3708+ A6E1 E8 E8        	defw	59624
3709+ A6E3 50 00        	defw	80
3710+ A6E5 00 00        	defw	0
3711+ A6E7 88 D8        	defw	55432
3712+ A6E9 70 D8        	defw	55408
3713+ A6EB 88 00        	defw	136
3714+ A6ED 00 00        	defw	0
3715+ A6EF C8 C8        	defw	51400
3716+ A6F1 C8 78        	defw	30920
3717+ A6F3 08 70        	defw	28680
3718+ A6F5 00 00        	defw	0
3719+ A6F7 F8 30        	defw	12536
3720+ A6F9 60 C0        	defw	49248
3721+ A6FB F8 00        	defw	248
3722+ A6FD 78 60        	defw	24696
3723+ A6FF 60 C0        	defw	49248
3724+ A701 60 60        	defw	24672
3725+ A703 78 00        	defw	120
3726+ A705 60 60        	defw	24672
3727+ A707 60 60        	defw	24672
3728+ A709 60 60        	defw	24672
3729+ A70B 60 00        	defw	96
3730+ A70D F0 30        	defw	12528
3731+ A70F 30 18        	defw	6192
3732+ A711 30 30        	defw	12336
3733+ A713 F0 00        	defw	240
3734+ A715 34 68        	defw	26676
3735+ A717 00 00        	defw	0
3736+ A719 00 00        	defw	0
3737+ A71B 00 00        	defw	0
3738+ A71D 70 88        	defw	34928
3739+ A71F A8 C8        	defw	51368
3740+ A721 A8 88        	defw	34984
3741+ A723 70 00        	defw	112
3742+ A725
3743+ A725 CD 2F A7     ANYKEY	call	KEYSCAN
3744+ A728 28 FB        	jr	z,ANYKEY
3745+ A72A C9           	ret
3746+ A72B
3747+ A72B              	include	inkey.a80
# file opened: inkey.a80
   1++A72B              ;/* update 21:18 2.10.2016
   2++A72B              ;
   3++A72B              ;Busy's inkey routine taken from MRS
   4++A72B              ;
   5++A72B              ;
   6++A72B              ;"# inkey 03"
   7++A72B              ;Rutina INKEY na zacitanie prave stlacenej klavesy
   8++A72B              ;...pracuje presne tak ako funkcia INKEY$ v basicu
   9++A72B              ;Vracia:ASCII-kod prave stlacenej klavesy v registri A
  10++A72B              ;ak nie je nic stlacene tak vrati nulu
  11++A72B              ;prizrak ZERO sa nastavi podla nulovosti registra A
  12++A72B              ;*/
  13++A72B
  14++A72B 00           lastkey     db 0
  15++A72C 00           otherkey    db 0
  16++A72D 00           keysound    db 0
  17++A72E 00           BORDER      db 0
  18++A72F
  19++A72F              ;pro volani klavesnice pouzivame call KEYSCAN
  20++A72F              KEYSCAN
  21++A72F              return_key			;first press, returns NZ, next presses Z, no return if no key pressed
  22++A72F
  23++A72F CD 8A A7     keyboard	call inkey	;Busy's MRS solution- the best:))
  24++A732 B7           		or a
  25++A733 20 04        		jr nz,keyb1
  26++A735 32 2B A7     		ld (lastkey),a
  27++A738 C9           		ret		;if no key pressed, RETurn with A=0 and Z flag
  28++A739              ;		jr keyboard
  29++A739 ~            /*alternativa, zpomaleni klavesnice pro rychlejsi CPU
  30++A739 ~            keyb1		ei
  31++A739 ~            		halt
  32++A739 ~            		halt
  33++A739 ~            		di
  34++A739 ~            key_cont	ld c,a
  35++A739 ~            */
  36++A739 01 00 04     keyb1		ld bc,$400
  37++A73C
  38++A73C
  39++A73C 0D           keyb2		dec c
  40++A73D 20 FD        		jr nz,keyb2
  41++A73F 10 FB        		djnz keyb2
  42++A741 4F           		ld c,a
  43++A742 CD 8A A7     		call inkey
  44++A745 B9           		cp c
  45++A746 20 E7        		jr nz,keyboard
  46++A748 3A 2B A7     		ld a,(lastkey)
  47++A74B B9           		cp c
  48++A74C 28 04        		jr z,keyb3
  49++A74E 3E 80        		ld a,$80
  50++A750 18 12        		jr keyb4
  51++A752 3A 2C A7     keyb3		ld a,(otherkey)
  52++A755 47           		ld b,a
  53++A756 AF           keyb7		xor a
  54++A757 3D           keyb5		dec a
  55++A758 20 FD        		jr nz,keyb5
  56++A75A CD 8A A7     		call inkey
  57++A75D B9           		cp c
  58++A75E 20 CF        		jr nz,keyboard
  59++A760 10 F4        		djnz keyb7
  60++A762 3E 01        		ld a,1
  61++A764 32 2C A7     keyb4		ld (otherkey),a
  62++A767 79           		ld a,c
  63++A768 32 2B A7     		ld (lastkey),a
  64++A76B F5           beep		push af
  65++A76C              ;		or a			;tento or je pro rutinu MRS dulezity, jinak rutina kvici
  66++A76C CD 71 A7     		call beepk		;beep
  67++A76F F1           		pop af
  68++A770 C9           		ret		;end of Busy's solution
  69++A771
  70++A771 3A 2D A7     beepk		ld a,(keysound)		;Busyho nahradni rutina,kratsi
  71++A774 B7           		or a
  72++A775 C0           		ret nz
  73++A776 3A 2E A7     		ld a,(BORDER)
  74++A779 AF           		xor	a		;black border
  75++A77A 5F           		ld e,a
  76++A77B 06 10        		ld b,$10
  77++A77D 80           		add a,b
  78++A77E              ;		ld a,$10+border
  79++A77E D3 FE        		out ($fe),a
  80++A780 06 1C        		ld b,$1c
  81++A782 10 FE        beepk1		djnz beepk1
  82++A784 3E 08        		ld a,$08
  83++A786 83           		add a,e
  84++A787              ;		ld a,$08+border
  85++A787 D3 FE        		out ($fe),a
  86++A789 C9           		ret
  87++A78A
  88++A78A
  89++A78A
  90++A78A
  91++A78A              za
  92++A78A E5           inkey	push hl                  ;Odlozenie
  93++A78B D5           	push de                  ;povodneho
  94++A78C C5           	push bc                  ;obsahu registrov
  95++A78D 01 FE 7F     	ld   bc,$7ffe            ;adresa portu prvej polrady
  96++A790 26 00        	ld   h,$00               ;h=pocitadlo klaves
  97++A792 54           	ld   d,h                 ;d,e=pomocny buffer pre
  98++A793 5C           	ld   e,h                 ;dve stlacene klavesy
  99++A794 2E 05        ii1	ld   l,$05               ;v kazdej polrade je 5 klaves
 100++A796 ED 78        	in   a,(c)               ;nacitanie polrady klavesnice
 101++A798 24           ii2	inc  h                   ;pre kazdy test sa pripocita +1
 102++A799 0F           	rrca                     ;test jednej klavesy z polrady
 103++A79A 38 02        	jr   c,ii3               ;nestlacena - skok
 104++A79C 53           	ld   d,e                 ;stlacena: zapise sa do pomocneho
 105++A79D 5C           	ld   e,h                 ;buffera (tvoreneho registrom de)
 106++A79E 2D           ii3	dec  l                   ;A toto vsetko opakuj
 107++A79F 20 F7        	jr   nz,ii2              ;pre vsetky klavesy z polrady
 108++A7A1 CB 08        	rrc  b                   ;A toto vsetko opakuj
 109++A7A3 38 EF        	jr   c,ii1               ;pre vsetky polrady klavesnice
 110++A7A5 7B           	ld   a,e                 ;\
 111++A7A6
 112++A7A6 FE 24        	cp   $24                 ;Prehodenie poradia klaves tak
 113++A7A8 20 03        	jr   nz,ii5              ;aby shifty boli v registri D
 114++A7AA 5A           	ld   e,d                 ;a vyznamne klavesy v E
 115++A7AB 16 24        	ld   d,$24               ; |
 116++A7AD FE 02        ii5	cp   $02                 ; |
 117++A7AF 20 03        	jr   nz,ii6              ; |
 118++A7B1 5A           	ld   e,d                 ; |
 119++A7B2 16 02        	ld   d,$02               ;/
 120++A7B4 21 D6 A7     ii6	ld   hl,iinn             ;Z tabulky pre neshiftove
 121++A7B7 AF           	xor  a                   ;klavesy sa bude citat
 122++A7B8 AA           	xor  d                   ;ak nebol stlaceny ziadny shift
 123++A7B9 28 12        	jr   z,ii7               ;- vtedy skoc
 124++A7BB 21 28 A8     	ld   hl,iiss             ;Ak bol stlaceny symbol shift
 125++A7BE FE 02        	cp   $02                 ;tak sa bude citat z tejto
 126++A7C0 28 0B        	jr   z,ii7               ;tabulky - vtedy skoc
 127++A7C2 21 FF A7     	ld   hl,iics             ;A na koniec je tu tabulka
 128++A7C5 FE 24        	cp   $24                 ;pre caps shift
 129++A7C7 28 04        	jr   z,ii7               ;- vtedy skoc
 130++A7C9 3E 01        	ld   a,$01               ;Ak su stlacene dve vyznamne
 131++A7CB 18 04        	jr   ii8                 ;klavesy - vtedy sa vrati kod #01
 132++A7CD 16 00        ii7	ld   d,$00               ;Prekodovanie kodovania klaves
 133++A7CF 19           	add  hl,de               ;podla pocitadla na kod ASCII
 134++A7D0 7E           	ld   a,(hl)              ;Ak nie je nic stlacene,
 135++A7D1 A7           ii8	and  a                   ;bude a=#00 a teda aj zero.
 136++A7D2 C1           	pop  bc                  ;Obnovenie
 137++A7D3 D1           	pop  de                  ;povodneho
 138++A7D4 E1           	pop  hl                  ;obsahu registrov
 139++A7D5 C9           	ret                      ;a koniec rutinky.
 140++A7D6
 141++A7D6 00 20 1C 6D  iinn	db   $00," ",$1c,"mnb"   ;Tabulka klaves
 141++A7DA 6E 62
 142++A7DC 0D 6C 6B 6A          db   13,"lkjh"           ;pre neshiftove klavesy
 142++A7E0 68
 143++A7E1 70 6F 69 75          db   "poiuy"
 143++A7E5 79
 144++A7E6 30 39 38 37          db   "09876"
 144++A7EA 36
 145++A7EB 31 32 33 34          db   "12345"
 145++A7EF 35
 146++A7F0 71 77 65 72          db   "qwert"
 146++A7F4 74
 147++A7F5 61 73 64 66          db   "asdfg"
 147++A7F9 67
 148++A7FA 00 7A 78 63          db   $00,"zxcv"
 148++A7FE 76
 149++A7FF 00 01 0E 4D  iics	db   $00,1,$0e,"MNB"   ;Tabulka klaves
 149++A803 4E 42
 150++A805 02 4C 4B 4A          db   $02,"LKJH"          ;pre caps shift
 150++A809 48
 151++A80A 50 4F 49 55          db   "POIUY"
 151++A80E 59
 152++A80F 0C 0F 09 0B          db   $0c,$0f,$09,$0b,$0a
 152++A813 0A
 153++A814 07 06 04 05          db   $07,$06,$04,$05,$08
 153++A818 08
 154++A819 51 57 45 52          db   "QWERT"
 154++A81D 54
 155++A81E 41 53 44 46          db   "ASDFG"
 155++A822 47
 156++A823 1F 5A 58 43          db   $1f,"ZXCV"
 156++A827 56
 157++A828              ;Tabulka klaves pre symbol shift, bohuzel pro MBC nutno prekopat
 158++A828 00 10 1E 2E  iiss	db   $00,$10,$1e,".,*"  ;SPC,SS,mnb
 158++A82C 2C 2A
 159++A82E 03 3D 2B 2D          db   $03,"=+-^"         ;ENT,lkjh
 159++A832 5E
 160++A833 22 3B 7F 5D  	db   $22,";]["		;poiuy
 160++A837 5B
 161++A838 5F 29 28 27          db   "_)(","'","&"	;09876
 161++A83C 26
 162++A83D 21 40 23 24  	db   "!@#$%"		;12345
 162++A841 25
 163++A842 C7 13 14 3C  	db   199,$13,$14,"<>"	;qwert	    misto 199 bylo #12
 163++A846 3E
 164++A847 7E 7C 5C 7B          db   "~|",$5C,$7B,$7D	;asdfg	    \{}
 164++A84B 7D
 165++A84C 1D 3A 60 3F          db   $1d,":`?/"		;CS,zxcv
 165++A850 2F
 166++A851              ko
 167++A851              le      =    ko-za
 168++A851
# file closed: inkey.a80
3748+ A851
3749+ A851 ~            /*LMNho rutinu davame pryc, neumi autorepeat, bude nahrazena tou od Busyho
3750+ A851 ~            ;------------------------------
3751+ A851 ~            ANYKEY	call	IINKEY
3752+ A851 ~            	jr	z,ANYKEY
3753+ A851 ~            	push	af
3754+ A851 ~            ANYKEY_0
3755+ A851 ~            	call	IINKEY
3756+ A851 ~            	jr	nz,ANYKEY_0
3757+ A851 ~            	pop	af
3758+ A851 ~            	ret
3759+ A851 ~            ;------------------------------
3760+ A851 ~            IINKEY	push	hl
3761+ A851 ~            	push	de
3762+ A851 ~            	push	bc
3763+ A851 ~            	ld	bc,#7FFE
3764+ A851 ~            	ld	h,0
3765+ A851 ~            	ld	d,h
3766+ A851 ~            	ld	e,h
3767+ A851 ~            II1	ld	l,5
3768+ A851 ~            	in	a,(c)
3769+ A851 ~            II2	inc	h
3770+ A851 ~            	rrca
3771+ A851 ~            	jr	c,II3
3772+ A851 ~            	ld	d,e
3773+ A851 ~            	ld	e,h
3774+ A851 ~            II3	dec	l
3775+ A851 ~            	jr	nz,II2
3776+ A851 ~            	rrc	b
3777+ A851 ~            	jr	c,II1
3778+ A851 ~            	ld	a,e
3779+ A851 ~            	cp	#24
3780+ A851 ~            	jr	nz,II5
3781+ A851 ~            	ld	e,d
3782+ A851 ~            	ld	d,#24
3783+ A851 ~            II5	cp	2
3784+ A851 ~            	jr	nz,II6
3785+ A851 ~            	ld	e,d
3786+ A851 ~            	ld	d,2
3787+ A851 ~            II6	ld	hl,IINN
3788+ A851 ~            	xor	a
3789+ A851 ~            	xor	d
3790+ A851 ~            	jr	z,II7
3791+ A851 ~            	ld	hl,IISS
3792+ A851 ~            	cp	2
3793+ A851 ~            	jr	z,II7
3794+ A851 ~            	ld	hl,IICS
3795+ A851 ~            	cp	#24
3796+ A851 ~            	jr	z,II7
3797+ A851 ~            	ld	a,1
3798+ A851 ~            	jr	II8
3799+ A851 ~
3800+ A851 ~            II7	ld	d,0
3801+ A851 ~            	add	hl,de
3802+ A851 ~            	ld	a,(hl)
3803+ A851 ~            II8	and	a
3804+ A851 ~            	pop	bc
3805+ A851 ~            	pop	de
3806+ A851 ~            	pop	hl
3807+ A851 ~            	ret
3808+ A851 ~
3809+ A851 ~            IINN	defb	0," ",#1C
3810+ A851 ~            	defb	"mnb"
3811+ A851 ~            	defb	13
3812+ A851 ~            	defb	"lkjh"
3813+ A851 ~            	defb	"poiuy"
3814+ A851 ~            	defb	"09876"
3815+ A851 ~            	defb	"12345"
3816+ A851 ~            	defb	"qwert"
3817+ A851 ~            	defb	"asdfg"
3818+ A851 ~            	defb	0
3819+ A851 ~            	defb	"zxcv"
3820+ A851 ~
3821+ A851 ~            IICS	defb	0,#11,#0E
3822+ A851 ~            	defb	"MNB"
3823+ A851 ~            	defb	2
3824+ A851 ~            	defb	"LKJH"
3825+ A851 ~            	defb	"POIUY"
3826+ A851 ~            	defb	#0C,#0F,9,#0B,#0A
3827+ A851 ~            	defb	7,6,4,5,8
3828+ A851 ~            	defb	"QWERT"
3829+ A851 ~            	defb	"ASDFG"
3830+ A851 ~            	defb	#1F
3831+ A851 ~            	defb	"ZXCV"
3832+ A851 ~
3833+ A851 ~            IISS	defb	0,16,#1E
3834+ A851 ~            	defb	".,*"
3835+ A851 ~            	defb	3
3836+ A851 ~            	defb	"=+-^"
3837+ A851 ~            	defb	34 ;"
3838+ A851 ~            	defb	";}{"
3839+ A851 ~            	defb	"_)('&"
3840+ A851 ~            	defb	"!@#$%"
3841+ A851 ~            	defb	#12,#13,#14
3842+ A851 ~            	defb	"<>"
3843+ A851 ~            	defb	"~|"
3845+ A851 ~            	defb	92 ;	defb	123 ;{
3846+ A851 ~            	defb	125 ;}
3847+ A851 ~            	defb	#1D
3848+ A851 ~            	defb	":`?/"
3849+ A851 ~            */
3850+ A851
3851+ A851              ;------------------------------
3852+ A851              ; ATA IDENTIFY DEVICE pro jedinou podporovanou CF kartu MASTER.
3853+ A851              ; Vstup: IX=512B buffer. Vystup: Z=OK, NZ=kod chyby.
3854+ A851              IDENTIFY
3855+ A851 CD B3 A8     	call	TST_BSY
3856+ A854 C0           	ret	nz
3857+ A855 3E E0        	ld	a,#E0			;MASTER + LBA mode
3858+ A857 D3 DB        	out	(P_HEA),a
3859+ A859 AF           	xor	a
3860+ A85A D3 CB        	out	(P_HSE),a
3861+ A85C D3 AF        	out	(P_NSE),a
3862+ A85E D3 D3        	out	(P_CYL),a
3863+ A860 D3 B7        	out	(P_CYH),a
3864+ A862 3E EC        	ld	a,#EC			;ATA IDENTIFY DEVICE
3865+ A864 D3 BF        	out	(P_COM),a
3866+ A866 CD CD A8     	call	TST_DR
3867+ A869 C0           	ret	nz
3868+ A86A CD E7 A8     	call	RD_512
3869+ A86D CD B3 A8     	call	TST_BSY
3870+ A870 C0           	ret	nz
3871+ A871 CB 47        	bit	0,a
3872+ A873 20 38        	jr	nz,ATA_GUI_STATUS_ERROR
3873+ A875 AF           	xor	a
3874+ A876 C9           	ret
3875+ A877
3876+ A877              ; Fyzicke cteni jednoho 512B ATA sektoru.
3877+ A877              ; Vstup: HL=horni 16 bitu LBA, DE=dolni 16 bitu LBA, IX=buffer.
3878+ A877              ATA_READ
3879+ A877 CD B3 A8     	call	TST_BSY
3880+ A87A C0           	ret	nz
3881+ A87B 7C           	ld	a,h
3882+ A87C E6 F0        	and	#F0
3883+ A87E 20 29        	jr	nz,ATA_GUI_LBA_RANGE
3884+ A880 7C           	ld	a,h
3885+ A881 E6 0F        	and	#0F
3886+ A883 F6 E0        	or	#E0			;MASTER + LBA mode + LBA 27..24
3887+ A885 D3 DB        	out	(P_HEA),a
3888+ A887 3E 01        	ld	a,1
3889+ A889 D3 CB        	out	(P_HSE),a
3890+ A88B 7B           	ld	a,e
3891+ A88C D3 AF        	out	(P_NSE),a		;LBA 7..0
3892+ A88E 7A           	ld	a,d
3893+ A88F D3 D3        	out	(P_CYL),a		;LBA 15..8
3894+ A891 7D           	ld	a,l
3895+ A892 D3 B7        	out	(P_CYH),a		;LBA 23..16
3896+ A894 3E 20        	ld	a,#20			;ATA READ SECTORS
3897+ A896 D3 BF        	out	(P_COM),a
3898+ A898 CD CD A8     	call	TST_DR
3899+ A89B C0           	ret	nz
3900+ A89C CD E7 A8     	call	RD_512
3901+ A89F CD B3 A8     	call	TST_BSY
3902+ A8A2 C0           	ret	nz
3903+ A8A3 CB 47        	bit	0,a
3904+ A8A5 20 06        	jr	nz,ATA_GUI_STATUS_ERROR
3905+ A8A7 AF           	xor	a
3906+ A8A8 C9           	ret
3907+ A8A9
3908+ A8A9              ATA_GUI_LBA_RANGE
3909+ A8A9 3E 10        	ld	a,%00010000
3910+ A8AB B7           	or	a
3911+ A8AC C9           	ret
3912+ A8AD
3913+ A8AD              ATA_GUI_STATUS_ERROR
3914+ A8AD DB A7        	in	a,(P_ERR)
3915+ A8AF B7           	or	a
3916+ A8B0 C0           	ret	nz
3917+ A8B1 3C           	inc	a			;ERR byl nastaven, nevracej falesne Z
3918+ A8B2 C9           	ret
3919+ A8B3
3920+ A8B3              ; Ceka na konec BSY. #FF znamena, ze zarizeni/port neodpovida.
3921+ A8B3              TST_BSY
3922+ A8B3 E5           	push	hl
3923+ A8B4 21 00 00     	ld	hl,0
3924+ A8B7              .ata_bsy_loop
3925+ A8B7 2B           	dec	hl
3926+ A8B8 7D           	ld	a,l
3927+ A8B9 B4           	or	h
3928+ A8BA 28 0C        	jr	z,.ata_timeout
3929+ A8BC DB BF        	in	a,(P_COM)
3930+ A8BE FE FF        	cp	#FF
3931+ A8C0 28 F5        	jr	z,.ata_bsy_loop
3932+ A8C2 CB 7F        	bit	7,a
3933+ A8C4 20 F1        	jr	nz,.ata_bsy_loop
3934+ A8C6 E1           	pop	hl
3935+ A8C7 C9           	ret
3936+ A8C8              .ata_timeout
3937+ A8C8 3E FF        	ld	a,#FF
3938+ A8CA B7           	or	a
3939+ A8CB E1           	pop	hl
3940+ A8CC C9           	ret
3941+ A8CD
3942+ A8CD              ; Test BSY, DRDY, DRQ a ERR po ATA prikazu.
3943+ A8CD              TST_DR
3944+ A8CD CD B3 A8     	call	TST_BSY
3945+ A8D0 C0           	ret	nz
3946+ A8D1 CB 77        	bit	6,a
3947+ A8D3 28 0A        	jr	z,.ata_not_ready
3948+ A8D5 CB 5F        	bit	3,a
3949+ A8D7 28 0A        	jr	z,.ata_no_drq
3950+ A8D9 CB 47        	bit	0,a
3951+ A8DB 20 D0        	jr	nz,ATA_GUI_STATUS_ERROR
3952+ A8DD AF           	xor	a
3953+ A8DE C9           	ret
3954+ A8DF              .ata_not_ready
3955+ A8DF 3E 06        	ld	a,6
3956+ A8E1 B7           	or	a
3957+ A8E2 C9           	ret
3958+ A8E3              .ata_no_drq
3959+ A8E3 3E 03        	ld	a,3
3960+ A8E5 B7           	or	a
3961+ A8E6 C9           	ret
3962+ A8E7
3963+ A8E7              ; DMA prenos 512 bajtu z ATA datoveho portu do adresy v IX.
3964+ A8E7              RD_512
3965+ A8E7 DD 22 02 A9  	ld	(DMADR1),ix
3966+ A8EB 21 F8 A8     	ld	hl,RD1S
3967+ A8EE 01 0B 0F     	ld	bc,((RD1END-RD1S)*256)+DMA
3968+ A8F1 ED B3        	otir
3969+ A8F3 06 87        	ld	b,#87			;WR6 enable DMA
3970+ A8F5 ED 41        	out	(c),b
3971+ A8F7 C9           	ret
3972+ A8F8
3973+ A8F8              RD1S
3974+ A8F8 C3           	db	#C3			;WR6 reset
3975+ A8F9 7D           	db	%01111101		;WR0 A->B, transfer
3976+ A8FA C3 00        	dw	P_DAT			;source port
3977+ A8FC FF 01        	dw	511			;block length - 1
3978+ A8FE 6C           	db	%01101100		;WR1 A fixed I/O, variable cycle
3979+ A8FF CD           	db	%11001101		;3T, no early cycle end
3980+ A900 10           	db	%00010000		;WR2 B memory, increment
3981+ A901 AD           	db	%10101101		;WR4 continuous
3982+ A902 00 00        DMADR1	dw	0			;destination
3983+ A904 92           	db	%10010010		;WR5 ready low, stop on end
3984+ A905 CF           	db	#CF			;WR6 load
3985+ A906 B3           	db	#B3			;WR6 force ready
3986+ A907              RD1END
3987+ A907
3988+ A907              ;------------------------------
3989+ A907 ~            /* also not needed for SD cards
3990+ A907 ~            ;IDENTIFY:ix-adresa, a-mas/slv
3991+ A907 ~            IDENTIFY
3992+ A907 ~            	or	%11100000
3993+ A907 ~            	ld	(ACCMODE0+1),a
3994+ A907 ~            	call	TST_BSY
3995+ A907 ~            	ret	nz
3996+ A907 ~
3997+ A907 ~            ACCMODE0
3998+ A907 ~            	ld	a,0
3999+ A907 ~            	out	(P_HEA),a
4000+ A907 ~            	ld	a,#EC
4001+ A907 ~            	out	(P_COM),a
4002+ A907 ~            	call	TST_DR
4003+ A907 ~            	ret	nz
4004+ A907 ~
4005+ A907 ~            	call	RD_512
4006+ A907 ~
4007+ A907 ~            	call	TST_BSY
4008+ A907 ~            ;
4009+ A907 ~            	ret
4010+ A907 ~            */
4011+ A907
4012+ A907              ; Fyzicke cteni LBA sektoru se nyni vola primo pres SD_READ.
4013+ A907              ; Vstup SD_READ: HL = horni 16 bitu LBA, DE = dolni 16 bitu LBA, IX = buffer.
4014+ A907
4015+ A907 ~            /* old IDE (CF card) part, replaced by SD card routines
4016+ A907 ~            	or	%11100000
4017+ A907 ~            ;natvrdo LBA  bit6 urcuje, ze se pouzije LBA pristup
4018+ A907 ~            	ld	(HEA_REG+1),a
4019+ A907 ~            	call	TST_BSY
4020+ A907 ~            	ret	nz
4021+ A907 ~
4022+ A907 ~            HEA_REG	ld	a,%11100000
4023+ A907 ~            	or	b
4024+ A907 ~            ; prictou se nejvyssi ctyri bity LBA
4025+ A907 ~            	out	(P_HEA),a
4026+ A907 ~            ;cislo hlavicky
4027+ A907 ~
4028+ A907 ~            	ld	a,1
4029+ A907 ~            	out	(P_HSE),a
4030+ A907 ~            ;pocet sektoru 1*512B
4031+ A907 ~
4032+ A907 ~            	ld	a,c
4033+ A907 ~            	out	(P_NSE),a
4034+ A907 ~            ;cislo sektoru od 1
4035+ A907 ~
4036+ A907 ~            	ld	a,e
4037+ A907 ~            	out	(P_CYL),a
4038+ A907 ~            	ld	a,d
4039+ A907 ~            	out	(P_CYH),a
4040+ A907 ~            ;cislo cylindru
4041+ A907 ~
4042+ A907 ~            	ld	a,#21
4043+ A907 ~            	out	(P_COM),a
4044+ A907 ~
4045+ A907 ~
4046+ A907 ~            	call	TST_DR
4047+ A907 ~            	ret	nz
4048+ A907 ~
4049+ A907 ~            	call	RD_512
4050+ A907 ~            	call	TST_BSY
4051+ A907 ~            ;	ret	nz
4052+ A907 ~
4053+ A907 ~            	ret
4054+ A907 ~
4055+ A907 ~
4056+ A907 ~            TST_BSY
4057+ A907 ~            	push	hl
4058+ A907 ~            	ld	hl,0
4059+ A907 ~            TST1
4060+ A907 ~            	dec	hl
4061+ A907 ~            	ld	a,l
4062+ A907 ~            	or	h
4063+ A907 ~            	jr	z,TOUT1
4064+ A907 ~            P84	in	a,(P_COM)
4065+ A907 ~            	cp	255
4066+ A907 ~            	jr	z,TST1
4067+ A907 ~            	bit	7,a
4068+ A907 ~            	jr	nz,TST1
4069+ A907 ~            	pop	hl
4070+ A907 ~            	ret
4071+ A907 ~            TOUT1
4072+ A907 ~            	ld	a,255
4073+ A907 ~            	or	a
4074+ A907 ~            	pop	hl
4075+ A907 ~            	ret
4076+ A907 ~            ;------------------------------
4077+ A907 ~            ;test BSY,DRDY,DRQ,ERR statusu
4078+ A907 ~            TST_DR
4079+ A907 ~            	call	TST_BSY
4080+ A907 ~            	ret	nz
4081+ A907 ~            	bit	6,a
4082+ A907 ~            	jr	z,ER6
4083+ A907 ~            	bit	3,a
4084+ A907 ~            	jr	z,ER3
4085+ A907 ~            	bit	0,a
4086+ A907 ~            	jr	nz,ER1
4087+ A907 ~            	ret
4088+ A907 ~            ER6	ld	a,7
4089+ A907 ~            	dec	a
4090+ A907 ~            	ret
4091+ A907 ~            ER3	ld	a,4
4092+ A907 ~            	dec	a
4093+ A907 ~            	ret
4094+ A907 ~            ER1	ld	a,1
4095+ A907 ~            	ret
4096+ A907 ~            ;------------------------------
4097+ A907 ~            RD_512
4098+ A907 ~            	ld	(DMADR1),ix
4099+ A907 ~            	push	hl
4100+ A907 ~            	ld	hl,RD1S
4101+ A907 ~            	ld	bc,RD1L*256+DMA
4102+ A907 ~            RDWR1	otir
4103+ A907 ~            	ld	b,#87			;WR6 enable dma
4104+ A907 ~            	out	(c),b
4105+ A907 ~            	pop	hl
4106+ A907 ~            	ld	bc,512
4107+ A907 ~            	add	hl,bc
4108+ A907 ~            	ret
4109+ A907 ~
4110+ A907 ~
4111+ A907 ~            ;------------------------------
4112+ A907 ~            WR_512					;not use
4113+ A907 ~            	ld	(DMADR2),ix
4114+ A907 ~            	push	hl
4115+ A907 ~            	ld	hl,WR1S
4116+ A907 ~            	ld	bc,WR1L*256+DMA
4117+ A907 ~            	jr	RDWR1
4118+ A907 ~
4119+ A907 ~            ;---<DMA_IN>-------------------
4120+ A907 ~            RD1S
4121+ A907 ~            	defb	195			;WR6 #C3 reset
4122+ A907 ~            	defb	%01111101		;WR0 A->B, transfer
4123+ A907 ~            	defw	P_DAT			;source port
4124+ A907 ~            	defw	511			;lenght
4125+ A907 ~            	defb	%00101100		;WR1 A-port,A-fixed
4126+ A907 ~            	defb	%00010000		;WR2 B-memory, B-increment
4127+ A907 ~            	defb	%10101101		;WR4 continuous,
4128+ A907 ~            DMADR1	defw	0			;destination
4129+ A907 ~            	defb	%10010010		;WR5 ready low,CE/WAIT,stop on end of block
4130+ A907 ~            	defb	#CF			;WR6 load
4131+ A907 ~            	defb	#B3			;WR6 force ready
4132+ A907 ~            RD1L	equ	$-RD1S
4133+ A907 ~            ;---<DMA_OUT>------------------
4134+ A907 ~
4135+ A907 ~            WR1S	defb	195
4136+ A907 ~            	defb	%01111101
4137+ A907 ~            DMADR2	defw	0
4138+ A907 ~            	defw	511
4139+ A907 ~            	defb	%00010100
4140+ A907 ~            	defb	%00101000
4141+ A907 ~            	defb	%10101101
4142+ A907 ~            	defw	P_DAT
4143+ A907 ~            	defb	%10010010
4144+ A907 ~            	defb	#CF
4145+ A907 ~            	defb	#B3
4146+ A907 ~            WR1L	equ	$-WR1S
4147+ A907 ~            */
4148+ A907
4149+ A907              ;------------------------------
4150+ A907              ;prohazuje vyssi a nizsi byte
4151+ A907              ;zkurveny system
4152+ A907              PROHOD
4153+ A907              ;HL adresa
4154+ A907              ;B kolik bytu
4155+ A907              ;MENI: A
4156+ A907 E5           	push	hl
4157+ A908 C5           	push	bc
4158+ A909 CB 08        	rrc	b
4159+ A90B              PROHOD1
4160+ A90B 7E           	ld	a,(hl)
4161+ A90C 23           	inc	hl
4162+ A90D 4E           	ld	c,(hl)
4163+ A90E 2B           	dec	hl
4164+ A90F 71           	ld	(hl),c
4165+ A910 23           	inc	hl
4166+ A911 77           	ld	(hl),a
4167+ A912 23           	inc	hl
4168+ A913 10 F6        	djnz	PROHOD1
4169+ A915 C1           	pop	bc
4170+ A916 E1           	pop	hl
4171+ A917 C9           	ret
4172+ A918
4173+ A918              ;------------------------------
4174+ A918 00 00 00 00  D1LBA	defw	0,0,0
4174+ A91C 00 00
4175+ A91E 00 00 00 00  D2LBA	defw	0,0,0
4175+ A922 00 00
4176+ A924              LEN	equ	$-32768
4177+ A924
4178+ A924 00 00 00 00  FirstDataLBA	dw	0,0		;absolutni LBA zacatku datove oblasti
4179+ A928
4180+ A928              ;pracovni data pro FAT32 root-chain hledani fyzicky prvniho MBD/MBH
4181+ A928 00 00 00 00  FAT32_FirstFATLBA	dw	0,0
4182+ A92C 00 00 00 00  FAT32_CurCluster	dw	0,0
4183+ A930 00 00 00 00  FAT32_DirLBA		dw	0,0
4184+ A934 FF FF FF FF  FAT32_BestCluster	dw	#FFFF,#FFFF
4185+ A938 00           FAT32_SecPerClus	db	0
4186+ A939 00           FAT32_SectorsLeft	db	0
4187+ A93A 00           FAT32_Found		db	0
4188+ A93B 00 00 00...  FAT32_BestEntry		block	32
4189+ A95B
4190+ A95B              ; POZOR: fat_type MUSI zustat bezprostredne pred BUFFER.
4191+ A95B              ; Stavajici kod testuje FAT typ take pres (ix-1), kdyz IX=BUFFER.
4192+ A95B 55           fat_type	db	#55		;bit 0=Z=FAT16, bit 0=NZ=FAT32
4193+ A95C              BUFFER	;equ	25000
4194+ A95C 00 00 00...  	block	512
4195+ AB5C              BUFFER2	;equ	38000
4196+ AB5C 00 00 00...  	block	512
4197+ AD5C              zvukplay
4198+ AD5C 4F           	ld	c,a
4199+ AD5D 3A 4A 80     	ld	a,(@playnoise)
4200+ AD60 B7           	or	a
4201+ AD61 C8           	ret	z
4202+ AD62 79           	ld	a,c
4203+ AD63              ;	ld	a,1
4204+ AD63 32 64 EA     	ld	(zvukcmp+4),a
4205+ AD66 C5           	push	bc
4206+ AD67 CD 60 EA     	call	zvukcmp
4207+ AD6A C1           	pop	bc
4208+ AD6B              zvukloop
4209+ AD6B C5           	push	bc
4210+ AD6C CD A9 EA     	call	zvukcmp+73
4211+ AD6F 01 C4 09     	ld	bc,2500
4212+ AD72              zvukpause
4213+ AD72 0B           	dec	bc
4214+ AD73 78           	ld	a,b
4215+ AD74 B1           	or	c
4216+ AD75 20 FB        	jr	nz,zvukpause
4217+ AD77 C1           	pop	bc
4218+ AD78 10 F1        	djnz	zvukloop
4219+ AD7A C9           	ret
4220+ AD7B
4221+ AD7B              ;------------------------------------------------------------------------------
4222+ AD7B              ; Matematicke rutiny - fyzicka kopie pro GUI (MODULE GUI)
4223+ AD7B              ;------------------------------------------------------------------------------
4224+ AD7B              MUL32x8:
4225+ AD7B              	MATH_MUL32x8
4225+ AD7B DD E5       >        push    ix
4225+ AD7D             >
4225+ AD7D 22 B2 AD    >        ld      (.value),hl
4225+ AD80 ED 53 B4 AD >        ld      (.value+2),de
4225+ AD84             >
4225+ AD84 47          >        ld      b,a
4225+ AD85 DD 2E 08    >        ld      ixl,8
4225+ AD88             >
4225+ AD88 11 00 00    >        ld      de,0
4225+ AD8B 21 00 00    >        ld      hl,0
4225+ AD8E             >
4225+ AD8E             >.loop:
4225+ AD8E 29          >        add     hl,hl
4225+ AD8F CB 13       >        rl      e
4225+ AD91 CB 12       >        rl      d
4225+ AD93             >
4225+ AD93 CB 20       >        sla     b
4225+ AD95 30 14       >        jr      nc,.next
4225+ AD97             >
4225+ AD97 3A B2 AD    >        ld      a,(.value)
4225+ AD9A 85          >        add     a,l
4225+ AD9B 6F          >        ld      l,a
4225+ AD9C             >
4225+ AD9C 3A B3 AD    >        ld      a,(.value+1)
4225+ AD9F 8C          >        adc     a,h
4225+ ADA0 67          >        ld      h,a
4225+ ADA1             >
4225+ ADA1 3A B4 AD    >        ld      a,(.value+2)
4225+ ADA4 8B          >        adc     a,e
4225+ ADA5 5F          >        ld      e,a
4225+ ADA6             >
4225+ ADA6 3A B5 AD    >        ld      a,(.value+3)
4225+ ADA9 8A          >        adc     a,d
4225+ ADAA 57          >        ld      d,a
4225+ ADAB             >
4225+ ADAB             >.next:
4225+ ADAB DD 2D       >        dec     ixl
4225+ ADAD 20 DF       >        jr      nz,.loop
4225+ ADAF             >
4225+ ADAF DD E1       >        pop     ix
4225+ ADB1 C9          >        ret
4225+ ADB2             >
4225+ ADB2             >.value:
4225+ ADB2 00 00 00 00 >        ds      4
4226+ ADB6
4227+ ADB6              ADD32_16:
4228+ ADB6              	MATH_ADD32_16
4228+ ADB6 09          >        add     hl,bc
4228+ ADB7 D0          >        ret     nc
4228+ ADB8             >
4228+ ADB8 13          >        inc     de
4228+ ADB9 C9          >        ret
4229+ ADBA
4230+ ADBA              SUB32_8:
4231+ ADBA              	MATH_SUB32_8
4231+ ADBA 47          >        ld      b,a
4231+ ADBB             >
4231+ ADBB 7D          >        ld      a,l
4231+ ADBC 90          >        sub     b
4231+ ADBD 6F          >        ld      l,a
4231+ ADBE             >
4231+ ADBE 7C          >        ld      a,h
4231+ ADBF DE 00       >        sbc     a,0
4231+ ADC1 67          >        ld      h,a
4231+ ADC2             >
4231+ ADC2 7B          >        ld      a,e
4231+ ADC3 DE 00       >        sbc     a,0
4231+ ADC5 5F          >        ld      e,a
4231+ ADC6             >
4231+ ADC6 7A          >        ld      a,d
4231+ ADC7 DE 00       >        sbc     a,0
4231+ ADC9 57          >        ld      d,a
4231+ ADCA             >
4231+ ADCA C9          >        ret
4232+ ADCB
4233+ ADCB              ADD32_32:
4234+ ADCB              	MATH_ADD32_32
4234+ ADCB D9          >        exx
4234+ ADCC             >
4234+ ADCC D5          >        push    de
4234+ ADCD E5          >        push    hl
4234+ ADCE             >
4234+ ADCE D9          >        exx
4234+ ADCF             >
4234+ ADCF C1          >        pop     bc
4234+ ADD0 09          >        add     hl,bc
4234+ ADD1             >
4234+ ADD1 C1          >        pop     bc
4234+ ADD2             >
4234+ ADD2 EB          >        ex      de,hl
4234+ ADD3 ED 4A       >        adc     hl,bc
4234+ ADD5 EB          >        ex      de,hl
4234+ ADD6 C9          >        ret
4235+ ADD7
4236+ ADD7
4237+ ADD7              	endmodule
4238+ ADD7
# file closed: GUI.a80
1789  ADD7
1790  ADD7
1791  ADD7 00 00 00...  	ALIGN	256
1792  AE00 00 00 00...  VDT		ds	256,0			;VDT tabulka bude 256 bajtu (8 zaznamu po 32 bajtech)
1793  AF00
1794  AF00              endfile
1795  AF00
1796  AF00              patchLEN	equ 	$-START
1797  AF00
1798  AF00              		savesna "EasyCF.sna",START
1799  AF00              ;		savebin "EasyCF.bin",START,patchLEN	;binarky se resi v ramci compile.bat od AI
1800  AF00
# file closed: easyhdd.a80
